{"num_points": 100, "num_frames": 21, "magnitudes_raw": [0.0, 0.020883, 0.026125, 0.063339, 0.310787, 0.188026, 0.229833, 0.300254, 0.034629, 0.070256, 0.046796, 0.457603, 0.014709, 0.016973, 0.021095, 0.026921, 0.018513, 0.077268, 0.090547, 0.083619, 0.015258], "segments": [{"start": 1, "end": 19, "num_frames": 19, "peak": 0.4576034298542257, "avg": 0.1104302858846761}], "threshold": 0.02, "stats": {"min": 0.0, "max": 0.457603, "mean": 0.10064}}