{"num_points": 100, "num_frames": 81, "magnitudes_raw": [0.0, 0.018035, 0.02404, 0.020695, 0.019468, 0.032849, 0.036551, 0.02754, 0.022238, 0.028199, 0.049744, 0.024809, 0.041174, 0.02649, 0.037579, 0.023779, 0.033996, 0.031171, 0.05139, 0.085628, 0.077402, 0.098553, 0.064633, 0.081638, 0.092984, 0.024, 0.025835, 0.037149, 0.050494, 0.064831, 0.081242, 0.063463, 0.05442, 0.033972, 0.034859, 0.05629, 0.035614, 0.031343, 0.021351, 0.036859, 0.063315, 0.044863, 0.067134, 0.055301, 0.031075, 0.025703, 0.027907, 0.045344, 0.081777, 0.041756, 0.024681, 0.027412, 0.027702, 0.035254, 0.077536, 0.10331, 0.158826, 0.06529, 0.044129, 0.045471, 0.046065, 0.048999, 0.075131, 0.078865, 0.086622, 0.062416, 0.04318, 0.07201, 0.045223, 0.029945, 0.032883, 0.018921, 0.018116, 0.023102, 0.029948, 0.023579, 0.015877, 0.02689, 0.029708, 0.043971, 0.022628], "segments": [{"start": 2, "end": 80, "num_frames": 79, "peak": 0.158826243787936, "avg": 0.04622962175508038}], "threshold": 0.02, "stats": {"min": 0.0, "max": 0.158826, "mean": 0.045311}}