{"num_points": 100, "num_frames": 261, "magnitudes_raw": [0.0, 0.002267, 0.002358, 0.00172, 0.003601, 0.00137, 0.004304, 0.000912, 0.004304, 0.016651, 0.003079, 0.011617, 0.005512, 0.003384, 0.007244, 0.024148, 0.031721, 0.029425, 0.01303, 0.012152, 0.004134, 0.005784, 0.007099, 0.00805, 0.005567, 0.003853, 0.006771, 0.008549, 0.015638, 0.015535, 0.00885, 0.031602, 0.002289, 0.026451, 0.028246, 0.013172, 0.009583, 0.006102, 0.006612, 0.01344, 0.008132, 0.007656, 0.011903, 0.01025, 0.002357, 0.002206, 0.001252, 0.001104, 0.001732, 0.001799, 0.002102, 0.00311, 0.001391, 0.001864, 0.001072, 0.002739, 0.001476, 0.003204, 0.001744, 0.002441, 0.001801, 0.002068, 0.002035, 0.004755, 0.002268, 0.000989, 0.00434, 0.0039, 0.004396, 0.004433, 0.008388, 0.005453, 0.015477, 0.044186, 0.036631, 0.029149, 0.058669, 0.152338, 0.031563, 0.01903, 0.005888, 0.008573, 0.008916, 0.017889, 0.024806, 0.12044, 0.105819, 0.056585, 0.033509, 0.042573, 0.037716, 0.0, 0.0, 0.0, 0.0, 0.242357, 0.0389, 0.00718, 0.005135, 0.004283, 0.030121, 0.025076, 0.009223, 0.01295, 0.036411, 0.002508, 0.005124, 0.005264, 0.020426, 0.036626, 0.149513, 0.036053, 0.142905, 0.153562, 0.03817, 0.024799, 0.017242, 0.007908, 0.007803, 0.011432, 0.005858, 0.008255, 0.005923, 0.012303, 0.005668, 0.003687, 0.004775, 0.004444, 0.005, 0.005387, 0.004264, 0.002801, 0.006375, 0.010988, 0.008981, 0.029135, 0.021261, 0.007251, 0.015882, 0.018335, 0.013365, 0.020479, 0.012579, 0.007561, 0.004716, 0.007529, 0.007243, 0.005722, 0.011814, 0.021757, 0.008938, 0.00462, 0.005368, 0.002839, 0.004705, 0.007503, 0.005737, 0.004327, 0.005025, 0.003266, 0.004824, 0.005105, 0.007303, 0.007675, 0.004236, 0.003247, 0.002948, 0.002512, 0.005282, 0.00479, 0.009621, 0.005709, 0.005651, 0.004313, 0.005442, 0.019005, 0.007301, 0.005931, 0.014012, 0.008003, 0.004301, 0.002263, 0.006832, 0.003761, 0.00186, 0.002115, 0.00706, 0.008601, 0.003179, 0.005085, 0.012797, 0.009451, 0.006906, 0.01203, 0.010735, 0.006747, 0.006107, 0.011877, 0.00946, 0.029833, 0.005768, 0.003921, 0.004226, 0.003794, 0.004475, 0.002005, 0.003009, 0.003025, 0.005963, 0.005595, 0.006012, 0.003894, 0.004145, 0.003088, 0.003891, 0.005374, 0.006289, 0.005546, 0.005259, 0.004269, 0.002329, 0.007187, 0.009714, 0.019147, 0.008123, 0.001435, 0.005748, 0.006382, 0.002859, 0.003892, 0.004, 0.004951, 0.002444, 0.003312, 0.006027, 0.004413, 0.005103, 0.005375, 0.002237, 0.001741, 0.009888, 0.00499, 0.00465, 0.005931, 0.002437, 0.002087, 0.002929, 0.001276, 0.00099, 0.001872, 0.001334, 0.001791, 0.003247, 0.001244, 0.001879, 0.002854, 0.000965, 0.001448, 0.003519, 0.006194, 0.00286], "segments": [{"start": 84, "end": 115, "num_frames": 32, "peak": 0.24235717443475854, "avg": 0.0452510773719656}], "threshold": 0.02, "stats": {"min": 0.0, "max": 0.242357, "mean": 0.012824}}