{"num_points": 100, "num_frames": 181, "magnitudes_raw": [0.0, 0.018519, 0.01742, 0.030145, 0.019597, 0.010404, 0.004621, 0.004865, 0.007243, 0.003891, 0.003114, 0.004319, 0.003216, 0.004491, 0.004173, 0.011025, 0.00782, 0.019723, 0.020094, 0.011279, 0.007717, 0.0083, 0.016918, 0.005462, 0.015556, 0.012834, 0.022144, 0.013534, 0.014162, 0.011604, 0.006279, 0.008075, 0.012394, 0.007891, 0.006915, 0.006009, 0.010678, 0.018982, 0.006944, 0.006526, 0.018122, 0.005045, 0.007642, 0.026256, 0.02, 0.085776, 0.029485, 0.009149, 0.008935, 0.004644, 0.020058, 0.009928, 0.012374, 0.015302, 0.036917, 0.010328, 0.027564, 0.009839, 0.013091, 0.00598, 0.008315, 0.009039, 0.016307, 0.02086, 0.022421, 0.016824, 0.019449, 0.020456, 0.013935, 0.035315, 0.009351, 0.010984, 0.014407, 0.008433, 0.020531, 0.015927, 0.019992, 0.020314, 0.016241, 0.013095, 0.012948, 0.013821, 0.016282, 0.016508, 0.006985, 0.010775, 0.014693, 0.01095, 0.017121, 0.017836, 0.01696, 0.014877, 0.016376, 0.015648, 0.021434, 0.019529, 0.019647, 0.019194, 0.020741, 0.037307, 0.063051, 0.219181, 0.196199, 0.164841, 0.062281, 0.026957, 0.019598, 0.012641, 0.007547, 0.032879, 0.036438, 0.019765, 0.013238, 0.022543, 0.017155, 0.010554, 0.021704, 0.033339, 0.019731, 0.013413, 0.013182, 0.007187, 0.00704, 0.006333, 0.003937, 0.004621, 0.00734, 0.007186, 0.007819, 0.004316, 0.004493, 0.00404, 0.005388, 0.005038, 0.004078, 0.004051, 0.004102, 0.0034, 0.004396, 0.004147, 0.005279, 0.004996, 0.004377, 0.003501, 0.005087, 0.004641, 0.003207, 0.002988, 0.002775, 0.003523, 0.004155, 0.002645, 0.003518, 0.004049, 0.002233, 0.002581, 0.003393, 0.004165, 0.005265, 0.006936, 0.007203, 0.003677, 0.00361, 0.002792, 0.003086, 0.003299, 0.003686, 0.003918, 0.003603, 0.004634, 0.007747, 0.003642, 0.003682, 0.006927, 0.005466, 0.006618, 0.003894, 0.003007, 0.005636, 0.005686, 0.006938], "segments": [{"start": 43, "end": 56, "num_frames": 14, "peak": 0.08577584288921074, "avg": 0.02262253027469165}, {"start": 63, "end": 77, "num_frames": 15, "peak": 0.035314947869321336, "avg": 0.01794655783938472}, {"start": 94, "end": 117, "num_frames": 24, "peak": 0.21918066329706676, "avg": 0.04657354660232627}], "threshold": 0.02, "stats": {"min": 0.0, "max": 0.219181, "mean": 0.015339}}