{"num_points": 100, "num_frames": 21, "magnitudes_raw": [0.0, 0.067008, 0.039211, 0.018536, 0.037702, 0.02873, 0.017672, 0.011596, 0.041071, 0.022762, 0.011399, 0.044409, 0.054655, 0.061527, 0.070647, 0.026464, 0.014599, 0.020121, 0.015373, 0.018271, 0.018417], "segments": [{"start": 1, "end": 17, "num_frames": 17, "peak": 0.07064674728777383, "avg": 0.03459472726222957}], "threshold": 0.02, "stats": {"min": 0.0, "max": 0.070647, "mean": 0.030484}}