{"num_points": 100, "num_frames": 141, "magnitudes_raw": [0.0, 0.002345, 0.00423, 0.002005, 0.002674, 0.001787, 0.001428, 0.001994, 0.002552, 0.001635, 0.001857, 0.004151, 0.00458, 0.003524, 0.006385, 0.0055, 0.002222, 0.003529, 0.001661, 0.008021, 0.011283, 0.006196, 0.004802, 0.008468, 0.005392, 0.00859, 0.00756, 0.003873, 0.004929, 0.004442, 0.00487, 0.005792, 0.009641, 0.005657, 0.00826, 0.006367, 0.003822, 0.005246, 0.005362, 0.011748, 0.015708, 0.006664, 0.012467, 0.02826, 0.007939, 0.008628, 0.009225, 0.008415, 0.008596, 0.009678, 0.002211, 0.006034, 0.004656, 0.010915, 0.010621, 0.01034, 0.013256, 0.11298, 0.068506, 0.015451, 0.015879, 0.022264, 0.01349, 0.008027, 0.013848, 0.002576, 0.005759, 0.005616, 0.00207, 0.009615, 0.004101, 0.002955, 0.004393, 0.004274, 0.007709, 0.004683, 0.009673, 0.006689, 0.007251, 0.008319, 0.009144, 0.004418, 0.001995, 0.001799, 0.001544, 0.002174, 0.000878, 0.002873, 0.006303, 0.003822, 0.004781, 0.008459, 0.004158, 0.003102, 0.004936, 0.004556, 0.004539, 0.004275, 0.002748, 0.002274, 0.001905, 0.002941, 0.003311, 0.002825, 0.001549, 0.003011, 0.002336, 0.00212, 0.016287, 0.037758, 0.00856, 0.014633, 0.012466, 0.033617, 0.030465, 0.031098, 0.016042, 0.014992, 0.02381, 0.021663, 0.016668, 0.007914, 0.010293, 0.007827, 0.010198, 0.002786, 0.00319, 0.007728, 0.002955, 0.007177, 0.00563, 0.015949, 0.013791, 0.013617, 0.014286, 0.008816, 0.016914, 0.009317, 0.010107, 0.006067, 0.010435], "segments": [{"start": 109, "end": 119, "num_frames": 11, "peak": 0.037758348580960575, "avg": 0.022282145044546144}], "threshold": 0.02, "stats": {"min": 0.0, "max": 0.11298, "mean": 0.00912}}