{"num_points": 100, "num_frames": 281, "magnitudes_raw": [0.0, 0.003705, 0.002475, 0.003196, 0.003744, 0.008912, 0.008919, 0.009056, 0.013276, 0.008923, 0.00358, 0.013108, 0.004503, 0.006019, 0.002516, 0.003572, 0.002839, 0.00277, 0.002978, 0.002514, 0.004992, 0.001227, 0.003357, 0.003352, 0.003648, 0.006266, 0.004531, 0.002442, 0.003642, 0.002037, 0.002735, 0.003018, 0.002706, 0.003598, 0.002603, 0.003091, 0.003289, 0.006871, 0.104339, 0.01028, 0.007557, 0.031925, 0.024552, 0.0162, 0.01098, 0.014509, 0.021516, 0.0041, 0.005244, 0.00458, 0.005158, 0.003177, 0.025723, 0.013323, 0.011491, 0.017917, 0.018121, 0.002113, 0.002583, 0.006588, 0.026471, 0.022245, 0.007389, 0.012956, 0.007835, 0.003105, 0.003772, 0.005084, 0.009166, 0.005766, 0.003477, 0.00465, 0.004175, 0.003168, 0.021782, 0.005001, 0.0046, 0.014082, 0.014156, 0.006003, 0.009238, 0.021625, 0.006818, 0.002122, 0.006446, 0.007828, 0.016414, 0.007978, 0.009623, 0.014162, 0.008997, 0.010781, 0.015865, 0.006838, 0.002032, 0.004504, 0.002015, 0.002695, 0.002567, 0.025034, 0.09279, 0.031587, 0.00675, 0.008701, 0.008718, 0.004493, 0.003553, 0.004791, 0.002843, 0.007996, 0.005898, 0.006126, 0.004672, 0.00784, 0.004806, 0.002074, 0.002296, 0.001648, 0.002831, 0.01376, 0.008488, 0.015586, 0.004048, 0.004044, 0.002735, 0.004756, 0.004114, 0.002522, 0.002068, 0.001327, 0.00261, 0.002341, 0.004803, 0.012551, 0.008581, 0.011657, 0.004616, 0.001682, 0.002607, 0.003196, 0.001696, 0.003765, 0.030843, 0.018163, 0.014479, 0.012842, 0.006553, 0.004657, 0.003848, 0.004719, 0.00397, 0.00346, 0.004368, 0.003783, 0.004468, 0.002811, 0.005567, 0.003089, 0.003222, 0.004342, 0.006326, 0.006985, 0.005082, 0.004846, 0.002608, 0.003421, 0.003464, 0.002887, 0.00471, 0.003917, 0.002974, 0.005095, 0.008444, 0.007532, 0.003379, 0.00679, 0.004044, 0.002194, 0.003421, 0.003674, 0.004132, 0.004575, 0.004542, 0.006741, 0.003322, 0.00302, 0.003013, 0.000745, 0.001537, 0.001156, 0.002617, 0.002466, 0.00239, 0.002699, 0.003125, 0.00235, 0.004286, 0.001648, 0.002604, 0.003208, 0.005302, 0.003086, 0.004718, 0.004637, 0.00287, 0.003782, 0.003527, 0.00238, 0.003237, 0.001681, 0.006636, 0.004434, 0.003138, 0.002593, 0.002073, 0.005974, 0.003002, 0.00241, 0.002951, 0.002823, 0.003401, 0.002414, 0.001907, 0.001627, 0.004027, 0.001705, 0.002058, 0.002964, 0.002423, 0.003937, 0.002383, 0.002353, 0.003368, 0.002565, 0.002144, 0.004258, 0.001804, 0.002647, 0.003198, 0.002116, 0.003245, 0.003384, 0.002978, 0.003872, 0.00546, 0.003946, 0.002544, 0.002897, 0.002692, 0.001182, 0.002164, 0.001664, 0.003229, 0.001148, 0.001921, 0.001942, 0.003176, 0.003013, 0.003472, 0.002611, 0.002574, 0.001406, 0.002811, 0.001439, 0.002436, 0.002444, 0.002269, 0.001899, 0.001189, 0.002648, 0.001551, 0.001583, 0.003732, 0.001826, 0.001929, 0.003239, 0.004485, 0.002668, 0.00195, 0.001408, 0.000876], "segments": [{"start": 38, "end": 46, "num_frames": 9, "peak": 0.1043388900503884, "avg": 0.026873251001035665}], "threshold": 0.02, "stats": {"min": 0.0, "max": 0.104339, "mean": 0.006224}}