{"num_points": 100, "num_frames": 21, "magnitudes_raw": [0.0, 0.004541, 0.004296, 0.008417, 0.002833, 0.003218, 0.006874, 0.004874, 0.004064, 0.00295, 0.006017, 0.007082, 0.00417, 0.001589, 0.001951, 0.002121, 0.002274, 0.001529, 0.001132, 0.001784, 0.003297], "segments": [], "threshold": 0.02, "stats": {"min": 0.0, "max": 0.008417, "mean": 0.003572}}