{"num_points": 100, "num_frames": 281, "magnitudes_raw": [0.0, 0.002567, 0.005407, 0.00241, 0.004291, 0.003569, 0.007095, 0.003914, 0.00174, 0.001981, 0.001786, 0.002882, 0.005831, 0.0033, 0.001908, 0.002007, 0.003009, 0.002399, 0.003636, 0.002899, 0.002888, 0.002457, 0.003072, 0.005647, 0.004289, 0.004692, 0.003109, 0.004213, 0.004163, 0.004208, 0.00353, 0.004455, 0.004307, 0.003236, 0.00344, 0.004647, 0.00308, 0.004879, 0.004461, 0.005914, 0.008102, 0.004534, 0.004247, 0.003634, 0.003403, 0.002821, 0.003284, 0.002851, 0.002545, 0.002444, 0.002315, 0.003187, 0.00372, 0.00192, 0.002433, 0.002534, 0.002512, 0.003637, 0.002335, 0.002493, 0.004188, 0.003458, 0.002171, 0.002968, 0.003096, 0.003019, 0.002958, 0.003243, 0.001909, 0.002291, 0.002008, 0.002376, 0.003788, 0.00245, 0.004654, 0.004819, 0.0128, 0.006688, 0.004552, 0.004581, 0.005858, 0.005415, 0.002782, 0.004907, 0.003185, 0.003694, 0.005633, 0.005299, 0.006158, 0.005084, 0.006163, 0.003811, 0.005071, 0.003973, 0.006512, 0.004855, 0.006525, 0.004606, 0.00474, 0.005264, 0.005755, 0.009573, 0.009436, 0.012387, 0.023305, 0.023392, 0.020818, 0.015573, 0.015046, 0.014913, 0.009735, 0.004257, 0.003733, 0.004993, 0.005757, 0.00608, 0.007412, 0.001695, 0.004202, 0.008023, 0.004665, 0.002493, 0.001669, 0.002756, 0.002721, 0.002463, 0.001545, 0.002644, 0.002432, 0.00261, 0.001844, 0.003042, 0.003794, 0.003048, 0.001714, 0.002324, 0.00235, 0.002207, 0.002106, 0.003039, 0.003666, 0.003725, 0.003312, 0.001948, 0.003256, 0.002172, 0.002276, 0.002833, 0.005725, 0.006876, 0.00431, 0.012143, 0.020286, 0.01421, 0.01589, 0.010882, 0.018718, 0.02612, 0.03652, 0.021286, 0.012848, 0.011091, 0.004408, 0.004573, 0.004173, 0.00489, 0.006239, 0.003967, 0.003471, 0.007591, 0.004859, 0.002887, 0.003242, 0.002909, 0.002201, 0.00204, 0.001784, 0.003743, 0.00412, 0.007129, 0.003352, 0.002056, 0.003871, 0.002845, 0.002785, 0.005498, 0.004662, 0.0025, 0.003081, 0.003755, 0.002576, 0.003622, 0.003812, 0.003101, 0.003439, 0.003705, 0.004226, 0.00233, 0.004504, 0.004125, 0.003432, 0.00479, 0.003702, 0.003865, 0.003029, 0.003617, 0.003805, 0.003237, 0.003799, 0.002557, 0.002261, 0.002686, 0.00333, 0.002919, 0.005508, 0.004023, 0.003673, 0.00381, 0.003004, 0.004167, 0.003639, 0.002919, 0.005003, 0.003737, 0.004236, 0.002847, 0.002159, 0.002441, 0.003033, 0.003846, 0.003087, 0.00352, 0.004052, 0.003592, 0.003138, 0.002308, 0.002804, 0.003448, 0.002605, 0.002574, 0.005043, 0.001979, 0.002246, 0.002264, 0.002236, 0.001855, 0.003899, 0.007826, 0.022226, 0.026843, 0.027103, 0.020596, 0.015033, 0.008572, 0.006529, 0.004819, 0.005272, 0.002596, 0.001329, 0.002112, 0.002009, 0.002394, 0.00203, 0.002345, 0.00357, 0.002209, 0.00299, 0.002348, 0.002294, 0.002759, 0.002677, 0.003849, 0.002958, 0.001906, 0.002668, 0.002576, 0.003075, 0.004321, 0.003451, 0.011451, 0.01313], "segments": [{"start": 152, "end": 159, "num_frames": 8, "peak": 0.036519694889928615, "avg": 0.02048904772130222}], "threshold": 0.02, "stats": {"min": 0.0, "max": 0.03652, "mean": 0.005022}}