{"num_points": 100, "num_frames": 61, "magnitudes_raw": [0.0, 0.05471, 0.043645, 0.014297, 0.019158, 0.010444, 0.012862, 0.01393, 0.005948, 0.005581, 0.011403, 0.006312, 0.009463, 0.006796, 0.006399, 0.005798, 0.008374, 0.054458, 0.048171, 0.007847, 0.005511, 0.003345, 0.003944, 0.008043, 0.026967, 0.006932, 0.187594, 0.039057, 0.11255, 0.006752, 0.013993, 0.011332, 0.009586, 0.056057, 0.045091, 0.00682, 0.01539, 0.015947, 0.00837, 0.020977, 0.012758, 0.008702, 0.005419, 0.011047, 0.032621, 0.19756, 0.009318, 0.004406, 0.002695, 0.005643, 0.003768, 0.002327, 0.002948, 0.004018, 0.004466, 0.003899, 0.004752, 0.003306, 0.005031, 0.003222, 0.007792], "segments": [{"start": 24, "end": 45, "num_frames": 22, "peak": 0.19756007557332045, "avg": 0.03870560373715676}], "threshold": 0.02, "stats": {"min": 0.0, "max": 0.19756, "mean": 0.021075}}