{"num_points": 54, "num_frames": 81, "magnitudes_raw": [0.0, 0.003968, 0.003416, 0.004188, 0.001309, 0.001908, 0.001606, 0.003222, 0.003514, 0.003798, 0.00506, 0.003867, 0.005417, 0.004799, 0.006237, 0.006064, 0.003028, 0.001163, 0.00169, 0.004055, 0.003563, 0.002807, 0.006837, 0.005715, 0.003951, 0.001109, 0.005745, 0.010124, 0.003146, 0.004801, 0.002708, 0.010105, 0.005547, 0.004689, 0.009509, 0.00288, 0.006011, 0.007635, 0.003264, 0.004822, 0.004446, 0.002346, 0.002335, 0.005481, 0.006891, 0.002943, 0.002617, 0.002215, 0.004486, 0.001669, 0.004526, 0.002166, 0.001952, 0.007644, 0.006878, 0.006325, 0.006781, 0.003035, 0.00309, 0.00482, 0.004661, 0.001817, 0.003105, 0.002529, 0.005333, 0.008641, 0.008207, 0.004299, 0.002801, 0.002298, 0.003464, 0.005201, 0.00322, 0.003806, 0.002706, 0.002957, 0.002634, 0.001295, 0.003769, 0.001859, 0.004405], "segments": [], "threshold": 0.02, "stats": {"min": 0.0, "max": 0.010124, "mean": 0.004135}}