{"num_points": 100, "num_frames": 142, "magnitudes_raw": [0.0, 0.152175, 0.05491, 0.0, 0.0, 0.0, 0.0, 0.0, 0.0, 0.0, 0.0, 0.0, 0.0, 0.0, 0.0, 0.0, 1.681785, 0.059066, 0.031077, 0.014764, 0.011914, 0.017326, 0.01408, 0.019458, 0.009828, 0.005974, 0.015089, 0.012857, 0.005592, 0.014098, 0.012266, 0.005284, 0.01427, 0.019045, 0.006, 0.0, 0.0, 0.0, 0.0, 0.0, 0.0, 0.0, 0.0, 0.0, 0.0, 0.010882, 0.012689, 0.005334, 0.009581, 0.003402, 0.008904, 0.00311, 0.004016, 0.001865, 0.003642, 0.004732, 0.003083, 0.003005, 0.003559, 0.002143, 0.001807, 0.001024, 0.002583, 0.000908, 0.002333, 0.002602, 0.004117, 0.00256, 0.005534, 0.005019, 0.003119, 0.003062, 0.004274, 0.003414, 0.007261, 0.005616, 0.006058, 0.009942, 0.009407, 0.004786, 0.008624, 0.011477, 0.010324, 0.006884, 0.003146, 0.002736, 0.004867, 0.0119, 0.010543, 0.003703, 0.024506, 0.019935, 0.012283, 0.044841, 0.003852, 0.002066, 0.001821, 0.003585, 0.005301, 0.05076, 0.00623, 0.011685, 0.043782, 0.012774, 0.015361, 0.083649, 0.060085, 0.023942, 0.023576, 0.009863, 0.002191, 0.002356, 0.005396, 0.009899, 0.010428, 0.00492, 0.002958, 0.011259, 0.002179, 0.007739, 0.006658, 0.006421, 0.003954, 0.007277, 0.010939, 0.008213, 0.001652, 0.003693, 0.044366, 0.050457, 0.094744, 0.026578, 0.018175, 0.079764, 0.177859, 0.113525, 0.025751, 0.023013, 0.0, 0.0, 0.0, 0.0], "segments": [{"start": 99, "end": 108, "num_frames": 10, "peak": 0.0836485536250951, "avg": 0.0331843636268731}, {"start": 128, "end": 137, "num_frames": 10, "peak": 0.17785948980208066, "avg": 0.06542328935913173}], "threshold": 0.02, "stats": {"min": 0.0, "max": 1.681785, "mean": 0.025625}}