{"num_points": 100, "num_frames": 21, "magnitudes_raw": [0.0, 0.002019, 0.002081, 0.002139, 0.001496, 0.002219, 0.001725, 0.001802, 0.002142, 0.001675, 0.001381, 0.001933, 0.004127, 0.003595, 0.002703, 0.002636, 0.00278, 0.00211, 0.00215, 0.00182, 0.002092], "segments": [], "threshold": 0.02, "stats": {"min": 0.0, "max": 0.004127, "mean": 0.002125}}