{"num_points": 100, "num_frames": 21, "magnitudes_raw": [0.0, 0.004389, 0.003951, 0.003278, 0.003369, 0.0035, 0.002837, 0.003369, 0.003848, 0.002836, 0.002881, 0.002643, 0.008696, 0.031859, 0.036533, 0.007302, 0.003727, 0.004502, 0.00779, 0.014293, 0.037939], "segments": [], "threshold": 0.02, "stats": {"min": 0.0, "max": 0.037939, "mean": 0.009026}}