{"num_points": 100, "num_frames": 181, "magnitudes_raw": [0.0, 0.001787, 0.001385, 0.001306, 0.00122, 0.001046, 0.001288, 0.001068, 0.001213, 0.001307, 0.000738, 0.000608, 0.001078, 0.00098, 0.001223, 0.001466, 0.002034, 0.000986, 0.001126, 0.000945, 0.001534, 0.000822, 0.001142, 0.001145, 0.001674, 0.001337, 0.001317, 0.000561, 0.000978, 0.000969, 0.001091, 0.003089, 0.002133, 0.001881, 0.002566, 0.006328, 0.006705, 0.012919, 0.004237, 0.001707, 0.004863, 0.008825, 0.001767, 0.002996, 0.008995, 0.010469, 0.00243, 0.002971, 0.002566, 0.001555, 0.001281, 0.001325, 0.001597, 0.000972, 0.001728, 0.000997, 0.00255, 0.001749, 0.004363, 0.007626, 0.023867, 0.008538, 0.003735, 0.011142, 0.006994, 0.019024, 0.027301, 0.00237, 0.013946, 0.004999, 0.003508, 0.006157, 0.005339, 0.002517, 0.00338, 0.001705, 0.017927, 0.004726, 0.006461, 0.009955, 0.004454, 0.001238, 0.001136, 0.000933, 0.000959, 0.00076, 0.001888, 0.001143, 0.002029, 0.001065, 0.001135, 0.001746, 0.002049, 0.001424, 0.001275, 0.001498, 0.001485, 0.001446, 0.001406, 0.001694, 0.001628, 0.000949, 0.000741, 0.001094, 0.001085, 0.000994, 0.000647, 0.001048, 0.000931, 0.001224, 0.001436, 0.001392, 0.002885, 0.001514, 0.001103, 0.001603, 0.001573, 0.001386, 0.002088, 0.002703, 0.002692, 0.002089, 0.001506, 0.00114, 0.000931, 0.000884, 0.001007, 0.000739, 0.001225, 0.000903, 0.00087, 0.000917, 0.00066, 0.000951, 0.00069, 0.000929, 0.001001, 0.000725, 0.000932, 0.000564, 0.000828, 0.000619, 0.000694, 0.000923, 0.001106, 0.000788, 0.000611, 0.000749, 0.001009, 0.000834, 0.000763, 0.000607, 0.001003, 0.00124, 0.001305, 0.000885, 0.000896, 0.001102, 0.001227, 0.001785, 0.001839, 0.000834, 0.00066, 0.000716, 0.001003, 0.000732, 0.00087, 0.000863, 0.00097, 0.000831, 0.000403, 0.000712, 0.000335, 0.000658, 0.001111, 0.000666, 0.000736, 0.000843, 0.000827, 0.000851, 0.000329], "segments": [], "threshold": 0.02, "stats": {"min": 0.0, "max": 0.027301, "mean": 0.002476}}