{"num_points": 100, "num_frames": 41, "magnitudes_raw": [0.0, 0.00316, 0.002549, 0.003971, 0.003085, 0.002261, 0.004777, 0.005778, 0.005058, 0.006486, 0.0059, 0.006157, 0.005732, 0.008104, 0.01224, 0.004938, 0.004506, 0.004743, 0.010199, 0.009124, 0.017206, 0.006371, 0.004863, 0.005757, 0.00231, 0.004034, 0.004095, 0.004848, 0.002848, 0.005768, 0.004838, 0.009501, 0.046538, 0.002364, 0.003547, 0.002942, 0.002847, 0.002571, 0.007519, 0.003119, 0.003784], "segments": [], "threshold": 0.02, "stats": {"min": 0.0, "max": 0.046538, "mean": 0.006255}}