{"num_points": 100, "num_frames": 181, "magnitudes_raw": [0.0, 0.002466, 0.001526, 0.003182, 0.001369, 0.001393, 0.001486, 0.00136, 0.003426, 0.001779, 0.001379, 0.001244, 0.00125, 0.001201, 0.00401, 0.001293, 0.001199, 0.0016, 0.001408, 0.001893, 0.001908, 0.002858, 0.001909, 0.008171, 0.001684, 0.0032, 0.007259, 0.006479, 0.003927, 0.002245, 0.001073, 0.000879, 0.001024, 0.001014, 0.001099, 0.00064, 0.001062, 0.001235, 0.001427, 0.000873, 0.001748, 0.00123, 0.000757, 0.000715, 0.000714, 0.000843, 0.000964, 0.000639, 0.000909, 0.000817, 0.000746, 0.000554, 0.000854, 0.000808, 0.000813, 0.000716, 0.000758, 0.000551, 0.000622, 0.000947, 0.000464, 0.000472, 0.000385, 0.000762, 0.001025, 0.000866, 0.000898, 0.000526, 0.001254, 0.000588, 0.000481, 0.000827, 0.00064, 0.000878, 0.000741, 0.000585, 0.000556, 0.000357, 0.000709, 0.000784, 0.000962, 0.000916, 0.000662, 0.00084, 0.00066, 0.000719, 0.000913, 0.000796, 0.000658, 0.000907, 0.000833, 0.000837, 0.000421, 0.000397, 0.001135, 0.000593, 0.000683, 0.000538, 0.000726, 0.001277, 0.001014, 0.001087, 0.000714, 0.001466, 0.002571, 0.002195, 0.001493, 0.001181, 0.001228, 0.001463, 0.001473, 0.00152, 0.001664, 0.001407, 0.00183, 0.001453, 0.000983, 0.001459, 0.001411, 0.000749, 0.001426, 0.001075, 0.000964, 0.000623, 0.001328, 0.001708, 0.000778, 0.000962, 0.00194, 0.000824, 0.000621, 0.000463, 0.000348, 0.00037, 0.000448, 0.000765, 0.00058, 0.000617, 0.000757, 0.000637, 0.001381, 0.000847, 0.000407, 0.000315, 0.001001, 0.001105, 0.000953, 0.000963, 0.000455, 0.000464, 0.000765, 0.000451, 0.000982, 0.000651, 0.001004, 0.000509, 0.000833, 0.000615, 0.000273, 0.000821, 0.000933, 0.001082, 0.000491, 0.00036, 0.000805, 0.001177, 0.000579, 0.000862, 0.000847, 0.000738, 0.000884, 0.000924, 0.001355, 0.000869, 0.00093, 0.000938, 0.000852, 0.000874, 0.001106, 0.001206, 0.001044], "segments": [], "threshold": 0.02, "stats": {"min": 0.0, "max": 0.008171, "mean": 0.001158}}