{"num_points": 100, "num_frames": 221, "magnitudes_raw": [0.0, 0.063332, 0.068718, 0.060249, 0.041014, 0.029274, 0.017922, 0.052312, 0.0, 0.0, 0.0, 0.0, 0.0, 0.0, 0.0, 0.0, 0.0, 0.0, 0.0, 0.0, 0.0, 0.0, 0.0, 0.0, 0.0, 0.0, 0.0, 0.0, 0.0, 0.026793, 0.027429, 0.033452, 0.0213, 0.015557, 0.013471, 0.007189, 0.004, 0.006427, 0.006547, 0.007009, 0.016117, 0.036862, 0.034125, 0.070671, 0.052315, 0.005063, 0.037762, 0.01185, 0.017843, 0.051372, 0.040328, 0.024689, 0.008521, 0.002758, 0.001957, 0.004206, 0.005682, 0.004497, 0.003496, 0.008458, 0.01729, 0.010555, 0.015592, 0.025103, 0.032944, 0.021757, 0.014011, 0.00624, 0.006316, 0.012735, 0.036254, 0.064824, 0.075808, 0.06387, 0.038138, 0.020175, 0.007556, 0.031947, 0.092749, 0.09726, 0.068649, 0.013987, 0.006518, 0.00189, 0.008305, 0.013519, 0.017078, 0.007185, 0.003442, 0.00448, 0.01203, 0.01902, 0.014793, 0.015427, 0.01253, 0.012498, 0.011513, 0.005839, 0.004373, 0.011379, 0.010144, 0.006629, 0.006431, 0.010318, 0.011393, 0.010988, 0.007256, 0.015258, 0.032195, 0.057134, 0.060611, 0.0335, 0.010084, 0.014131, 0.033012, 0.050726, 0.05489, 0.050065, 0.044576, 0.034704, 0.024612, 0.028975, 0.048025, 0.049531, 0.014189, 0.012827, 0.030964, 0.0069, 0.018146, 0.011733, 0.017418, 0.018182, 0.026176, 0.021583, 0.030464, 0.018526, 0.016113, 0.020205, 0.015467, 0.010916, 0.026298, 0.055781, 0.052646, 0.038821, 0.039537, 0.033368, 0.020458, 0.012758, 0.016748, 0.007749, 0.004894, 0.011638, 0.017369, 0.017619, 0.016331, 0.015707, 0.014022, 0.007034, 0.006079, 0.006056, 0.006621, 0.014767, 0.013971, 0.012096, 0.006469, 0.019239, 0.0072, 0.011398, 0.008388, 0.015236, 0.018004, 0.0162, 0.012561, 0.011919, 0.010294, 0.007182, 0.008111, 0.013789, 0.020643, 0.013941, 0.015149, 0.005725, 0.017933, 0.014556, 0.011801, 0.010073, 0.012, 0.010849, 0.004127, 0.009056, 0.011392, 0.004174, 0.010416, 0.00522, 0.007632, 0.018396, 0.024283, 0.029977, 0.029693, 0.026079, 0.025284, 0.019773, 0.018696, 0.008056, 0.010436, 0.007065, 0.006935, 0.007152, 0.007446, 0.004496, 0.004393, 0.006737, 0.006326, 0.013403, 0.006881, 0.014279, 0.011307, 0.00797, 0.008763, 0.005332, 0.017491], "segments": [{"start": 41, "end": 51, "num_frames": 11, "peak": 0.07067069222322207, "avg": 0.034807346881731364}, {"start": 63, "end": 80, "num_frames": 18, "peak": 0.09725959178195943, "avg": 0.039796468250754766}, {"start": 108, "end": 126, "num_frames": 19, "peak": 0.06061099514733588, "avg": 0.0360395965778647}, {"start": 132, "end": 146, "num_frames": 15, "peak": 0.055781003844572435, "avg": 0.028423841097122225}], "threshold": 0.02, "stats": {"min": 0.0, "max": 0.09726, "mean": 0.018357}}