{"num_points": 100, "num_frames": 61, "magnitudes_raw": [0.0, 0.000937, 0.001682, 0.003046, 0.002003, 0.001496, 0.001432, 0.001688, 0.001547, 0.001873, 0.002219, 0.002105, 0.001653, 0.001491, 0.001925, 0.002383, 0.001945, 0.002054, 0.001643, 0.002522, 0.00374, 0.005954, 0.00564, 0.00395, 0.003383, 0.004846, 0.002757, 0.00455, 0.00395, 0.004622, 0.00293, 0.0035, 0.002815, 0.004164, 0.004869, 0.014977, 0.013889, 0.007856, 0.005483, 0.014164, 0.043262, 0.051055, 0.054237, 0.0, 0.0, 0.0, 0.0, 0.0, 0.0, 0.0, 0.0, 0.0, 0.0, 0.0, 0.0, 0.013855, 0.009929, 0.007358, 0.005205, 0.007437, 0.007539], "segments": [], "threshold": 0.02, "stats": {"min": 0.0, "max": 0.054237, "mean": 0.005796}}