{"num_points": 100, "num_frames": 21, "magnitudes_raw": [0.0, 0.088113, 0.060955, 0.018657, 0.074252, 0.022302, 0.025012, 0.023943, 0.022202, 0.038905, 0.054844, 0.266674, 0.36326, 0.394108, 0.042072, 0.037634, 0.046681, 0.056478, 0.021617, 0.024865, 0.015075], "segments": [{"start": 1, "end": 19, "num_frames": 19, "peak": 0.39410757285564924, "avg": 0.08855649469676789}], "threshold": 0.02, "stats": {"min": 0.0, "max": 0.394108, "mean": 0.08084}}