{"num_points": 100, "num_frames": 181, "magnitudes_raw": [0.0, 0.008866, 0.003945, 0.003488, 0.005181, 0.003961, 0.003005, 0.003135, 0.002334, 0.003003, 0.00588, 0.003173, 0.003439, 0.004874, 0.0063, 0.007811, 0.003641, 0.005405, 0.006708, 0.005297, 0.011924, 0.006219, 0.003948, 0.005356, 0.003817, 0.003277, 0.002585, 0.006241, 0.006362, 0.005415, 0.003959, 0.003039, 0.002833, 0.008587, 0.002871, 0.002803, 0.004314, 0.00409, 0.008475, 0.006799, 0.006449, 0.012404, 0.012234, 0.0, 0.0, 0.0, 0.0, 0.0, 0.024641, 0.009217, 0.006127, 0.004301, 0.005616, 0.003661, 0.00282, 0.003686, 0.003668, 0.003981, 0.005772, 0.004624, 0.004957, 0.005442, 0.00647, 0.005312, 0.007224, 0.0076, 0.020827, 0.0, 0.0, 0.0, 0.012741, 0.009727, 0.011293, 0.006535, 0.003502, 0.003632, 0.004238, 0.004483, 0.003042, 0.003445, 0.005049, 0.005916, 0.002899, 0.003563, 0.004598, 0.002104, 0.003552, 0.004475, 0.002692, 0.004761, 0.003726, 0.002985, 0.003067, 0.004933, 0.003569, 0.003774, 0.004243, 0.003764, 0.008589, 0.02263, 0.0, 0.0, 0.012645, 0.021814, 0.00447, 0.003277, 0.002916, 0.00374, 0.006349, 0.007196, 0.003982, 0.003089, 0.004704, 0.003798, 0.003764, 0.002844, 0.004021, 0.003924, 0.003202, 0.002505, 0.002998, 0.004275, 0.004229, 0.002792, 0.004013, 0.003865, 0.004033, 0.002449, 0.003166, 0.002207, 0.002226, 0.003004, 0.00314, 0.002237, 0.003044, 0.004104, 0.003712, 0.004421, 0.003972, 0.002806, 0.003153, 0.002928, 0.003369, 0.002691, 0.004672, 0.004517, 0.004301, 0.002868, 0.002669, 0.005133, 0.004884, 0.00229, 0.003365, 0.006138, 0.003465, 0.003323, 0.005387, 0.002405, 0.003513, 0.003427, 0.004486, 0.004807, 0.003083, 0.004929, 0.006256, 0.003598, 0.0054, 0.00611, 0.004592, 0.003866, 0.003807, 0.003743, 0.005422, 0.004359, 0.005352, 0.003375, 0.00332, 0.003177, 0.00426, 0.003798, 0.005442], "segments": [], "threshold": 0.02, "stats": {"min": 0.0, "max": 0.024641, "mean": 0.004727}}