{"num_points": 100, "num_frames": 101, "magnitudes_raw": [0.0, 0.001104, 0.001335, 0.000683, 0.000888, 0.001384, 0.000933, 0.001191, 0.000931, 0.000984, 0.001134, 0.00258, 0.001274, 0.001388, 0.001286, 0.005462, 0.00305, 0.002407, 0.002455, 0.002187, 0.002138, 0.003523, 0.003371, 0.001434, 0.001508, 0.002138, 0.003394, 0.002032, 0.002279, 0.011501, 0.011193, 0.008613, 0.017457, 0.004866, 0.001705, 0.004677, 0.001481, 0.001268, 0.001684, 0.001158, 0.00126, 0.004011, 0.003905, 0.001412, 0.001102, 0.00109, 0.001764, 0.002957, 0.005362, 0.002711, 0.00492, 0.004478, 0.000834, 0.003458, 0.002093, 0.001618, 0.001455, 0.00202, 0.002791, 0.002612, 0.000745, 0.001486, 0.001927, 0.001708, 0.003325, 0.003277, 0.003739, 0.011289, 0.007806, 0.004691, 0.005481, 0.004765, 0.006185, 0.003927, 0.004342, 0.001831, 0.006141, 0.014879, 0.120845, 0.099146, 0.040075, 0.021321, 0.016997, 0.007315, 0.005898, 0.004872, 0.002968, 0.00343, 0.002786, 0.003288, 0.004378, 0.003663, 0.002563, 0.003015, 0.0042, 0.008859, 0.006567, 0.002336, 0.00115, 0.002885, 0.002268], "segments": [], "threshold": 0.02, "stats": {"min": 0.0, "max": 0.120845, "mean": 0.006241}}