{"num_points": 100, "num_frames": 281, "magnitudes_raw": [0.0, 0.001526, 0.003151, 0.001375, 0.007373, 0.037118, 0.039101, 0.042257, 0.029, 0.009474, 0.015308, 0.038906, 0.037538, 0.021861, 0.012013, 0.00766, 0.003687, 0.001804, 0.003981, 0.005125, 0.00185, 0.002942, 0.003948, 0.00305, 0.001223, 0.006565, 0.001832, 0.00178, 0.001949, 0.005801, 0.008627, 0.003575, 0.002982, 0.009894, 0.016241, 0.010425, 0.010196, 0.015928, 0.016788, 0.015177, 0.016086, 0.009452, 0.010705, 0.006118, 0.00144, 0.005166, 0.006821, 0.003071, 0.003296, 0.003118, 0.002397, 0.002287, 0.002459, 0.002367, 0.001965, 0.009375, 0.007129, 0.027018, 0.056461, 0.04615, 0.046489, 0.03893, 0.027682, 0.017579, 0.007842, 0.009498, 0.010563, 0.012091, 0.009431, 0.009678, 0.006223, 0.005115, 0.003831, 0.003829, 0.005985, 0.00403, 0.003607, 0.011181, 0.006222, 0.0144, 0.010457, 0.017173, 0.011116, 0.008289, 0.005895, 0.012036, 0.011946, 0.009485, 0.010687, 0.007433, 0.013766, 0.010482, 0.014732, 0.015177, 0.020354, 0.026298, 0.023356, 0.020168, 0.025414, 0.013198, 0.020081, 0.026324, 0.024502, 0.02094, 0.043164, 0.026412, 0.043576, 0.049149, 0.047212, 0.041277, 0.030686, 0.019533, 0.010797, 0.003101, 0.003097, 0.004019, 0.003277, 0.003943, 0.007113, 0.008401, 0.004595, 0.005792, 0.007304, 0.007549, 0.007296, 0.011488, 0.009177, 0.013215, 0.016222, 0.016819, 0.022289, 0.026336, 0.027627, 0.025606, 0.032989, 0.028625, 0.01754, 0.035512, 0.044427, 0.0447, 0.051166, 0.035809, 0.019981, 0.006091, 0.004102, 0.003964, 0.004572, 0.005752, 0.009605, 0.021775, 0.041715, 0.031174, 0.028611, 0.016975, 0.043407, 0.038652, 0.020956, 0.009867, 0.007198, 0.006885, 0.005193, 0.001864, 0.003079, 0.003242, 0.003205, 0.003971, 0.007172, 0.01268, 0.01355, 0.024565, 0.013282, 0.005256, 0.003529, 0.002161, 0.003347, 0.003583, 0.008932, 0.004886, 0.003831, 0.007242, 0.00211, 0.012074, 0.015676, 0.019065, 0.012524, 0.016807, 0.025474, 0.018274, 0.018741, 0.015054, 0.01582, 0.018116, 0.022618, 0.026562, 0.021278, 0.017405, 0.01146, 0.011256, 0.011635, 0.004782, 0.003804, 0.002855, 0.002948, 0.005447, 0.018101, 0.054679, 0.059063, 0.073015, 0.062695, 0.04183, 0.018435, 0.006093, 0.005294, 0.006339, 0.00739, 0.008175, 0.00429, 0.009387, 0.020139, 0.022448, 0.02589, 0.027676, 0.026376, 0.02854, 0.032392, 0.031049, 0.027792, 0.015109, 0.008014, 0.00363, 0.008358, 0.016915, 0.057621, 0.042441, 0.062533, 0.069601, 0.050688, 0.03012, 0.008727, 0.008806, 0.016612, 0.011919, 0.013607, 0.008969, 0.013994, 0.007148, 0.002706, 0.004262, 0.004505, 0.003178, 0.002836, 0.00249, 0.003713, 0.00857, 0.010144, 0.016778, 0.010826, 0.070518, 0.017388, 0.006393, 0.005378, 0.019983, 0.003685, 0.003776, 0.008943, 0.007965, 0.005764, 0.004129, 0.003409, 0.004024, 0.003253, 0.002453, 0.007027, 0.003186, 0.002818, 0.005377, 0.010172, 0.011087, 0.020814, 0.015578, 0.008016], "segments": [{"start": 5, "end": 13, "num_frames": 9, "peak": 0.04225686077361638, "avg": 0.030062665173809115}, {"start": 94, "end": 110, "num_frames": 17, "peak": 0.04914939905559412, "avg": 0.02953593786718216}, {"start": 130, "end": 141, "num_frames": 12, "peak": 0.051165840299079335, "avg": 0.032718905270651306}, {"start": 149, "end": 156, "num_frames": 8, "peak": 0.04340701911192094, "avg": 0.03040806513113779}, {"start": 218, "end": 226, "num_frames": 9, "peak": 0.03239193118509801, "avg": 0.02692241714038991}], "threshold": 0.02, "stats": {"min": 0.0, "max": 0.073015, "mean": 0.01542}}