{"num_points": 100, "num_frames": 101, "magnitudes_raw": [0.0, 0.03348, 0.032421, 0.015713, 0.153809, 0.130065, 0.159805, 0.019062, 0.03679, 0.013845, 0.203366, 0.016667, 0.034966, 0.01544, 0.017541, 0.010599, 0.017173, 0.021105, 0.004168, 0.004855, 0.007538, 0.005379, 0.007384, 0.00479, 0.008659, 0.005569, 0.009166, 0.013314, 0.027006, 0.021637, 0.020676, 0.018754, 0.016809, 0.219723, 0.181446, 0.185714, 0.093568, 0.130646, 0.051273, 0.020034, 0.011199, 0.067579, 0.018371, 0.063461, 0.017796, 0.034156, 0.006397, 0.177647, 0.023578, 0.02675, 0.044411, 0.021227, 0.026138, 0.010687, 0.012433, 0.041197, 0.032134, 0.024648, 0.042242, 0.142842, 0.388022, 0.018215, 0.012288, 0.045613, 0.037168, 0.067658, 0.020011, 0.016341, 0.050895, 0.013711, 0.013994, 0.00964, 0.016223, 0.01795, 0.021562, 0.078477, 0.022488, 0.015973, 0.012542, 0.020686, 0.011861, 0.006106, 0.022339, 0.013812, 0.031917, 0.041692, 0.035409, 0.029865, 0.036839, 0.024859, 0.112112, 0.382399, 0.363341, 0.030371, 0.065982, 0.047929, 0.038291, 0.08176, 0.022377, 0.0312, 0.028505], "segments": [{"start": 1, "end": 17, "num_frames": 17, "peak": 0.2033662581530656, "avg": 0.05481464366512422}, {"start": 28, "end": 68, "num_frames": 41, "peak": 0.3880224742392763, "avg": 0.06069244374589579}, {"start": 74, "end": 100, "num_frames": 27, "peak": 0.3823990828922363, "avg": 0.06039607903522382}], "threshold": 0.02, "stats": {"min": 0.0, "max": 0.388022, "mean": 0.051419}}