{"num_points": 100, "num_frames": 121, "magnitudes_raw": [0.0, 0.00112, 0.001294, 0.000942, 0.00106, 0.001153, 0.001944, 0.002134, 0.001374, 0.001853, 0.001192, 0.001868, 0.001207, 0.002303, 0.001182, 0.001832, 0.001734, 0.001473, 0.000749, 0.001435, 0.001456, 0.001574, 0.001182, 0.001617, 0.00114, 0.000729, 0.00082, 0.001056, 0.001314, 0.001786, 0.001844, 0.001243, 0.0016, 0.001834, 0.001579, 0.002169, 0.001156, 0.001713, 0.001673, 0.001686, 0.001699, 0.002239, 0.003032, 0.002364, 0.001259, 0.001253, 0.001482, 0.002427, 0.001882, 0.002347, 0.001437, 0.001276, 0.001249, 0.001088, 0.001516, 0.001404, 0.001004, 0.001259, 0.001764, 0.00155, 0.001548, 0.00151, 0.001228, 0.00153, 0.002348, 0.001219, 0.00167, 0.000612, 0.001006, 0.001046, 0.001428, 0.000983, 0.000488, 0.000873, 0.001646, 0.001824, 0.001361, 0.002541, 0.002174, 0.002113, 0.002031, 0.00195, 0.001593, 0.001017, 0.00126, 0.001588, 0.001481, 0.002078, 0.001391, 0.001348, 0.001799, 0.001399, 0.001693, 0.001316, 0.001949, 0.001698, 0.002237, 0.004556, 0.008133, 0.004374, 0.002111, 0.00677, 0.00684, 0.003322, 0.003215, 0.002444, 0.002671, 0.002666, 0.003721, 0.00915, 0.004746, 0.006051, 0.00827, 0.013917, 0.026607, 0.038664, 0.058744, 0.018071, 0.013237, 0.009872, 0.028648], "segments": [], "threshold": 0.02, "stats": {"min": 0.0, "max": 0.058744, "mean": 0.003589}}