{"num_points": 100, "num_frames": 61, "magnitudes_raw": [0.0, 0.004526, 0.007583, 0.004984, 0.013423, 0.010844, 0.010139, 0.002992, 0.05375, 0.10632, 0.120601, 0.015029, 0.00433, 0.009239, 0.004545, 0.003278, 0.004377, 0.00514, 0.005099, 0.00213, 0.002163, 0.001582, 0.001049, 0.002117, 0.002529, 0.002695, 0.003393, 0.006557, 0.010199, 0.014033, 0.011749, 0.030334, 0.021153, 0.007621, 0.087259, 0.0, 0.0, 0.009375, 0.007097, 0.009797, 0.023612, 0.004458, 0.005169, 0.003384, 0.006006, 0.003075, 0.006286, 0.003027, 0.005412, 0.006154, 0.004955, 0.006732, 0.002184, 0.004392, 0.008437, 0.010454, 0.155489, 0.112872, 0.0, 0.0, 0.0], "segments": [], "threshold": 0.02, "stats": {"min": 0.0, "max": 0.155489, "mean": 0.016248}}