{"num_points": 100, "num_frames": 21, "magnitudes_raw": [0.0, 0.009442, 0.022956, 0.021425, 0.019525, 0.010803, 0.014946, 0.004438, 0.010554, 0.006733, 0.006444, 0.004503, 0.00996, 0.011396, 0.009573, 0.008464, 0.011251, 0.014113, 0.018836, 0.018966, 0.008782], "segments": [], "threshold": 0.02, "stats": {"min": 0.0, "max": 0.022956, "mean": 0.011577}}