{"num_points": 100, "num_frames": 41, "magnitudes_raw": [0.0, 0.001027, 0.00159, 0.001519, 0.001331, 0.001326, 0.001725, 0.003098, 0.002914, 0.076614, 0.0, 0.009002, 0.005334, 0.003181, 0.004242, 0.003795, 0.010985, 0.0, 0.0, 0.0, 0.0, 0.0, 0.0, 0.0, 0.0, 0.0, 0.0, 0.0, 0.0, 0.003108, 0.0074, 0.003439, 0.003608, 0.002637, 0.00287, 0.0078, 0.003276, 0.004742, 0.002639, 0.002406, 0.003453], "segments": [], "threshold": 0.02, "stats": {"min": 0.0, "max": 0.076614, "mean": 0.00427}}