{"num_points": 100, "num_frames": 381, "magnitudes_raw": [0.0, 0.001167, 0.001508, 0.001724, 0.001567, 0.00142, 0.001, 0.00125, 0.002536, 0.001211, 0.001295, 0.001099, 0.001303, 0.000987, 0.00078, 0.002252, 0.001195, 0.00124, 0.000586, 0.001144, 0.002216, 0.003127, 0.005844, 0.007711, 0.009384, 0.004529, 0.004576, 0.004601, 0.003789, 0.003104, 0.010175, 0.013822, 0.008721, 0.001515, 0.001422, 0.001069, 0.000369, 0.001987, 0.001491, 0.001535, 0.001943, 0.001205, 0.001161, 0.001545, 0.001084, 0.001873, 0.001242, 0.001413, 0.001514, 0.001227, 0.001258, 0.002011, 0.001819, 0.001578, 0.001817, 0.002138, 0.001129, 0.001838, 0.0016, 0.001718, 0.002671, 0.002155, 0.002774, 0.002782, 0.001819, 0.002479, 0.0018, 0.000692, 0.001373, 0.002079, 0.000961, 0.002005, 0.001265, 0.001292, 0.000932, 0.001867, 0.001629, 0.001355, 0.001986, 0.001479, 0.002641, 0.001669, 0.003117, 0.002156, 0.000764, 0.001673, 0.002479, 0.001892, 0.001847, 0.002686, 0.001687, 0.000986, 0.001017, 0.001914, 0.000787, 0.001626, 0.002989, 0.0005, 0.001148, 0.002196, 0.005338, 0.029073, 0.023669, 0.0045, 0.00412, 0.001604, 0.002687, 0.001622, 0.001525, 0.001855, 0.001784, 0.000868, 0.003543, 0.001494, 0.001397, 0.002029, 0.001208, 0.00236, 0.001584, 0.002158, 0.001681, 0.00181, 0.001359, 0.003148, 0.001641, 0.001311, 0.001394, 0.002318, 0.001839, 0.002311, 0.00177, 0.002342, 0.001391, 0.001164, 0.002421, 0.00141, 0.002014, 0.001943, 0.0022, 0.001967, 0.001889, 0.000831, 0.001538, 0.000975, 0.001346, 0.001959, 0.001506, 0.00143, 0.000977, 0.001526, 0.001376, 0.000679, 0.00152, 0.000516, 0.00122, 0.001653, 0.000892, 0.00126, 0.001323, 0.001061, 0.001063, 0.001102, 0.001898, 0.002147, 0.002589, 0.001827, 0.001851, 0.002252, 0.003059, 0.001854, 0.001862, 0.001192, 0.002084, 0.001762, 0.001691, 0.001998, 0.002486, 0.001381, 0.00122, 0.001845, 0.001245, 0.001342, 0.00167, 0.001037, 0.002875, 0.002527, 0.005093, 0.00374, 0.002023, 0.001527, 0.001714, 0.001696, 0.002489, 0.003259, 0.003479, 0.002014, 0.002296, 0.001325, 0.001503, 0.001225, 0.003539, 0.002255, 0.001998, 0.001875, 0.001397, 0.001444, 0.00106, 0.00197, 0.001567, 0.001142, 0.000901, 0.000832, 0.001191, 0.001062, 0.000781, 0.00335, 0.002293, 0.002402, 0.002023, 0.001517, 0.001562, 0.002703, 0.003074, 0.002622, 0.001785, 0.001777, 0.002064, 0.002072, 0.00154, 0.001862, 0.004674, 0.001574, 0.003436, 0.001772, 0.002636, 0.004751, 0.00901, 0.007003, 0.002506, 0.002665, 0.003527, 0.001986, 0.001274, 0.002038, 0.00291, 0.003399, 0.002824, 0.001907, 0.002443, 0.001561, 0.002604, 0.000991, 0.002381, 0.001442, 0.001674, 0.001424, 0.001749, 0.001926, 0.001309, 0.001376, 0.001548, 0.00342, 0.001729, 0.002388, 0.002362, 0.002211, 0.00273, 0.001178, 0.001349, 0.00272, 0.001821, 0.001411, 0.002285, 0.001709, 0.003319, 0.001999, 0.002233, 0.002104, 0.001251, 0.002702, 0.00471, 0.003234, 0.001668, 0.001665, 0.002404, 0.002325, 0.001285, 0.002512, 0.000969, 0.001437, 0.00217, 0.002324, 0.003131, 0.002215, 0.00261, 0.0012, 0.001731, 0.001522, 0.002197, 0.000494, 0.00258, 0.001093, 0.001919, 0.002123, 0.002588, 0.002598, 0.001856, 0.00249, 0.002564, 0.002197, 0.002032, 0.001414, 0.002327, 0.001892, 0.002145, 0.003251, 0.002802, 0.002108, 0.001543, 0.002723, 0.00162, 0.001366, 0.001956, 0.002126, 0.000869, 0.001884, 0.00228, 0.002619, 0.002923, 0.001618, 0.00113, 0.002156, 0.002339, 0.003345, 0.00101, 0.002545, 0.00102, 0.00141, 0.002866, 0.00237, 0.001513, 0.002073, 0.001408, 0.001556, 0.003014, 0.043164, 0.031066, 0.054785, 0.002832, 0.004667, 0.021507, 0.022329, 0.083525, 0.007848, 0.004183, 0.00183, 0.000699, 0.001539, 0.001138, 0.00178, 0.002453, 0.001413, 0.001477, 0.001449, 0.001435, 0.000655, 0.001195, 0.001117, 0.001127, 0.001685, 0.000953, 0.00273, 0.002468, 0.002959, 0.001825, 0.001638, 0.000918, 0.001948, 0.002235, 0.001889, 0.001677], "segments": [{"start": 345, "end": 352, "num_frames": 8, "peak": 0.08352542031276117, "avg": 0.032984338086028284}], "threshold": 0.02, "stats": {"min": 0.0, "max": 0.083525, "mean": 0.002859}}