{"num_points": 150, "num_frames": 8, "magnitudes_raw": [0.0, 0.024786, 0.008979, 0.010316, 0.01076, 0.028592, 0.045525, 0.060849], "segments": [], "threshold": 0.02, "stats": {"min": 0.0, "max": 0.060849, "mean": 0.023726}}