{"num_points": 150, "num_frames": 9, "magnitudes_raw": [0.0, 0.019171, 0.016833, 0.012064, 0.006599, 0.005304, 0.007414, 0.006931, 0.003762], "segments": [], "threshold": 0.02, "stats": {"min": 0.0, "max": 0.019171, "mean": 0.008675}}