{"num_points": 150, "num_frames": 56, "magnitudes_raw": [0.0, 0.022369, 0.021802, 0.016817, 0.013601, 0.013161, 0.012607, 0.011417, 0.014742, 0.005961, 0.005472, 0.008019, 0.007137, 0.00694, 0.007462, 0.007647, 0.006445, 0.004071, 0.003168, 0.003693, 0.004019, 0.00376, 0.004112, 0.00439, 0.005434, 0.006107, 0.00368, 0.006283, 0.003039, 0.004879, 0.004783, 0.004248, 0.00262, 0.002866, 0.003876, 0.00493, 0.005288, 0.005022, 0.021234, 0.007251, 0.015733, 0.01685, 0.00753, 0.006918, 0.003668, 0.009337, 0.006094, 0.006008, 0.006384, 0.008158, 0.011958, 0.003293, 0.007072, 0.007587, 0.005421, 0.004902], "segments": [], "threshold": 0.02, "stats": {"min": 0.0, "max": 0.022369, "mean": 0.00763}}