{"num_points": 96, "num_frames": 24, "magnitudes_raw": [0.0, 0.167538, 0.201147, 0.183183, 0.157985, 0.187633, 0.132771, 0.0, 0.0, 0.0, 0.0, 0.0, 0.274833, 0.156432, 0.125919, 0.067309, 0.048256, 0.02122, 0.015025, 0.026771, 0.03733, 0.058165, 0.140072, 0.0], "segments": [{"start": 12, "end": 22, "num_frames": 11, "peak": 0.2748326763687316, "avg": 0.08830284115950214}], "threshold": 0.02, "stats": {"min": 0.0, "max": 0.274833, "mean": 0.0834}}