{"num_points": 150, "num_frames": 64, "magnitudes_raw": [0.0, 0.042753, 0.033448, 0.028704, 0.025856, 0.023297, 0.023404, 0.022089, 0.021632, 0.017677, 0.015317, 0.012056, 0.010593, 0.010111, 0.011898, 0.012953, 0.015241, 0.014571, 0.011185, 0.011088, 0.01114, 0.014239, 0.012372, 0.013927, 0.012806, 0.008187, 0.007283, 0.007568, 0.00497, 0.005162, 0.006171, 0.004581, 0.003182, 0.002839, 0.003118, 0.003039, 0.001701, 0.00288, 0.003662, 0.00279, 0.003239, 0.003127, 0.003409, 0.002547, 0.001636, 0.002987, 0.002345, 0.005983, 0.004763, 0.003867, 0.003316, 0.001457, 0.003036, 0.003079, 0.002449, 0.002502, 0.004011, 0.003, 0.003161, 0.002234, 0.008209, 0.003417, 0.003228, 0.003127], "segments": [{"start": 1, "end": 8, "num_frames": 8, "peak": 0.04275266212041308, "avg": 0.02764771354579776}], "threshold": 0.02, "stats": {"min": 0.0, "max": 0.042753, "mean": 0.008994}}