{"num_points": 150, "num_frames": 6, "magnitudes_raw": [0.0, 0.030376, 0.034837, 0.042118, 0.02939, 0.023509], "segments": [], "threshold": 0.02, "stats": {"min": 0.0, "max": 0.042118, "mean": 0.026705}}