{"num_points": 150, "num_frames": 48, "magnitudes_raw": [0.0, 0.010662, 0.021412, 0.041958, 0.031932, 0.023377, 0.053343, 0.060106, 0.022925, 0.026712, 0.026351, 0.020515, 0.011773, 0.009977, 0.01943, 0.025357, 0.017802, 0.016305, 0.010109, 0.019639, 0.032701, 0.031122, 0.027565, 0.037853, 0.039148, 0.008999, 0.009743, 0.016557, 0.004615, 0.017054, 0.011825, 0.015411, 0.01248, 0.026311, 0.011189, 0.011068, 0.004408, 0.015737, 0.032109, 0.032752, 0.024103, 0.02708, 0.022042, 0.020686, 0.005358, 0.033459, 0.017895, 0.022361], "segments": [{"start": 2, "end": 24, "num_frames": 23, "peak": 0.06010568323325076, "avg": 0.027278743944015037}, {"start": 33, "end": 47, "num_frames": 15, "peak": 0.03345933718157382, "avg": 0.020437318487246923}], "threshold": 0.02, "stats": {"min": 0.0, "max": 0.060106, "mean": 0.021694}}