{"num_points": 150, "num_frames": 10, "magnitudes_raw": [0.0, 0.002109, 0.001915, 0.003264, 0.002196, 0.002724, 0.002962, 0.002114, 0.006619, 0.004797], "segments": [], "threshold": 0.02, "stats": {"min": 0.0, "max": 0.006619, "mean": 0.00287}}