{"num_points": 93, "num_frames": 23, "magnitudes_raw": [0.0, 0.003343, 0.002308, 0.002626, 0.002432, 0.002248, 0.001847, 0.004115, 0.005572, 0.002684, 0.003278, 0.00613, 0.007676, 0.00749, 0.006433, 0.007474, 0.002668, 0.002777, 0.002034, 0.00867, 0.014077, 0.007749, 0.003791], "segments": [], "threshold": 0.02, "stats": {"min": 0.0, "max": 0.014077, "mean": 0.004671}}