{"num_points": 150, "num_frames": 23, "magnitudes_raw": [0.0, 0.20601, 0.158564, 0.106313, 0.027449, 0.034224, 0.038292, 0.016411, 0.074664, 0.018591, 0.16348, 0.081251, 0.017181, 0.058075, 0.047372, 0.041217, 0.018116, 0.025639, 0.052875, 0.047625, 0.060775, 0.160883, 0.074212], "segments": [{"start": 1, "end": 22, "num_frames": 22, "peak": 0.20600973257182575, "avg": 0.0695098893666479}], "threshold": 0.02, "stats": {"min": 0.0, "max": 0.20601, "mean": 0.066488}}