{"num_points": 94, "num_frames": 35, "magnitudes_raw": [0.0, 0.008464, 0.006099, 0.006777, 0.01048, 0.019739, 0.012734, 0.011501, 0.008761, 0.015092, 0.021474, 0.012057, 0.017437, 0.013936, 0.013474, 0.021518, 0.011844, 0.008568, 0.02265, 0.0, 0.0, 0.0, 0.0, 0.0, 0.0, 0.0, 0.0, 0.0, 0.0, 0.0, 0.0, 0.0, 0.0, 0.0, 0.0], "segments": [{"start": 10, "end": 18, "num_frames": 9, "peak": 0.02265018385011322, "avg": 0.01588415177798693}], "threshold": 0.02, "stats": {"min": 0.0, "max": 0.02265, "mean": 0.006932}}