{"num_points": 150, "num_frames": 25, "magnitudes_raw": [0.0, 0.005853, 0.005587, 0.008135, 0.01381, 0.01675, 0.010572, 0.006853, 0.013325, 0.007364, 0.00488, 0.004136, 0.00448, 0.00536, 0.005076, 0.004235, 0.004494, 0.005179, 0.00437, 0.00301, 0.004576, 0.003057, 0.004749, 0.008341, 0.009559], "segments": [], "threshold": 0.02, "stats": {"min": 0.0, "max": 0.01675, "mean": 0.00655}}