{"num_points": 150, "num_frames": 5, "magnitudes_raw": [0.0, 0.028595, 0.015938, 0.009182, 0.008877], "segments": [], "threshold": 0.02, "stats": {"min": 0.0, "max": 0.028595, "mean": 0.012519}}