{"num_points": 150, "num_frames": 51, "magnitudes_raw": [0.0, 0.008272, 0.007314, 0.00529, 0.005427, 0.005121, 0.006885, 0.008172, 0.008191, 0.008521, 0.009325, 0.011429, 0.012638, 0.014963, 0.01403, 0.01248, 0.010695, 0.010443, 0.011728, 0.011158, 0.007807, 0.003446, 0.008554, 0.009853, 0.012977, 0.010731, 0.011432, 0.013679, 0.017331, 0.013053, 0.008378, 0.005556, 0.012912, 0.012559, 0.018557, 0.013554, 0.003315, 0.010109, 0.015231, 0.007094, 0.008145, 0.007195, 0.008997, 0.012518, 0.002551, 0.008155, 0.005968, 0.006947, 0.010216, 0.011543, 0.009033], "segments": [], "threshold": 0.02, "stats": {"min": 0.0, "max": 0.018557, "mean": 0.009598}}