{"num_points": 150, "num_frames": 10, "magnitudes_raw": [0.0, 0.021692, 0.032978, 0.044317, 0.031558, 0.046087, 0.024178, 0.012074, 0.011547, 0.006592], "segments": [], "threshold": 0.02, "stats": {"min": 0.0, "max": 0.046087, "mean": 0.023102}}