{"num_points": 150, "num_frames": 12, "magnitudes_raw": [0.0, 0.002701, 0.003063, 0.003101, 0.003486, 0.002318, 0.003361, 0.001948, 0.003846, 0.005636, 0.005789, 0.002909], "segments": [], "threshold": 0.02, "stats": {"min": 0.0, "max": 0.005789, "mean": 0.00318}}