{"num_points": 150, "num_frames": 21, "magnitudes_raw": [0.0, 0.007585, 0.003416, 0.003707, 0.004362, 0.005395, 0.004569, 0.006035, 0.00999, 0.006348, 0.008756, 0.003684, 0.006901, 0.002746, 0.003955, 0.004091, 0.004773, 0.004438, 0.006048, 0.007017, 0.006579], "segments": [], "threshold": 0.02, "stats": {"min": 0.0, "max": 0.00999, "mean": 0.005257}}