{"num_points": 150, "num_frames": 30, "magnitudes_raw": [0.0, 0.012743, 0.014265, 0.011785, 0.010778, 0.005701, 0.011122, 0.006188, 0.007215, 0.02311, 0.004986, 0.006388, 0.003599, 0.002196, 0.003479, 0.00423, 0.004975, 0.002238, 0.004624, 0.002194, 0.002667, 0.004153, 0.002678, 0.002521, 0.002983, 0.003236, 0.002399, 0.003536, 0.011027, 0.015608], "segments": [], "threshold": 0.02, "stats": {"min": 0.0, "max": 0.02311, "mean": 0.006421}}