{"num_points": 150, "num_frames": 8, "magnitudes_raw": [0.0, 0.014183, 0.005128, 0.009145, 0.046225, 0.017902, 0.029159, 0.044426], "segments": [], "threshold": 0.02, "stats": {"min": 0.0, "max": 0.046225, "mean": 0.020771}}