{"num_points": 150, "num_frames": 11, "magnitudes_raw": [0.0, 0.005105, 0.015441, 0.014905, 0.011891, 0.012515, 0.024944, 0.013597, 0.006534, 0.004597, 0.00447], "segments": [], "threshold": 0.02, "stats": {"min": 0.0, "max": 0.024944, "mean": 0.010364}}