{"num_points": 150, "num_frames": 4, "magnitudes_raw": [0.0, 0.004411, 0.003982, 0.004077], "segments": [], "threshold": 0.02, "stats": {"min": 0.0, "max": 0.004411, "mean": 0.003117}}