{"num_points": 150, "num_frames": 3, "magnitudes_raw": [0.0, 0.056955, 0.078827], "segments": [], "threshold": 0.02, "stats": {"min": 0.0, "max": 0.078827, "mean": 0.045261}}