{"num_points": 150, "num_frames": 23, "magnitudes_raw": [0.0, 0.008372, 0.008095, 0.011794, 0.011207, 0.008195, 0.059428, 0.032482, 0.026335, 0.028024, 0.018468, 0.01779, 0.018926, 0.011025, 0.011576, 0.014011, 0.009038, 0.028821, 0.013314, 0.026053, 0.017695, 0.009102, 0.019053], "segments": [], "threshold": 0.02, "stats": {"min": 0.0, "max": 0.059428, "mean": 0.017774}}