{"num_points": 150, "num_frames": 13, "magnitudes_raw": [0.0, 0.029927, 0.024237, 0.010252, 0.008761, 0.011119, 0.015249, 0.009566, 0.010574, 0.007184, 0.005784, 0.014302, 0.023355], "segments": [], "threshold": 0.02, "stats": {"min": 0.0, "max": 0.029927, "mean": 0.013101}}