{"num_points": 150, "num_frames": 34, "magnitudes_raw": [0.0, 0.002964, 0.003265, 0.004058, 0.002788, 0.003028, 0.003487, 0.004517, 0.005118, 0.004256, 0.00637, 0.007463, 0.00446, 0.003299, 0.002973, 0.005418, 0.005168, 0.005888, 0.004109, 0.003665, 0.003368, 0.00437, 0.00348, 0.002887, 0.004019, 0.00306, 0.00362, 0.006084, 0.010162, 0.008239, 0.014997, 0.014157, 0.013463, 0.016251], "segments": [], "threshold": 0.02, "stats": {"min": 0.0, "max": 0.016251, "mean": 0.005602}}