{"num_points": 96, "num_frames": 9, "magnitudes_raw": [0.0, 0.009306, 0.009132, 0.006946, 0.006652, 0.017611, 0.00586, 0.008526, 0.008688], "segments": [], "threshold": 0.02, "stats": {"min": 0.0, "max": 0.017611, "mean": 0.00808}}