{"num_points": 93, "num_frames": 97, "magnitudes_raw": [0.0, 0.004234, 0.005287, 0.007103, 0.055323, 0.015098, 0.07852, 0.017001, 0.010282, 0.007745, 0.008284, 0.007941, 0.006679, 0.035452, 0.007409, 0.077589, 0.084293, 0.067027, 0.088219, 0.124397, 0.082028, 0.11039, 0.022496, 0.020616, 0.0, 0.0, 0.0, 0.0, 0.0, 0.0, 0.0, 0.0, 0.0, 0.0, 0.0, 0.0, 0.0, 0.069516, 0.099567, 0.043399, 0.011531, 0.03196, 0.066483, 0.024774, 0.090947, 0.043322, 0.012536, 0.015603, 0.018276, 0.01814, 0.017416, 0.009644, 0.014648, 0.029742, 0.013574, 0.01649, 0.014249, 0.021757, 0.033086, 0.019599, 0.022639, 0.023225, 0.024817, 0.03108, 0.014086, 0.008097, 0.007975, 0.005972, 0.003212, 0.003995, 0.004344, 0.009756, 0.004107, 0.003645, 0.003803, 0.004144, 0.002971, 0.002388, 0.002991, 0.012369, 0.004252, 0.007152, 0.006387, 0.007241, 0.004472, 0.004792, 0.003, 0.002679, 0.003765, 0.003873, 0.006386, 0.00406, 0.003564, 0.003693, 0.001497, 0.003117, 0.002951], "segments": [{"start": 13, "end": 23, "num_frames": 11, "peak": 0.12439652569976395, "avg": 0.06544677060700171}, {"start": 37, "end": 45, "num_frames": 9, "peak": 0.09956677461769392, "avg": 0.05349982379782141}, {"start": 53, "end": 63, "num_frames": 11, "peak": 0.033086391204174705, "avg": 0.02275082558313223}], "threshold": 0.02, "stats": {"min": 0.0, "max": 0.124397, "mean": 0.020084}}