{"num_points": 93, "num_frames": 102, "magnitudes_raw": [0.0, 0.001734, 0.001991, 0.002601, 0.001593, 0.010427, 0.00466, 0.005729, 0.008879, 0.014133, 0.014429, 0.002988, 0.004643, 0.002836, 0.002858, 0.002561, 0.003809, 0.004965, 0.007276, 0.014854, 0.014311, 0.009328, 0.00586, 0.005875, 0.00468, 0.003821, 0.004471, 0.003706, 0.003825, 0.004868, 0.001966, 0.002764, 0.003517, 0.003543, 0.00303, 0.003694, 0.002047, 0.005465, 0.006303, 0.002893, 0.003055, 0.002991, 0.001374, 0.002022, 0.003458, 0.006149, 0.005067, 0.003451, 0.002757, 0.002755, 0.003095, 0.002455, 0.004488, 0.00355, 0.004197, 0.003885, 0.003473, 0.005078, 0.003011, 0.004569, 0.004504, 0.002396, 0.002298, 0.002898, 0.002689, 0.00185, 0.003719, 0.002221, 0.002493, 0.002484, 0.002526, 0.003182, 0.002464, 0.001942, 0.002224, 0.002181, 0.002918, 0.002181, 0.001971, 0.002284, 0.005077, 0.004546, 0.008495, 0.029784, 0.024662, 0.031186, 0.018929, 0.026825, 0.019663, 0.022119, 0.017008, 0.00532, 0.002999, 0.01153, 0.008896, 0.00587, 0.005031, 0.004017, 0.002655, 0.001926, 0.002479, 0.001635], "segments": [], "threshold": 0.02, "stats": {"min": 0.0, "max": 0.031186, "mean": 0.005803}}