{"num_points": 96, "num_frames": 152, "magnitudes_raw": [0.0, 0.003483, 0.006184, 0.005204, 0.006179, 0.007247, 0.01658, 0.012167, 0.014159, 0.025125, 0.016214, 0.015405, 0.0, 0.0, 0.0, 0.0, 0.0, 0.0, 0.0, 0.013, 0.013624, 0.008124, 0.00627, 0.009693, 0.011775, 0.011125, 0.008752, 0.006614, 0.005989, 0.00459, 0.009765, 0.005658, 0.005665, 0.015079, 0.007427, 0.00984, 0.00928, 0.003901, 0.007121, 0.026045, 0.006338, 0.006695, 0.004479, 0.003577, 0.003775, 0.006674, 0.008371, 0.006696, 0.004625, 0.017859, 0.00652, 0.00855, 0.005946, 0.005018, 0.007652, 0.004646, 0.012852, 0.004907, 0.006441, 0.021406, 0.027163, 0.020032, 0.020704, 0.025197, 0.014982, 0.014172, 0.026886, 0.049131, 0.034554, 0.02527, 0.01781, 0.015888, 0.005445, 0.003343, 0.004394, 0.00388, 0.002619, 0.006094, 0.002402, 0.004079, 0.003229, 0.002559, 0.003575, 0.0025, 0.002306, 0.003397, 0.002761, 0.002257, 0.00247, 0.002703, 0.002767, 0.002633, 0.002684, 0.002288, 0.00227, 0.002176, 0.002444, 0.002787, 0.002417, 0.002636, 0.003306, 0.002508, 0.003478, 0.006807, 0.003821, 0.002049, 0.002734, 0.002696, 0.002434, 0.003907, 0.002379, 0.013077, 0.062864, 0.035013, 0.03756, 0.020926, 0.010216, 0.029449, 0.032979, 0.01916, 0.008522, 0.012154, 0.009933, 0.006867, 0.014997, 0.006708, 0.008001, 0.005456, 0.00806, 0.015268, 0.011059, 0.007869, 0.011928, 0.011024, 0.010894, 0.01003, 0.002135, 0.010703, 0.035171, 0.009959, 0.006709, 0.012084, 0.019859, 0.019761, 0.019383, 0.008868, 0.015291, 0.012227, 0.009788, 0.005229, 0.007345, 0.006146], "segments": [{"start": 59, "end": 69, "num_frames": 11, "peak": 0.04913090541715549, "avg": 0.02540881279542073}], "threshold": 0.02, "stats": {"min": 0.0, "max": 0.062864, "mean": 0.009961}}