{"num_points": 100, "num_frames": 95, "magnitudes_raw": [0.0, 0.001616, 0.00157, 0.001645, 0.002369, 0.002072, 0.002014, 0.001657, 0.001703, 0.002135, 0.001794, 0.00289, 0.001886, 0.002476, 0.003303, 0.004058, 0.007874, 0.009859, 0.028277, 0.037642, 0.036498, 0.035044, 0.04154, 0.042049, 0.02336, 0.020776, 0.015981, 0.010899, 0.007225, 0.006545, 0.006387, 0.005968, 0.003994, 0.003873, 0.005116, 0.003295, 0.004142, 0.00644, 0.005511, 0.00579, 0.005175, 0.003178, 0.005588, 0.005904, 0.003279, 0.006892, 0.008302, 0.004723, 0.003421, 0.006967, 0.00624, 0.006486, 0.006056, 0.005961, 0.006262, 0.006977, 0.008278, 0.012005, 0.003944, 0.007001, 0.004925, 0.006848, 0.009607, 0.009713, 0.006667, 0.003953, 0.002689, 0.006074, 0.011813, 0.056566, 0.033688, 0.01464, 0.015725, 0.0096, 0.010934, 0.012424, 0.003669, 0.006805, 0.005444, 0.006406, 0.00588, 0.002361, 0.003587, 0.005989, 0.002684, 0.003015, 0.002337, 0.003123, 0.003125, 0.003707, 0.00281, 0.004079, 0.004264, 0.002194, 0.004257], "segments": [{"start": 18, "end": 25, "num_frames": 8, "peak": 0.042049157362287155, "avg": 0.03314825750820005}], "threshold": 0.02, "stats": {"min": 0.0, "max": 0.056566, "mean": 0.008648}}