{"num_points": 99, "num_frames": 78, "magnitudes_raw": [0.0, 0.002521, 0.003274, 0.005909, 0.006976, 0.007161, 0.011105, 0.015601, 0.051118, 0.00782, 0.098091, 0.0, 0.0, 0.021411, 0.016793, 0.005685, 0.003443, 0.003206, 0.002084, 0.007717, 0.003863, 0.002381, 0.004338, 0.001879, 0.00162, 0.005785, 0.007343, 0.001429, 0.001783, 0.002335, 0.003092, 0.002236, 0.001733, 0.00169, 0.002256, 0.001756, 0.004041, 0.001821, 0.001597, 0.001516, 0.003668, 0.001865, 0.001679, 0.001567, 0.002858, 0.001853, 0.002418, 0.002096, 0.001853, 0.003785, 0.003307, 0.003427, 0.003142, 0.001442, 0.002158, 0.001627, 0.001774, 0.002455, 0.00487, 0.003052, 0.002076, 0.0023, 0.001426, 0.003126, 0.002857, 0.001813, 0.001698, 0.002115, 0.001989, 0.001997, 0.002724, 0.0131, 0.027821, 0.030311, 0.037152, 0.0, 0.0, 0.01545], "segments": [], "threshold": 0.02, "stats": {"min": 0.0, "max": 0.098091, "mean": 0.006708}}