{"num_points": 97, "num_frames": 71, "magnitudes_raw": [0.0, 0.001883, 0.0022, 0.001701, 0.002579, 0.001938, 0.002013, 0.002464, 0.001916, 0.00221, 0.001861, 0.002199, 0.002038, 0.002602, 0.005031, 0.002165, 0.003945, 0.005962, 0.003834, 0.001996, 0.009681, 0.005654, 0.006962, 0.004257, 0.003458, 0.004043, 0.003145, 0.003251, 0.002187, 0.002929, 0.002474, 0.002487, 0.002463, 0.002704, 0.004203, 0.00247, 0.003104, 0.002509, 0.006292, 0.004139, 0.006543, 0.005735, 0.015743, 0.020205, 0.014821, 0.016443, 0.010396, 0.00421, 0.009026, 0.014601, 0.006946, 0.007142, 0.006761, 0.007711, 0.007849, 0.003726, 0.004561, 0.002873, 0.003812, 0.003173, 0.002532, 0.003175, 0.002406, 0.002637, 0.002226, 0.003657, 0.005229, 0.008123, 0.004049, 0.002865, 0.003969], "segments": [], "threshold": 0.02, "stats": {"min": 0.0, "max": 0.020205, "mean": 0.004818}}