{"num_points": 93, "num_frames": 314, "magnitudes_raw": [0.0, 0.002341, 0.001776, 0.002334, 0.002417, 0.00393, 0.005005, 0.004436, 0.004493, 0.002544, 0.004511, 0.004331, 0.001796, 0.002362, 0.001942, 0.002235, 0.003511, 0.003107, 0.002379, 0.003227, 0.002376, 0.002822, 0.002017, 0.001986, 0.002791, 0.003116, 0.00373, 0.003456, 0.003023, 0.007444, 0.002729, 0.002479, 0.003431, 0.002885, 0.002135, 0.002578, 0.002453, 0.002161, 0.002446, 0.002242, 0.004234, 0.004324, 0.00228, 0.002278, 0.002097, 0.002705, 0.002471, 0.00383, 0.004272, 0.003022, 0.003104, 0.003694, 0.002987, 0.003298, 0.001881, 0.002306, 0.003264, 0.003263, 0.007382, 0.002177, 0.002666, 0.003071, 0.009428, 0.007437, 0.014111, 0.015157, 0.011499, 0.012745, 0.009727, 0.004739, 0.009816, 0.014326, 0.013673, 0.005403, 0.003488, 0.00417, 0.011756, 0.006884, 0.007043, 0.004368, 0.004359, 0.004177, 0.002187, 0.006181, 0.00707, 0.003518, 0.002955, 0.004052, 0.005403, 0.006255, 0.010356, 0.00471, 0.004525, 0.002433, 0.012347, 0.009213, 0.002493, 0.009691, 0.022479, 0.011823, 0.003178, 0.016551, 0.022197, 0.010271, 0.012445, 0.00611, 0.010475, 0.004442, 0.03692, 0.009514, 0.020522, 0.013362, 0.003278, 0.036825, 0.003655, 0.004686, 0.021205, 0.012421, 0.004884, 0.004144, 0.004736, 0.005721, 0.005809, 0.013397, 0.005341, 0.011579, 0.011452, 0.009287, 0.009092, 0.005652, 0.00257, 0.003003, 0.002329, 0.005948, 0.00618, 0.00475, 0.003223, 0.005317, 0.004952, 0.003537, 0.004961, 0.003112, 0.003203, 0.004743, 0.004795, 0.005188, 0.00454, 0.002812, 0.004134, 0.005484, 0.00332, 0.003434, 0.003883, 0.007733, 0.006019, 0.008113, 0.006829, 0.003333, 0.00282, 0.016696, 0.002241, 0.003307, 0.011928, 0.009781, 0.005098, 0.003951, 0.00443, 0.003904, 0.015141, 0.0055, 0.013391, 0.019218, 0.006085, 0.00421, 0.00783, 0.033314, 0.027072, 0.007621, 0.014882, 0.005752, 0.002979, 0.01362, 0.002719, 0.015962, 0.003523, 0.013377, 0.008847, 0.007714, 0.011151, 0.006197, 0.019203, 0.00643, 0.00472, 0.011953, 0.010211, 0.005032, 0.019765, 0.019615, 0.005996, 0.002662, 0.005064, 0.008041, 0.004175, 0.013446, 0.040774, 0.043886, 0.002741, 0.003043, 0.002552, 0.017849, 0.018041, 0.034476, 0.007091, 0.025249, 0.032075, 0.003524, 0.003624, 0.005867, 0.020344, 0.02686, 0.021578, 0.004874, 0.004723, 0.008583, 0.004318, 0.009445, 0.016814, 0.008583, 0.017843, 0.016476, 0.014961, 0.010984, 0.005132, 0.034403, 0.032334, 0.017417, 0.011856, 0.006825, 0.015068, 0.015114, 0.011248, 0.009333, 0.004122, 0.004313, 0.004039, 0.003153, 0.005124, 0.007318, 0.013294, 0.019745, 0.004801, 0.007032, 0.002091, 0.003046, 0.002989, 0.003748, 0.006817, 0.006727, 0.003424, 0.00733, 0.004012, 0.003525, 0.006503, 0.016475, 0.006196, 0.00372, 0.006003, 0.004476, 0.006121, 0.006484, 0.012743, 0.011462, 0.008441, 0.014447, 0.00961, 0.003623, 0.004341, 0.00583, 0.005035, 0.003971, 0.005263, 0.020248, 0.020364, 0.004421, 0.008243, 0.005336, 0.011775, 0.005221, 0.004646, 0.027148, 0.024914, 0.003928, 0.00287, 0.002829, 0.006144, 0.008253, 0.009613, 0.002985, 0.00432, 0.00464, 0.004004, 0.006874, 0.005517, 0.004676, 0.007237, 0.007855, 0.004661, 0.005091, 0.00325, 0.005147, 0.012781, 0.014589, 0.007389, 0.005969], "segments": [{"start": 108, "end": 116, "num_frames": 9, "peak": 0.03691981973972447, "avg": 0.016662922492131423}, {"start": 211, "end": 220, "num_frames": 10, "peak": 0.0344759721091553, "avg": 0.018068592152431492}], "threshold": 0.02, "stats": {"min": 0.0, "max": 0.043886, "mean": 0.008022}}