{"num_points": 91, "num_frames": 55, "magnitudes_raw": [0.0, 0.002066, 0.001853, 0.002207, 0.001852, 0.002069, 0.003686, 0.002155, 0.003299, 0.002056, 0.003102, 0.002434, 0.002234, 0.003786, 0.005951, 0.003327, 0.004193, 0.011313, 0.002099, 0.003825, 0.009665, 0.008385, 0.006419, 0.00344, 0.002703, 0.001857, 0.001837, 0.004001, 0.001854, 0.002136, 0.002427, 0.002782, 0.002804, 0.002258, 0.002195, 0.002101, 0.002, 0.002325, 0.00254, 0.002713, 0.003287, 0.008335, 0.002474, 0.002214, 0.002009, 0.003169, 0.004242, 0.002132, 0.002655, 0.002688, 0.002083, 0.003164, 0.003311, 0.003793, 0.004563], "segments": [], "threshold": 0.02, "stats": {"min": 0.0, "max": 0.011313, "mean": 0.003274}}