{"num_points": 95, "num_frames": 158, "magnitudes_raw": [0.0, 0.003253, 0.001844, 0.003472, 0.00279, 0.003505, 0.002482, 0.003301, 0.007009, 0.0062, 0.004726, 0.006367, 0.005218, 0.004317, 0.003741, 0.006222, 0.005003, 0.005528, 0.007613, 0.007446, 0.006859, 0.006378, 0.007733, 0.003331, 0.004472, 0.003365, 0.005865, 0.006504, 0.008526, 0.017006, 0.009817, 0.003929, 0.003171, 0.005415, 0.003686, 0.003313, 0.00467, 0.004158, 0.003854, 0.010014, 0.007176, 0.005271, 0.006124, 0.008871, 0.008657, 0.007097, 0.003011, 0.006045, 0.004369, 0.005948, 0.005948, 0.010726, 0.026937, 0.018414, 0.025017, 0.019211, 0.035605, 0.016961, 0.01712, 0.015064, 0.039083, 0.040158, 0.044911, 0.057702, 0.023514, 0.028044, 0.039331, 0.060578, 0.079352, 0.071032, 0.067784, 0.064792, 0.08189, 0.055016, 0.022907, 0.019338, 0.011199, 0.009229, 0.014874, 0.011578, 0.015494, 0.022807, 0.036161, 0.036436, 0.029456, 0.032418, 0.032923, 0.076851, 0.179609, 0.043565, 0.016272, 0.018201, 0.015171, 0.012156, 0.013552, 0.01299, 0.019622, 0.012978, 0.007316, 0.013776, 0.007584, 0.006644, 0.007648, 0.005607, 0.016523, 0.00794, 0.005852, 0.005605, 0.004225, 0.010335, 0.010584, 0.046845, 0.2145, 0.079808, 0.061515, 0.06704, 0.023768, 0.011235, 0.017753, 0.012704, 0.008358, 0.006694, 0.009873, 0.012831, 0.011878, 0.013554, 0.010607, 0.010485, 0.014658, 0.019261, 0.025943, 0.017764, 0.014204, 0.015826, 0.022578, 0.018628, 0.022296, 0.062378, 0.07514, 0.121775, 0.075002, 0.033935, 0.026111, 0.022804, 0.016891, 0.009305, 0.009707, 0.013142, 0.007773, 0.01375, 0.017759, 0.031341, 0.074734, 0.279946, 0.0, 0.0, 0.0, 0.0], "segments": [{"start": 52, "end": 74, "num_frames": 23, "peak": 0.08189004809432833, "avg": 0.041322884670750175}, {"start": 81, "end": 89, "num_frames": 9, "peak": 0.17960913785947308, "avg": 0.05446955064933555}, {"start": 130, "end": 143, "num_frames": 14, "peak": 0.12177460403155918, "avg": 0.0395989076612028}], "threshold": 0.02, "stats": {"min": 0.0, "max": 0.279946, "mean": 0.023585}}