{"num_points": 97, "num_frames": 119, "magnitudes_raw": [0.0, 0.002343, 0.002113, 0.004246, 0.005906, 0.002767, 0.002607, 0.003861, 0.002872, 0.008257, 0.011826, 0.015291, 0.025916, 0.012947, 0.006723, 0.008489, 0.113481, 0.086151, 0.057484, 0.03954, 0.030237, 0.010224, 0.007013, 0.011358, 0.006861, 0.010716, 0.005125, 0.011542, 0.005126, 0.007379, 0.011353, 0.006799, 0.005789, 0.006201, 0.003831, 0.007133, 0.005418, 0.006856, 0.006532, 0.00958, 0.003979, 0.004968, 0.004809, 0.006604, 0.0054, 0.011951, 0.010361, 0.017723, 0.009483, 0.011117, 0.006236, 0.011107, 0.010065, 0.0358, 0.068632, 0.028378, 0.019385, 0.012176, 0.020325, 0.021888, 0.017359, 0.011445, 0.012213, 0.054188, 0.034112, 0.016147, 0.01134, 0.006327, 0.013651, 0.009388, 0.00658, 0.011184, 0.008427, 0.006132, 0.003083, 0.003782, 0.005257, 0.009706, 0.006824, 0.004658, 0.00707, 0.006284, 0.00382, 0.004881, 0.003777, 0.005413, 0.004873, 0.006101, 0.010757, 0.006241, 0.005677, 0.00366, 0.003713, 0.003638, 0.006555, 0.005692, 0.005831, 0.005592, 0.004401, 0.008169, 0.012144, 0.006922, 0.003669, 0.00406, 0.00406, 0.003997, 0.003248, 0.002766, 0.003012, 0.002456, 0.002824, 0.004792, 0.007198, 0.012385, 0.009816, 0.008745, 0.004528, 0.003006, 0.003077], "segments": [{"start": 12, "end": 20, "num_frames": 9, "peak": 0.11348130447216948, "avg": 0.042329877468849836}, {"start": 53, "end": 64, "num_frames": 12, "peak": 0.06863181575554432, "avg": 0.027991758979188597}], "threshold": 0.02, "stats": {"min": 0.0, "max": 0.113481, "mean": 0.011554}}