{"num_points": 92, "num_frames": 162, "magnitudes_raw": [0.0, 0.004756, 0.004725, 0.004107, 0.005824, 0.00763, 0.006587, 0.006901, 0.006707, 0.007716, 0.006529, 0.007622, 0.022186, 0.020993, 0.03224, 0.041856, 0.041007, 0.053367, 0.067273, 0.071674, 0.060677, 0.048334, 0.029606, 0.018833, 0.021162, 0.025094, 0.024603, 0.031806, 0.039043, 0.018915, 0.022163, 0.033823, 0.054474, 0.019745, 0.052534, 0.041779, 0.03634, 0.058741, 0.037554, 0.0442, 0.024391, 0.047506, 0.044994, 0.060149, 0.077053, 0.096072, 0.099035, 0.15425, 0.202058, 0.346031, 0.046753, 0.05176, 0.048162, 0.017955, 0.007498, 0.007264, 0.009067, 0.007235, 0.016332, 0.016169, 0.015045, 0.009832, 0.003096, 0.003054, 0.004502, 0.005569, 0.002708, 0.003228, 0.004702, 0.005898, 0.002967, 0.00397, 0.002868, 0.003255, 0.003055, 0.00392, 0.003253, 0.003919, 0.005226, 0.006333, 0.00425, 0.00711, 0.009654, 0.010876, 0.004597, 0.006662, 0.006794, 0.008494, 0.007181, 0.004504, 0.005211, 0.00648, 0.0073, 0.00728, 0.007986, 0.010851, 0.011478, 0.013908, 0.016121, 0.021053, 0.023842, 0.016412, 0.014287, 0.00971, 0.006963, 0.009882, 0.007401, 0.009933, 0.009469, 0.011652, 0.008284, 0.010488, 0.011821, 0.020959, 0.035592, 0.056797, 0.094091, 0.073906, 0.032567, 0.03759, 0.021621, 0.018111, 0.02162, 0.028732, 0.012889, 0.008373, 0.006631, 0.004933, 0.005317, 0.005952, 0.00617, 0.010601, 0.009486, 0.011317, 0.014201, 0.006663, 0.005541, 0.012221, 0.01263, 0.02447, 0.027783, 0.034719, 0.032787, 0.016139, 0.021828, 0.015303, 0.021928, 0.024026, 0.01053, 0.015191, 0.026492, 0.02432, 0.018394, 0.014601, 0.015537, 0.011853, 0.007743, 0.008872, 0.009379, 0.0133, 0.012102, 0.009241], "segments": [{"start": 12, "end": 52, "num_frames": 41, "peak": 0.3460309156096698, "avg": 0.05776193801311265}, {"start": 113, "end": 123, "num_frames": 11, "peak": 0.09409058794189211, "avg": 0.040144085043059136}, {"start": 139, "end": 151, "num_frames": 13, "peak": 0.03471876305023787, "avg": 0.02273205472605707}], "threshold": 0.02, "stats": {"min": 0.0, "max": 0.346031, "mean": 0.024285}}