{"num_points": 93, "num_frames": 215, "magnitudes_raw": [0.0, 0.001935, 0.00169, 0.001881, 0.001911, 0.002854, 0.002088, 0.00225, 0.002836, 0.002038, 0.002721, 0.002975, 0.002552, 0.003298, 0.00221, 0.002554, 0.002152, 0.002465, 0.002236, 0.00177, 0.001836, 0.001871, 0.00182, 0.002153, 0.002393, 0.001905, 0.00193, 0.002022, 0.002389, 0.002062, 0.002836, 0.002545, 0.002266, 0.002561, 0.002779, 0.001912, 0.002035, 0.002311, 0.002384, 0.003158, 0.002436, 0.002306, 0.002457, 0.002558, 0.002642, 0.002655, 0.003263, 0.002622, 0.002345, 0.002428, 0.002307, 0.002522, 0.003044, 0.00538, 0.005749, 0.005162, 0.003688, 0.002637, 0.002587, 0.002609, 0.003281, 0.004381, 0.002492, 0.003446, 0.002999, 0.002541, 0.003971, 0.003534, 0.003715, 0.002808, 0.002414, 0.002818, 0.002264, 0.003042, 0.002657, 0.003182, 0.004897, 0.003837, 0.002658, 0.00252, 0.00341, 0.002673, 0.003058, 0.005392, 0.009648, 0.007358, 0.003712, 0.003467, 0.003401, 0.003461, 0.002641, 0.002726, 0.004043, 0.00344, 0.002913, 0.002589, 0.003748, 0.002558, 0.002444, 0.002979, 0.002111, 0.002107, 0.002315, 0.002206, 0.002136, 0.002159, 0.002561, 0.002536, 0.002731, 0.002459, 0.002426, 0.002481, 0.002795, 0.002378, 0.001887, 0.001886, 0.002158, 0.002871, 0.004557, 0.00629, 0.002736, 0.003062, 0.003851, 0.003616, 0.003624, 0.002725, 0.002971, 0.002368, 0.004115, 0.002339, 0.002932, 0.020361, 0.005442, 0.005641, 0.003817, 0.003455, 0.002542, 0.003088, 0.002974, 0.002474, 0.003367, 0.002743, 0.002891, 0.001912, 0.002767, 0.002676, 0.002387, 0.001628, 0.002949, 0.002806, 0.002844, 0.002858, 0.002913, 0.002384, 0.00372, 0.003231, 0.003374, 0.003023, 0.003942, 0.003294, 0.005302, 0.004962, 0.005397, 0.007549, 0.002879, 0.002247, 0.002638, 0.002114, 0.002042, 0.002537, 0.002341, 0.002184, 0.002929, 0.003037, 0.003344, 0.002493, 0.002649, 0.002448, 0.003911, 0.00299, 0.002693, 0.002668, 0.002958, 0.002242, 0.00244, 0.002462, 0.00177, 0.002709, 0.002884, 0.002696, 0.00182, 0.001996, 0.002224, 0.002436, 0.002281, 0.001799, 0.001575, 0.001808, 0.001489, 0.002541, 0.002526, 0.003456, 0.002301, 0.002122, 0.003154, 0.001825, 0.00178, 0.00196, 0.002823, 0.002579, 0.003359, 0.002616, 0.002577, 0.002729, 0.002622], "segments": [], "threshold": 0.02, "stats": {"min": 0.0, "max": 0.020361, "mean": 0.002953}}