{"num_points": 99, "num_frames": 179, "magnitudes_raw": [0.0, 0.002616, 0.00221, 0.002259, 0.002545, 0.00234, 0.002171, 0.002442, 0.002048, 0.002632, 0.00222, 0.002357, 0.002107, 0.002803, 0.002573, 0.001984, 0.002703, 0.002674, 0.002231, 0.002765, 0.002611, 0.002705, 0.003047, 0.003257, 0.002804, 0.003367, 0.00329, 0.004285, 0.003272, 0.003957, 0.0047, 0.009219, 0.005285, 0.004645, 0.006279, 0.006766, 0.006311, 0.008585, 0.024043, 0.027838, 0.026079, 0.02957, 0.051755, 0.055057, 0.04109, 0.026509, 0.021874, 0.016755, 0.017986, 0.008449, 0.007361, 0.004867, 0.001659, 0.001979, 0.002479, 0.001848, 0.002338, 0.002081, 0.002371, 0.00231, 0.002434, 0.002968, 0.002906, 0.002403, 0.002375, 0.002161, 0.002226, 0.001717, 0.002061, 0.001773, 0.002153, 0.002031, 0.001916, 0.002045, 0.003435, 0.002691, 0.001846, 0.001577, 0.003595, 0.002841, 0.001658, 0.002726, 0.002232, 0.002637, 0.001693, 0.002763, 0.002451, 0.00183, 0.001926, 0.001783, 0.001985, 0.002418, 0.00215, 0.002545, 0.002117, 0.002267, 0.001928, 0.001989, 0.001691, 0.004346, 0.002332, 0.00213, 0.002159, 0.003624, 0.002346, 0.003817, 0.001568, 0.002474, 0.002068, 0.00185, 0.002657, 0.002827, 0.002497, 0.002974, 0.003347, 0.002207, 0.003014, 0.003846, 0.005028, 0.00728, 0.00315, 0.001941, 0.002296, 0.002811, 0.002024, 0.002494, 0.002899, 0.004326, 0.002954, 0.003629, 0.003099, 0.002438, 0.002612, 0.002167, 0.003016, 0.001947, 0.002203, 0.002773, 0.001896, 0.002363, 0.002156, 0.002016, 0.001834, 0.001861, 0.002037, 0.003028, 0.002429, 0.004132, 0.002561, 0.002591, 0.002578, 0.002274, 0.00228, 0.003069, 0.003156, 0.002378, 0.002466, 0.002646, 0.002444, 0.001944, 0.001584, 0.005242, 0.006244, 0.001687, 0.0, 0.0, 0.0, 0.0, 0.003317, 0.002207, 0.0, 0.0, 0.004219, 0.026824, 0.002513, 0.001663, 0.003038, 0.002181, 0.002771], "segments": [{"start": 38, "end": 46, "num_frames": 9, "peak": 0.05505733554921998, "avg": 0.03375730218526061}], "threshold": 0.02, "stats": {"min": 0.0, "max": 0.055057, "mean": 0.00461}}