{"num_points": 96, "num_frames": 152, "magnitudes_raw": [0.0, 0.001384, 0.002661, 0.001823, 0.001964, 0.001635, 0.00185, 0.002969, 0.001809, 0.001474, 0.001723, 0.001919, 0.00224, 0.003622, 0.003534, 0.003689, 0.00287, 0.002244, 0.002729, 0.002961, 0.002514, 0.002853, 0.00223, 0.002287, 0.001989, 0.002096, 0.002459, 0.002085, 0.002423, 0.004489, 0.008724, 0.013166, 0.006679, 0.004515, 0.003741, 0.0037, 0.003524, 0.002909, 0.003378, 0.003138, 0.003044, 0.002286, 0.002404, 0.001942, 0.002492, 0.001951, 0.002742, 0.003048, 0.003791, 0.003064, 0.006218, 0.006083, 0.004148, 0.002947, 0.002714, 0.002687, 0.00316, 0.003108, 0.002874, 0.002141, 0.002646, 0.002348, 0.001952, 0.002603, 0.004487, 0.007797, 0.004878, 0.003956, 0.002913, 0.004077, 0.003869, 0.002372, 0.002271, 0.001886, 0.002631, 0.002249, 0.001663, 0.001977, 0.002302, 0.002629, 0.002636, 0.001767, 0.002098, 0.003055, 0.002448, 0.002367, 0.002739, 0.002878, 0.004391, 0.004352, 0.006136, 0.003137, 0.002519, 0.003886, 0.002306, 0.002561, 0.002173, 0.002273, 0.002928, 0.00254, 0.001917, 0.002342, 0.003362, 0.002114, 0.002458, 0.002564, 0.001991, 0.002026, 0.001865, 0.00174, 0.001708, 0.001664, 0.002455, 0.003225, 0.002237, 0.003506, 0.00607, 0.006458, 0.003662, 0.005349, 0.002795, 0.003117, 0.001829, 0.001844, 0.001738, 0.00227, 0.001706, 0.001642, 0.001593, 0.001782, 0.002186, 0.001979, 0.001785, 0.001893, 0.00268, 0.002338, 0.001947, 0.00138, 0.002559, 0.002242, 0.003181, 0.003275, 0.001773, 0.002552, 0.003544, 0.00453, 0.005768, 0.004807, 0.00291, 0.003868, 0.002762, 0.002302], "segments": [], "threshold": 0.02, "stats": {"min": 0.0, "max": 0.013166, "mean": 0.002953}}