{"num_points": 80, "num_frames": 88, "magnitudes_raw": [0.0, 0.0, 0.0, 0.0, 0.0, 0.0, 0.0, 0.0, 0.0, 0.0, 0.0, 0.0, 0.0, 0.0, 0.0, 0.004123, 0.0, 0.0, 0.0, 0.0, 0.0, 0.0, 0.0, 0.034843, 0.212137, 0.011836, 0.006227, 0.010139, 0.010026, 0.003186, 0.0, 0.0, 0.00995, 0.014571, 0.00409, 0.009097, 0.002126, 0.009404, 0.022318, 0.017748, 0.008775, 0.161465, 0.015645, 0.002568, 0.002762, 0.002637, 0.004825, 0.002912, 0.003058, 0.008099, 0.02161, 0.0, 0.22121, 0.023113, 0.011974, 0.003914, 0.011939, 0.019698, 0.047082, 0.107499, 0.108866, 0.02776, 0.006484, 0.010045, 0.005752, 0.003378, 0.004012, 0.003534, 0.019618, 0.028049, 0.283621, 0.013454, 0.205083, 0.033931, 0.018335, 0.011291, 0.003283, 0.003523, 0.003944, 0.004245, 0.009383, 0.002194, 0.011806, 0.006969, 0.008508, 0.004485, 0.004782, 0.003325], "segments": [{"start": 50, "end": 61, "num_frames": 12, "peak": 0.22121030717396512, "avg": 0.05038878105007502}], "threshold": 0.02, "stats": {"min": 0.0, "max": 0.283621, "mean": 0.02173}}