{"num_points": 150, "num_frames": 65, "magnitudes_raw": [0.0, 0.002437, 0.002087, 0.002204, 0.002774, 0.003957, 0.002381, 0.002759, 0.002983, 0.003257, 0.004938, 0.002893, 0.003923, 0.004001, 0.008899, 0.014988, 0.015097, 0.016376, 0.011398, 0.006627, 0.009603, 0.023773, 0.027912, 0.025367, 0.021726, 0.022763, 0.031984, 0.020764, 0.01338, 0.00708, 0.003768, 0.004296, 0.006336, 0.004614, 0.00431, 0.00406, 0.006173, 0.010793, 0.020505, 0.028098, 0.029815, 0.021166, 0.029167, 0.02128, 0.020525, 0.016872, 0.013429, 0.011639, 0.009373, 0.008487, 0.006069, 0.003797, 0.003232, 0.002673, 0.00246, 0.002722, 0.003444, 0.002301, 0.002471, 0.002365, 0.002268, 0.003719, 0.002547, 0.00277, 0.002464], "segments": [], "threshold": 0.02, "stats": {"min": 0.0, "max": 0.031984, "mean": 0.009821}}