{"num_points": 88, "num_frames": 416, "magnitudes_raw": [0.0, 0.001809, 0.001775, 0.002159, 0.002443, 0.00223, 0.00236, 0.00237, 0.00249, 0.002863, 0.002954, 0.004415, 0.00444, 0.004726, 0.007014, 0.003891, 0.005863, 0.010569, 0.008885, 0.008387, 0.004517, 0.004658, 0.005937, 0.003428, 0.003796, 0.005509, 0.005945, 0.004006, 0.003502, 0.003071, 0.005191, 0.004345, 0.004005, 0.003125, 0.004168, 0.004075, 0.00363, 0.00326, 0.005147, 0.004468, 0.003946, 0.004709, 0.004662, 0.004742, 0.003811, 0.004719, 0.007715, 0.004661, 0.004675, 0.004521, 0.005001, 0.004648, 0.005374, 0.006924, 0.009328, 0.007517, 0.005597, 0.003906, 0.003649, 0.003302, 0.004152, 0.004442, 0.007051, 0.006938, 0.007686, 0.008256, 0.010562, 0.007121, 0.008707, 0.003951, 0.009924, 0.009289, 0.013039, 0.006833, 0.006179, 0.005496, 0.004403, 0.004518, 0.011381, 0.00959, 0.013351, 0.014176, 0.015208, 0.022285, 0.022902, 0.012265, 0.018413, 0.012193, 0.010198, 0.007827, 0.004573, 0.003967, 0.003884, 0.004717, 0.007089, 0.005959, 0.009094, 0.016263, 0.016031, 0.017489, 0.01471, 0.010168, 0.010936, 0.010095, 0.004859, 0.007106, 0.008783, 0.006596, 0.004982, 0.00849, 0.013318, 0.011823, 0.019512, 0.015097, 0.015948, 0.013996, 0.025848, 0.027439, 0.020814, 0.009665, 0.007306, 0.007688, 0.008676, 0.012675, 0.01816, 0.019116, 0.018157, 0.011474, 0.014559, 0.01416, 0.008728, 0.006954, 0.005052, 0.005846, 0.005274, 0.003275, 0.004533, 0.007095, 0.00839, 0.005515, 0.007313, 0.003474, 0.003585, 0.002992, 0.00344, 0.004951, 0.008424, 0.009936, 0.004571, 0.006941, 0.006573, 0.003335, 0.002738, 0.004994, 0.004256, 0.002433, 0.002721, 0.002732, 0.003115, 0.002625, 0.003846, 0.004728, 0.005281, 0.00403, 0.004292, 0.003149, 0.004614, 0.006214, 0.004064, 0.003403, 0.003915, 0.002447, 0.003499, 0.004292, 0.00335, 0.004781, 0.005801, 0.004239, 0.003604, 0.004159, 0.00291, 0.005511, 0.005673, 0.004937, 0.002838, 0.00461, 0.004004, 0.002933, 0.003118, 0.003413, 0.00277, 0.003115, 0.002662, 0.002858, 0.002708, 0.002489, 0.003149, 0.004159, 0.005654, 0.004697, 0.005071, 0.003635, 0.003405, 0.002943, 0.002868, 0.003437, 0.002638, 0.00263, 0.001913, 0.003399, 0.003101, 0.002924, 0.004231, 0.003824, 0.003633, 0.00377, 0.005362, 0.004475, 0.00439, 0.002776, 0.003796, 0.003365, 0.003067, 0.002772, 0.002566, 0.003986, 0.003695, 0.004145, 0.004993, 0.004664, 0.003637, 0.003755, 0.003309, 0.004642, 0.00386, 0.003473, 0.002945, 0.005135, 0.004125, 0.003462, 0.004336, 0.00464, 0.004326, 0.003994, 0.004622, 0.008159, 0.005795, 0.00543, 0.005486, 0.009207, 0.008544, 0.009049, 0.012346, 0.007921, 0.008749, 0.008575, 0.007036, 0.004189, 0.002968, 0.004268, 0.005031, 0.008694, 0.010063, 0.010659, 0.009339, 0.004755, 0.007259, 0.004959, 0.003812, 0.003798, 0.002955, 0.002999, 0.002294, 0.003869, 0.00266, 0.002447, 0.003029, 0.003264, 0.002764, 0.002368, 0.002862, 0.002373, 0.00511, 0.00289, 0.003468, 0.00486, 0.002714, 0.002682, 0.004197, 0.0045, 0.004311, 0.003975, 0.004949, 0.003731, 0.003066, 0.002508, 0.003577, 0.003046, 0.003495, 0.002361, 0.002882, 0.004967, 0.003194, 0.003289, 0.003452, 0.002828, 0.003898, 0.002688, 0.003238, 0.004948, 0.002131, 0.003482, 0.003377, 0.004044, 0.004025, 0.003396, 0.004597, 0.007458, 0.006284, 0.012827, 0.011421, 0.010633, 0.008907, 0.007568, 0.011226, 0.019704, 0.016833, 0.016784, 0.017986, 0.011166, 0.009029, 0.009844, 0.006978, 0.011504, 0.014096, 0.019364, 0.01418, 0.01029, 0.008808, 0.007794, 0.006691, 0.009731, 0.004146, 0.004576, 0.004031, 0.005313, 0.007421, 0.009267, 0.008255, 0.013569, 0.009211, 0.010007, 0.011794, 0.014561, 0.014668, 0.013355, 0.013024, 0.013438, 0.008547, 0.006548, 0.004681, 0.0042, 0.004397, 0.004332, 0.005702, 0.008892, 0.012502, 0.009009, 0.013138, 0.019428, 0.023078, 0.018245, 0.017014, 0.037336, 0.042781, 0.041642, 0.033345, 0.031871, 0.028687, 0.010377, 0.009197, 0.010484, 0.00705, 0.006414, 0.006311, 0.004475, 0.005011, 0.00503, 0.008674, 0.009924, 0.004455, 0.007629, 0.007428, 0.011021, 0.011456, 0.011961, 0.017347, 0.021972, 0.025423, 0.025773, 0.02657, 0.031667, 0.026332, 0.019847, 0.007555, 0.023732, 0.016264, 0.022834, 0.018335, 0.020572, 0.013191, 0.010229, 0.007069, 0.00465, 0.003341, 0.003143], "segments": [{"start": 370, "end": 378, "num_frames": 9, "peak": 0.04278096514648923, "avg": 0.03044429056162018}, {"start": 397, "end": 409, "num_frames": 13, "peak": 0.03166722873440692, "avg": 0.02206740827681839}], "threshold": 0.02, "stats": {"min": 0.0, "max": 0.042781, "mean": 0.00761}}