{"num_points": 91, "num_frames": 152, "magnitudes_raw": [0.0, 0.001525, 0.001353, 0.001363, 0.001474, 0.001504, 0.001674, 0.001695, 0.001696, 0.001506, 0.001846, 0.001914, 0.00182, 0.002057, 0.001556, 0.001984, 0.001983, 0.001929, 0.002158, 0.001989, 0.001992, 0.0018, 0.001891, 0.002277, 0.001796, 0.001736, 0.001927, 0.00161, 0.001791, 0.002012, 0.002336, 0.00181, 0.001722, 0.002018, 0.00172, 0.001587, 0.001197, 0.001501, 0.001707, 0.001379, 0.001302, 0.001397, 0.001489, 0.001624, 0.001636, 0.001689, 0.001804, 0.001822, 0.002001, 0.00196, 0.001987, 0.001786, 0.001803, 0.001941, 0.001205, 0.001653, 0.00164, 0.001884, 0.001568, 0.001684, 0.001645, 0.001874, 0.001776, 0.001299, 0.001964, 0.002182, 0.001396, 0.001942, 0.001615, 0.001615, 0.001851, 0.001714, 0.001698, 0.001467, 0.002193, 0.005445, 0.007455, 0.010365, 0.012401, 0.011936, 0.005351, 0.003578, 0.00333, 0.005047, 0.007083, 0.009508, 0.010794, 0.009803, 0.007268, 0.005118, 0.007588, 0.009114, 0.010151, 0.006743, 0.003117, 0.002895, 0.002912, 0.002314, 0.002899, 0.004397, 0.007017, 0.007226, 0.005711, 0.004415, 0.002823, 0.002137, 0.001912, 0.002197, 0.001806, 0.002126, 0.001792, 0.002045, 0.002312, 0.002278, 0.001762, 0.002465, 0.002529, 0.002517, 0.003094, 0.00245, 0.002406, 0.002146, 0.002281, 0.002417, 0.002557, 0.002661, 0.002223, 0.002127, 0.002659, 0.002375, 0.002184, 0.002489, 0.00277, 0.002519, 0.002198, 0.002183, 0.002399, 0.002174, 0.00219, 0.002312, 0.002476, 0.002106, 0.002545, 0.002286, 0.002225, 0.00183, 0.001726, 0.001807, 0.002071, 0.001897, 0.002128, 0.002253], "segments": [], "threshold": 0.02, "stats": {"min": 0.0, "max": 0.012401, "mean": 0.002821}}