{"num_points": 150, "num_frames": 45, "magnitudes_raw": [0.0, 0.005536, 0.00413, 0.003503, 0.005304, 0.006669, 0.005736, 0.005263, 0.00685, 0.014297, 0.007309, 0.00703, 0.011092, 0.013004, 0.01032, 0.012842, 0.012718, 0.016853, 0.017719, 0.020491, 0.013056, 0.011227, 0.008104, 0.00554, 0.00608, 0.005246, 0.00715, 0.008239, 0.008824, 0.019445, 0.029114, 0.024567, 0.024517, 0.018622, 0.029007, 0.020182, 0.0105, 0.009196, 0.009956, 0.009539, 0.00868, 0.007049, 0.007417, 0.004592, 0.003264], "segments": [], "threshold": 0.02, "stats": {"min": 0.0, "max": 0.029114, "mean": 0.011017}}