{"num_points": 81, "num_frames": 154, "magnitudes_raw": [0.0, 0.001684, 0.001418, 0.001908, 0.002232, 0.002235, 0.002108, 0.003296, 0.003752, 0.002441, 0.001866, 0.002876, 0.004947, 0.005896, 0.009257, 0.006031, 0.008581, 0.012884, 0.00836, 0.008177, 0.006626, 0.00705, 0.008527, 0.008617, 0.012082, 0.009971, 0.007468, 0.00572, 0.013287, 0.006477, 0.008134, 0.008929, 0.011005, 0.016055, 0.034618, 0.027387, 0.024983, 0.033126, 0.023674, 0.024596, 0.022246, 0.037047, 0.039803, 0.016146, 0.031429, 0.015827, 0.034932, 0.028426, 0.014635, 0.012564, 0.022515, 0.017514, 0.010717, 0.038313, 0.013269, 0.026206, 0.015231, 0.038253, 0.025317, 0.009538, 0.007596, 0.005117, 0.012474, 0.017152, 0.026142, 0.032466, 0.024157, 0.015274, 0.019029, 0.019142, 0.017797, 0.016273, 0.0096, 0.0067, 0.003627, 0.003873, 0.008441, 0.018137, 0.01181, 0.016332, 0.006511, 0.006268, 0.011625, 0.010346, 0.013013, 0.013882, 0.016987, 0.022134, 0.01063, 0.020261, 0.013124, 0.016099, 0.005209, 0.006078, 0.009391, 0.005544, 0.003806, 0.005431, 0.005177, 0.002628, 0.00311, 0.004479, 0.00265, 0.004849, 0.003652, 0.002752, 0.003567, 0.003315, 0.003143, 0.002783, 0.00337, 0.004267, 0.006176, 0.013077, 0.008448, 0.009684, 0.005333, 0.00268, 0.00278, 0.002676, 0.00458, 0.00466, 0.002396, 0.002849, 0.002921, 0.004903, 0.004318, 0.004482, 0.006097, 0.019045, 0.005465, 0.007592, 0.00773, 0.008757, 0.005313, 0.006907, 0.005001, 0.003432, 0.010328, 0.006627, 0.007769, 0.004576, 0.001957, 0.002369, 0.00408, 0.003713, 0.00693, 0.00419, 0.003243, 0.004642, 0.002747, 0.004305, 0.00833, 0.003167], "segments": [{"start": 34, "end": 58, "num_frames": 25, "peak": 0.03980300491423888, "avg": 0.02515099505994035}], "threshold": 0.02, "stats": {"min": 0.0, "max": 0.039803, "mean": 0.010595}}