{"num_points": 92, "num_frames": 152, "magnitudes_raw": [0.0, 0.00451, 0.002832, 0.002966, 0.003972, 0.003229, 0.004816, 0.006501, 0.011791, 0.005917, 0.004715, 0.008249, 0.008794, 0.010743, 0.006897, 0.017933, 0.029882, 0.039075, 0.040703, 0.042603, 0.039468, 0.037593, 0.030335, 0.021249, 0.022558, 0.009667, 0.008217, 0.004445, 0.008659, 0.012841, 0.00804, 0.0157, 0.036892, 0.084588, 0.069736, 0.073829, 0.063472, 0.03007, 0.01938, 0.010104, 0.009856, 0.019154, 0.009764, 0.003864, 0.010627, 0.005066, 0.003001, 0.005931, 0.003632, 0.003333, 0.004514, 0.003648, 0.002267, 0.002343, 0.002656, 0.00336, 0.002013, 0.002831, 0.001782, 0.00159, 0.002045, 0.002011, 0.002258, 0.002038, 0.001871, 0.002155, 0.002242, 0.002291, 0.00255, 0.002487, 0.002927, 0.003089, 0.002585, 0.004077, 0.004143, 0.005334, 0.004691, 0.011416, 0.010814, 0.012619, 0.01234, 0.010434, 0.023047, 0.015912, 0.009801, 0.021513, 0.008131, 0.00964, 0.011173, 0.00577, 0.004766, 0.008878, 0.007979, 0.005561, 0.008733, 0.007117, 0.005251, 0.006559, 0.004023, 0.002801, 0.002967, 0.005244, 0.008368, 0.003638, 0.003415, 0.00353, 0.00392, 0.003897, 0.003131, 0.005379, 0.004507, 0.005335, 0.005498, 0.003636, 0.006274, 0.005002, 0.008603, 0.008963, 0.006207, 0.005382, 0.003757, 0.004873, 0.003223, 0.004075, 0.003291, 0.004106, 0.007861, 0.004599, 0.002939, 0.003374, 0.003443, 0.004009, 0.003849, 0.008275, 0.016623, 0.025887, 0.026366, 0.012389, 0.011475, 0.009373, 0.007748, 0.007689, 0.00913, 0.008361, 0.00686, 0.005003, 0.003219, 0.005398, 0.005476, 0.003948, 0.002874, 0.004001], "segments": [{"start": 16, "end": 24, "num_frames": 9, "peak": 0.04260316270996002, "avg": 0.03371845782174899}], "threshold": 0.02, "stats": {"min": 0.0, "max": 0.084588, "mean": 0.010353}}