{"num_points": 98, "num_frames": 86, "magnitudes_raw": [0.0, 0.001464, 0.002117, 0.002258, 0.002079, 0.002052, 0.00251, 0.002879, 0.002879, 0.003017, 0.00263, 0.00326, 0.002781, 0.003243, 0.002284, 0.002674, 0.003601, 0.00469, 0.004311, 0.004983, 0.00583, 0.006162, 0.00591, 0.004033, 0.00552, 0.007899, 0.00365, 0.005889, 0.003548, 0.005088, 0.00545, 0.005331, 0.002702, 0.003748, 0.002636, 0.004877, 0.003028, 0.002412, 0.002161, 0.003102, 0.007109, 0.004895, 0.004363, 0.005214, 0.003187, 0.003638, 0.004712, 0.006961, 0.005315, 0.009667, 0.012245, 0.013456, 0.011769, 0.010902, 0.015031, 0.036763, 0.074237, 0.034594, 0.022981, 0.009105, 0.005358, 0.004397, 0.002231, 0.003553, 0.002895, 0.002503, 0.004692, 0.009038, 0.011259, 0.011255, 0.003648, 0.002999, 0.004012, 0.002726, 0.004869, 0.008209, 0.01219, 0.014584, 0.017435, 0.02344, 0.023163, 0.020335, 0.057426, 0.043705, 0.04625, 0.036025], "segments": [], "threshold": 0.02, "stats": {"min": 0.0, "max": 0.074237, "mean": 0.009524}}