{"num_points": 100, "num_frames": 147, "magnitudes_raw": [0.0, 0.003113, 0.00301, 0.002974, 0.003442, 0.002562, 0.004279, 0.010648, 0.024227, 0.028823, 0.028525, 0.030207, 0.009029, 0.004489, 0.002961, 0.009619, 0.004809, 0.004917, 0.006582, 0.00573, 0.003918, 0.00336, 0.003927, 0.00429, 0.016524, 0.017955, 0.014766, 0.017733, 0.008276, 0.013078, 0.019818, 0.015862, 0.012042, 0.006384, 0.006331, 0.005743, 0.003774, 0.003306, 0.004411, 0.004245, 0.00408, 0.003771, 0.005993, 0.006986, 0.006613, 0.007135, 0.006156, 0.004583, 0.004825, 0.005553, 0.003703, 0.00317, 0.005951, 0.002734, 0.002913, 0.003496, 0.003618, 0.007291, 0.008136, 0.008261, 0.008679, 0.008374, 0.007005, 0.008786, 0.008037, 0.010286, 0.007669, 0.004222, 0.010891, 0.006331, 0.005623, 0.002835, 0.002231, 0.003426, 0.004634, 0.004434, 0.00763, 0.009639, 0.003582, 0.003881, 0.005316, 0.004898, 0.006042, 0.007553, 0.007745, 0.007378, 0.006471, 0.008129, 0.006577, 0.00772, 0.004759, 0.007645, 0.00947, 0.006418, 0.007811, 0.007159, 0.006164, 0.005719, 0.003785, 0.004307, 0.002886, 0.005946, 0.00989, 0.007143, 0.010577, 0.012989, 0.015495, 0.008744, 0.009179, 0.009382, 0.004633, 0.007522, 0.009157, 0.008271, 0.006179, 0.004707, 0.004237, 0.003667, 0.002333, 0.006811, 0.012042, 0.015597, 0.021026, 0.018546, 0.014782, 0.012285, 0.007584, 0.005798, 0.005456, 0.011211, 0.008879, 0.004745, 0.003824, 0.004109, 0.003448, 0.00535, 0.007326, 0.007183, 0.003109, 0.009403, 0.015843, 0.022447, 0.026021, 0.033146, 0.040806, 0.033196, 0.026595], "segments": [], "threshold": 0.02, "stats": {"min": 0.0, "max": 0.040806, "mean": 0.008636}}