{"num_points": 150, "num_frames": 1478, "magnitudes_raw": [0.0, 0.001418, 0.001655, 0.001885, 0.001861, 0.001652, 0.001744, 0.002028, 0.002052, 0.001734, 0.002012, 0.002409, 0.00187, 0.001806, 0.001762, 0.002593, 0.002857, 0.002816, 0.003636, 0.004629, 0.004051, 0.004238, 0.00465, 0.004886, 0.003941, 0.003283, 0.002797, 0.002935, 0.006043, 0.005623, 0.004355, 0.003653, 0.004516, 0.00877, 0.005992, 0.009001, 0.007901, 0.00591, 0.008819, 0.005972, 0.006016, 0.004153, 0.004728, 0.003621, 0.004401, 0.006043, 0.005927, 0.004431, 0.008698, 0.004293, 0.004049, 0.0058, 0.00342, 0.004012, 0.006026, 0.004792, 0.005326, 0.004934, 0.005659, 0.003151, 0.003033, 0.002941, 0.004779, 0.004682, 0.004296, 0.004587, 0.002577, 0.002554, 0.00242, 0.003259, 0.00273, 0.00344, 0.005453, 0.004175, 0.00531, 0.003777, 0.003822, 0.003402, 0.003702, 0.004061, 0.007047, 0.00374, 0.002739, 0.002039, 0.002015, 0.001923, 0.0024, 0.0026, 0.003639, 0.003048, 0.002047, 0.00212, 0.00271, 0.002139, 0.00224, 0.002641, 0.002866, 0.00334, 0.002582, 0.003098, 0.002296, 0.002846, 0.002235, 0.002386, 0.002608, 0.002551, 0.002325, 0.002605, 0.002144, 0.001902, 0.002175, 0.002133, 0.00222, 0.002703, 0.002612, 0.002481, 0.002131, 0.002549, 0.003052, 0.002727, 0.002662, 0.002347, 0.00191, 0.002674, 0.002388, 0.002494, 0.002864, 0.002381, 0.002662, 0.002257, 0.002086, 0.002347, 0.002468, 0.002783, 0.002821, 0.001795, 0.002348, 0.002315, 0.001823, 0.001957, 0.002297, 0.002563, 0.003382, 0.003095, 0.003657, 0.002376, 0.00268, 0.002525, 0.002891, 0.00264, 0.002347, 0.002315, 0.003202, 0.002119, 0.002393, 0.002584, 0.002113, 0.002191, 0.002788, 0.002389, 0.003112, 0.002865, 0.002732, 0.002642, 0.00341, 0.002454, 0.003024, 0.002475, 0.003339, 0.002716, 0.00227, 0.002517, 0.002662, 0.002382, 0.003403, 0.003233, 0.0056, 0.004095, 0.004932, 0.00387, 0.003596, 0.003555, 0.003281, 0.002952, 0.00305, 0.00392, 0.003725, 0.004939, 0.003629, 0.004538, 0.005387, 0.007501, 0.006712, 0.007431, 0.009582, 0.00847, 0.006191, 0.003016, 0.005526, 0.00481, 0.006458, 0.004252, 0.0036, 0.005373, 0.006702, 0.007273, 0.006374, 0.009398, 0.010981, 0.008454, 0.007527, 0.004822, 0.004219, 0.004163, 0.005778, 0.004116, 0.003949, 0.002676, 0.003778, 0.002679, 0.002541, 0.001801, 0.002257, 0.002615, 0.002623, 0.002809, 0.002403, 0.001992, 0.002498, 0.00214, 0.002061, 0.002196, 0.002422, 0.002359, 0.002273, 0.002205, 0.001855, 0.002515, 0.001664, 0.001626, 0.002199, 0.002053, 0.002472, 0.002145, 0.001857, 0.001775, 0.001991, 0.002103, 0.00246, 0.002418, 0.002567, 0.002362, 0.002605, 0.004224, 0.00348, 0.002888, 0.00294, 0.002412, 0.002486, 0.002379, 0.002751, 0.001922, 0.001999, 0.001825, 0.002925, 0.002443, 0.00204, 0.00224, 0.00194, 0.001975, 0.002445, 0.00249, 0.003036, 0.002928, 0.002146, 0.001838, 0.001822, 0.001821, 0.002055, 0.002224, 0.002675, 0.002075, 0.002304, 0.002121, 0.002157, 0.002086, 0.00184, 0.001959, 0.002645, 0.002663, 0.003158, 0.00233, 0.002711, 0.001956, 0.001974, 0.001947, 0.002839, 0.002276, 0.002143, 0.002438, 0.002152, 0.002123, 0.001924, 0.00205, 0.002992, 0.002067, 0.0019, 0.001954, 0.001751, 0.001671, 0.001887, 0.001772, 0.002209, 0.001995, 0.002094, 0.001866, 0.002065, 0.002326, 0.002651, 0.001813, 0.002829, 0.00209, 0.002678, 0.002264, 0.002111, 0.00226, 0.002258, 0.002276, 0.00258, 0.001849, 0.001851, 0.001887, 0.001703, 0.001835, 0.001906, 0.002194, 0.002573, 0.002142, 0.002213, 0.002307, 0.002085, 0.001965, 0.002501, 0.002457, 0.002869, 0.002346, 0.002234, 0.002093, 0.001866, 0.00245, 0.002282, 0.002145, 0.002227, 0.002321, 0.00206, 0.001892, 0.00196, 0.001766, 0.002266, 0.001879, 0.002605, 0.00228, 0.002226, 0.002536, 0.002527, 0.002494, 0.002885, 0.00241, 0.002697, 0.002084, 0.002123, 0.002228, 0.002048, 0.00279, 0.002524, 0.002132, 0.002836, 0.004279, 0.002676, 0.00221, 0.003194, 0.002423, 0.002518, 0.005273, 0.004801, 0.00319, 0.00329, 0.003085, 0.002433, 0.002394, 0.002337, 0.003577, 0.003098, 0.002352, 0.002901, 0.002913, 0.002249, 0.002959, 0.002458, 0.002562, 0.002753, 0.002448, 0.002809, 0.002254, 0.00173, 0.002254, 0.002242, 0.001773, 0.002075, 0.002103, 0.002514, 0.002367, 0.001926, 0.001735, 0.002232, 0.002166, 0.002159, 0.002028, 0.00215, 0.00241, 0.001826, 0.00247, 0.002367, 0.001778, 0.002459, 0.002381, 0.00257, 0.002432, 0.002069, 0.001919, 0.00222, 0.002049, 0.002245, 0.001866, 0.001752, 0.001887, 0.001865, 0.002113, 0.001853, 0.00215, 0.002405, 0.002074, 0.002048, 0.001746, 0.001581, 0.002058, 0.002202, 0.001728, 0.001937, 0.002338, 0.0017, 0.001645, 0.001973, 0.00198, 0.002027, 0.001755, 0.002158, 0.001647, 0.001962, 0.001909, 0.001753, 0.001828, 0.001898, 0.002077, 0.001951, 0.002083, 0.002178, 0.002318, 0.002273, 0.002506, 0.002523, 0.002232, 0.002744, 0.002325, 0.00255, 0.002427, 0.002096, 0.002492, 0.002389, 0.002996, 0.003256, 0.002075, 0.002093, 0.002198, 0.00202, 0.002058, 0.002153, 0.001726, 0.002341, 0.001978, 0.002033, 0.002013, 0.002031, 0.002583, 0.002011, 0.001856, 0.002238, 0.002057, 0.002158, 0.002091, 0.001984, 0.002113, 0.002224, 0.002092, 0.002123, 0.001955, 0.001894, 0.003038, 0.002019, 0.001937, 0.002655, 0.002189, 0.002337, 0.002634, 0.002753, 0.002451, 0.002528, 0.002169, 0.003957, 0.00628, 0.004292, 0.004015, 0.003991, 0.002388, 0.002607, 0.002592, 0.002214, 0.00214, 0.002322, 0.002334, 0.002, 0.002268, 0.002337, 0.002672, 0.002521, 0.002298, 0.002774, 0.003183, 0.002285, 0.002336, 0.002061, 0.002814, 0.00374, 0.003042, 0.004266, 0.005337, 0.006135, 0.003105, 0.003698, 0.003673, 0.003636, 0.003394, 0.002651, 0.005368, 0.005569, 0.008986, 0.00468, 0.003129, 0.002676, 0.002306, 0.00246, 0.001917, 0.001994, 0.001847, 0.002056, 0.001988, 0.002394, 0.001851, 0.002297, 0.001654, 0.001824, 0.001863, 0.002108, 0.002142, 0.002319, 0.002046, 0.00219, 0.001781, 0.002288, 0.001885, 0.001859, 0.002444, 0.001975, 0.002042, 0.002156, 0.002006, 0.002032, 0.002026, 0.002422, 0.002337, 0.001758, 0.002108, 0.002262, 0.002195, 0.001919, 0.002024, 0.002757, 0.001881, 0.002306, 0.001843, 0.002811, 0.001943, 0.001797, 0.002049, 0.002046, 0.002316, 0.002623, 0.002542, 0.002428, 0.002333, 0.00207, 0.002106, 0.002653, 0.002479, 0.002198, 0.002174, 0.00235, 0.002167, 0.003062, 0.002843, 0.00241, 0.001715, 0.002207, 0.002324, 0.003082, 0.002477, 0.00304, 0.002105, 0.001796, 0.001963, 0.001919, 0.002051, 0.002839, 0.002544, 0.002441, 0.002757, 0.002666, 0.002541, 0.002839, 0.003753, 0.003782, 0.003712, 0.002828, 0.00275, 0.002693, 0.002701, 0.003643, 0.002861, 0.00329, 0.002629, 0.002634, 0.00246, 0.002414, 0.002799, 0.004284, 0.003601, 0.003094, 0.005254, 0.003551, 0.005574, 0.009189, 0.006628, 0.008322, 0.019069, 0.021709, 0.005501, 0.006059, 0.006114, 0.005754, 0.005491, 0.003959, 0.003753, 0.00459, 0.003916, 0.004059, 0.003735, 0.002791, 0.002346, 0.002724, 0.00346, 0.003954, 0.004664, 0.00304, 0.002666, 0.002513, 0.003049, 0.00251, 0.00284, 0.003213, 0.00297, 0.002762, 0.002255, 0.002485, 0.002778, 0.002605, 0.002304, 0.00351, 0.00336, 0.00387, 0.003443, 0.002295, 0.003148, 0.002755, 0.003295, 0.003616, 0.002455, 0.003173, 0.008902, 0.003043, 0.003038, 0.002593, 0.00182, 0.003629, 0.003457, 0.00281, 0.003252, 0.002985, 0.003357, 0.003222, 0.00403, 0.003415, 0.00286, 0.0024, 0.002409, 0.002547, 0.002861, 0.002485, 0.001949, 0.00263, 0.00202, 0.002382, 0.002338, 0.002094, 0.002465, 0.002332, 0.002424, 0.003201, 0.002551, 0.002325, 0.002361, 0.002207, 0.00246, 0.002778, 0.003064, 0.00383, 0.006016, 0.011976, 0.01247, 0.010765, 0.007236, 0.003869, 0.005121, 0.00833, 0.007505, 0.004129, 0.004989, 0.0048, 0.005444, 0.004427, 0.00415, 0.003689, 0.002512, 0.003084, 0.002723, 0.003055, 0.002116, 0.002654, 0.002594, 0.003088, 0.002422, 0.002495, 0.002258, 0.002648, 0.002382, 0.003116, 0.00221, 0.002818, 0.002557, 0.00358, 0.003198, 0.003721, 0.002768, 0.003971, 0.002936, 0.003543, 0.0031, 0.002971, 0.002801, 0.003318, 0.002831, 0.002703, 0.002321, 0.004364, 0.003096, 0.002504, 0.002124, 0.00208, 0.00232, 0.002134, 0.002193, 0.002887, 0.00389, 0.003994, 0.002942, 0.003187, 0.002578, 