{"num_points": 100, "num_frames": 152, "magnitudes_raw": [0.0, 0.001793, 0.002318, 0.002235, 0.002487, 0.0021, 0.002044, 0.002138, 0.003375, 0.002646, 0.002764, 0.002345, 0.002566, 0.002875, 0.002712, 0.002126, 0.002429, 0.00265, 0.002793, 0.002483, 0.002493, 0.002881, 0.002389, 0.002369, 0.002822, 0.002263, 0.002123, 0.002242, 0.002641, 0.002915, 0.00356, 0.004163, 0.002435, 0.002399, 0.002505, 0.003075, 0.002272, 0.003003, 0.00267, 0.003879, 0.003272, 0.002318, 0.002322, 0.002564, 0.002811, 0.002035, 0.002013, 0.002248, 0.002439, 0.002053, 0.002107, 0.001949, 0.002367, 0.001887, 0.002375, 0.002603, 0.00245, 0.003448, 0.004698, 0.007754, 0.008865, 0.010102, 0.016667, 0.027695, 0.034358, 0.028144, 0.020256, 0.01868, 0.007606, 0.020292, 0.008051, 0.008731, 0.007335, 0.00562, 0.005747, 0.00411, 0.004256, 0.004529, 0.003157, 0.002766, 0.003233, 0.002958, 0.003136, 0.002514, 0.003654, 0.004462, 0.003492, 0.002811, 0.003692, 0.006015, 0.003964, 0.004648, 0.005708, 0.004228, 0.004363, 0.005845, 0.00889, 0.006477, 0.00429, 0.005213, 0.004535, 0.00789, 0.009103, 0.008769, 0.006583, 0.014751, 0.017931, 0.020325, 0.018185, 0.013319, 0.009495, 0.016548, 0.019907, 0.014567, 0.010326, 0.012279, 0.008634, 0.008993, 0.008609, 0.010114, 0.016355, 0.01302, 0.01443, 0.01514, 0.019033, 0.010816, 0.012546, 0.006587, 0.009144, 0.00825, 0.005411, 0.005089, 0.006489, 0.006944, 0.003482, 0.004848, 0.004036, 0.005018, 0.005505, 0.002881, 0.003179, 0.002793, 0.003347, 0.003257, 0.003415, 0.00353, 0.004677, 0.004112, 0.003078, 0.002989, 0.003467, 0.003292], "segments": [], "threshold": 0.02, "stats": {"min": 0.0, "max": 0.034358, "mean": 0.006258}}