{"num_points": 98, "num_frames": 152, "magnitudes_raw": [0.0, 0.001332, 0.002204, 0.002152, 0.002635, 0.002585, 0.002915, 0.002802, 0.002117, 0.002397, 0.002396, 0.00222, 0.003146, 0.002, 0.002315, 0.002283, 0.00228, 0.002311, 0.002449, 0.002141, 0.003717, 0.00211, 0.002776, 0.00419, 0.001807, 0.001986, 0.001982, 0.00242, 0.002531, 0.002382, 0.002754, 0.003162, 0.002386, 0.001792, 0.001727, 0.001955, 0.002033, 0.002011, 0.002183, 0.002436, 0.002143, 0.002917, 0.002397, 0.002664, 0.002499, 0.00151, 0.001567, 0.001913, 0.002761, 0.002858, 0.003673, 0.004293, 0.004351, 0.004678, 0.003855, 0.002432, 0.002454, 0.002305, 0.002669, 0.002529, 0.001907, 0.002262, 0.002322, 0.001691, 0.002029, 0.001946, 0.002093, 0.001875, 0.002158, 0.001392, 0.002431, 0.002173, 0.002254, 0.001792, 0.002064, 0.001844, 0.001702, 0.001975, 0.002026, 0.001777, 0.001737, 0.001531, 0.001749, 0.001897, 0.001942, 0.002288, 0.002746, 0.001982, 0.002048, 0.001855, 0.001947, 0.001906, 0.001881, 0.001881, 0.001958, 0.002568, 0.002287, 0.002722, 0.002574, 0.003235, 0.002277, 0.002554, 0.002456, 0.00321, 0.00274, 0.002909, 0.001887, 0.002505, 0.002144, 0.002217, 0.002678, 0.002417, 0.002785, 0.00252, 0.002668, 0.002834, 0.002986, 0.002403, 0.002206, 0.002646, 0.001908, 0.001917, 0.002018, 0.001832, 0.001837, 0.002164, 0.001817, 0.002177, 0.00268, 0.002191, 0.001715, 0.002732, 0.003338, 0.004574, 0.002505, 0.003141, 0.004945, 0.003424, 0.002274, 0.002578, 0.003522, 0.0022, 0.001953, 0.002049, 0.001982, 0.002381, 0.002126, 0.001676, 0.001872, 0.001773, 0.001853, 0.001803], "segments": [], "threshold": 0.02, "stats": {"min": 0.0, "max": 0.004945, "mean": 0.002368}}