{"num_points": 150, "num_frames": 52, "magnitudes_raw": [0.0, 0.001657, 0.001572, 0.001904, 0.002025, 0.001949, 0.001999, 0.002268, 0.002937, 0.003392, 0.004068, 0.002227, 0.005211, 0.003418, 0.002775, 0.003049, 0.003288, 0.004911, 0.003721, 0.004282, 0.006209, 0.004302, 0.006436, 0.004603, 0.004016, 0.008479, 0.004771, 0.011146, 0.017149, 0.016907, 0.018319, 0.024231, 0.017802, 0.019926, 0.014168, 0.017428, 0.01477, 0.014113, 0.014953, 0.011147, 0.009853, 0.009083, 0.007528, 0.007254, 0.006833, 0.005416, 0.007392, 0.005773, 0.005281, 0.003886, 0.005124, 0.006556], "segments": [], "threshold": 0.02, "stats": {"min": 0.0, "max": 0.024231, "mean": 0.007452}}