{"num_points": 98, "num_frames": 132, "magnitudes_raw": [0.0, 0.002215, 0.003526, 0.003804, 0.00981, 0.004947, 0.006703, 0.011096, 0.017057, 0.016548, 0.004936, 0.013134, 0.034163, 0.087985, 0.077406, 0.034196, 0.021427, 0.01627, 0.033186, 0.061923, 0.058872, 0.057312, 0.05364, 0.029634, 0.010585, 0.015836, 0.010971, 0.005286, 0.007671, 0.004941, 0.004499, 0.005343, 0.003332, 0.002793, 0.002541, 0.002519, 0.002596, 0.002655, 0.003921, 0.006122, 0.003711, 0.003591, 0.002947, 0.002773, 0.003259, 0.003122, 0.002623, 0.002563, 0.002466, 0.00276, 0.003371, 0.002475, 0.002641, 0.006549, 0.010345, 0.006071, 0.003557, 0.004838, 0.00609, 0.00331, 0.006243, 0.015907, 0.027929, 0.036197, 0.027522, 0.010982, 0.015422, 0.020381, 0.023188, 0.027387, 0.015581, 0.003491, 0.003794, 0.003972, 0.004818, 0.010005, 0.012492, 0.015875, 0.021991, 0.022906, 0.017107, 0.010755, 0.010556, 0.005296, 0.008522, 0.010553, 0.00864, 0.014418, 0.026617, 0.017764, 0.015456, 0.010219, 0.007457, 0.008477, 0.01119, 0.012566, 0.009694, 0.00458, 0.005109, 0.004995, 0.006011, 0.007617, 0.007255, 0.002903, 0.004579, 0.004843, 0.007326, 0.017355, 0.019602, 0.017301, 0.013258, 0.015683, 0.011418, 0.008969, 0.014249, 0.011776, 0.005721, 0.008275, 0.008178, 0.007708, 0.009009, 0.009241, 0.011404, 0.014202, 0.014339, 0.005443, 0.00564, 0.007697, 0.008636, 0.004586, 0.006824, 0.005717], "segments": [{"start": 12, "end": 23, "num_frames": 12, "peak": 0.08798519905974368, "avg": 0.04716776683780608}, {"start": 62, "end": 69, "num_frames": 8, "peak": 0.03619672277202904, "avg": 0.023625988268539906}], "threshold": 0.02, "stats": {"min": 0.0, "max": 0.087985, "mean": 0.012722}}