{"num_points": 92, "num_frames": 79, "magnitudes_raw": [0.0, 0.003273, 0.00245, 0.003286, 0.014704, 0.006085, 0.023673, 0.012602, 0.02219, 0.007209, 0.004038, 0.002855, 0.002831, 0.004575, 0.001928, 0.002381, 0.003594, 0.002402, 0.00735, 0.004792, 0.005297, 0.007737, 0.010728, 0.024382, 0.0, 0.0, 0.0, 0.008815, 0.009299, 0.004366, 0.002738, 0.012468, 0.007863, 0.002398, 0.007723, 0.008615, 0.002629, 0.005866, 0.002772, 0.002921, 0.00226, 0.001699, 0.002071, 0.001701, 0.001764, 0.001769, 0.00451, 0.004167, 0.001698, 0.001646, 0.002264, 0.001968, 0.001974, 0.001953, 0.00213, 0.001978, 0.001831, 0.001745, 0.003436, 0.002147, 0.006112, 0.002163, 0.002661, 0.001922, 0.001713, 0.003062, 0.001933, 0.001935, 0.001823, 0.003504, 0.003065, 0.003985, 0.002987, 0.003547, 0.003524, 0.002821, 0.002631, 0.004809, 0.012853], "segments": [], "threshold": 0.02, "stats": {"min": 0.0, "max": 0.024382, "mean": 0.004691}}