{"num_points": 90, "num_frames": 152, "magnitudes_raw": [0.0, 0.001769, 0.002211, 0.002108, 0.001975, 0.002061, 0.002091, 0.00296, 0.002176, 0.002284, 0.002028, 0.002269, 0.001211, 0.001612, 0.001879, 0.001904, 0.002203, 0.002209, 0.00282, 0.002664, 0.002181, 0.002389, 0.002571, 0.002074, 0.002544, 0.001992, 0.002465, 0.002699, 0.002275, 0.003985, 0.004931, 0.004705, 0.002205, 0.002671, 0.002046, 0.001948, 0.002894, 0.002683, 0.003878, 0.00696, 0.012652, 0.012524, 0.02179, 0.021019, 0.030815, 0.041959, 0.038803, 0.031524, 0.021394, 0.014007, 0.009225, 0.008062, 0.004375, 0.003703, 0.004595, 0.001974, 0.002849, 0.00462, 0.005408, 0.005241, 0.013601, 0.02543, 0.025846, 0.023543, 0.024458, 0.023229, 0.023711, 0.027052, 0.025309, 0.023925, 0.011087, 0.004944, 0.005136, 0.003175, 0.004706, 0.00314, 0.003326, 0.002499, 0.002387, 0.002683, 0.002818, 0.004044, 0.003401, 0.002251, 0.002871, 0.003417, 0.001857, 0.001741, 0.002655, 0.002743, 0.002088, 0.004173, 0.005836, 0.003279, 0.003885, 0.002963, 0.00352, 0.002297, 0.002548, 0.002455, 0.002481, 0.001789, 0.002606, 0.003158, 0.0029, 0.003, 0.002689, 0.002089, 0.002043, 0.002864, 0.002191, 0.002196, 0.002655, 0.002594, 0.004038, 0.002779, 0.003217, 0.003469, 0.005262, 0.00319, 0.003315, 0.002359, 0.002774, 0.004813, 0.002759, 0.003529, 0.002938, 0.00245, 0.003063, 0.003166, 0.002905, 0.003634, 0.004722, 0.003351, 0.006028, 0.012995, 0.01711, 0.016031, 0.016807, 0.01583, 0.01502, 0.016559, 0.012985, 0.009181, 0.005565, 0.003204, 0.002356, 0.002187, 0.00335, 0.002689, 0.002188, 0.001705], "segments": [{"start": 61, "end": 69, "num_frames": 9, "peak": 0.02705153942177764, "avg": 0.024722397052440212}], "threshold": 0.02, "stats": {"min": 0.0, "max": 0.041959, "mean": 0.006591}}