{"num_points": 97, "num_frames": 152, "magnitudes_raw": [0.0, 0.001148, 0.001268, 0.001713, 0.001646, 0.000826, 0.000866, 0.001228, 0.001653, 0.0014, 0.002275, 0.001501, 0.001395, 0.00132, 0.001989, 0.001751, 0.001433, 0.001797, 0.001451, 0.001948, 0.001583, 0.001141, 0.001391, 0.001718, 0.001382, 0.001309, 0.001643, 0.001844, 0.00116, 0.001194, 0.001989, 0.00165, 0.001783, 0.001355, 0.001733, 0.001323, 0.001525, 0.001741, 0.001392, 0.001822, 0.001514, 0.001956, 0.001869, 0.001878, 0.001822, 0.001629, 0.001517, 0.00159, 0.002303, 0.001675, 0.001951, 0.001464, 0.001708, 0.001246, 0.001646, 0.001867, 0.001817, 0.001894, 0.001708, 0.001571, 0.001386, 0.001782, 0.001922, 0.001429, 0.001408, 0.001904, 0.001719, 0.001245, 0.001118, 0.001757, 0.001423, 0.001851, 0.001553, 0.001443, 0.001368, 0.001347, 0.001255, 0.001563, 0.00176, 0.001462, 0.001572, 0.002502, 0.001815, 0.001619, 0.001786, 0.001495, 0.001999, 0.001915, 0.001452, 0.00231, 0.001907, 0.00166, 0.001429, 0.001752, 0.001284, 0.001763, 0.001332, 0.001504, 0.001614, 0.001496, 0.001562, 0.002136, 0.001967, 0.001871, 0.001341, 0.001854, 0.001677, 0.002033, 0.00157, 0.001697, 0.002926, 0.001639, 0.002561, 0.001704, 0.001404, 0.001672, 0.001396, 0.001437, 0.001397, 0.001358, 0.001281, 0.001671, 0.001595, 0.001768, 0.001593, 0.001842, 0.001408, 0.001466, 0.001223, 0.001735, 0.001245, 0.001401, 0.00131, 0.001307, 0.001605, 0.001911, 0.001985, 0.001936, 0.001746, 0.002065, 0.001393, 0.001408, 0.001386, 0.001407, 0.001053, 0.000971, 0.001613, 0.001907, 0.001434, 0.001409, 0.001435, 0.001521], "segments": [], "threshold": 0.02, "stats": {"min": 0.0, "max": 0.002926, "mean": 0.001599}}