{"num_points": 97, "num_frames": 19, "magnitudes_raw": [0.0, 0.007002, 0.007962, 0.007724, 0.012546, 0.003709, 0.007474, 0.01897, 0.020982, 0.013768, 0.008268, 0.003132, 0.005026, 0.005945, 0.006113, 0.004361, 0.002444, 0.004719, 0.009066], "segments": [], "threshold": 0.02, "stats": {"min": 0.0, "max": 0.020982, "mean": 0.007853}}