{"num_points": 95, "num_frames": 96, "magnitudes_raw": [0.0, 0.001378, 0.002641, 0.002601, 0.00201, 0.003051, 0.002715, 0.005474, 0.00446, 0.003985, 0.029831, 0.053719, 0.0, 0.0, 0.0, 0.0, 0.0, 0.0, 0.0, 0.0, 0.0, 0.012213, 0.00974, 0.009977, 0.010109, 0.006195, 0.003746, 0.004318, 0.004374, 0.00478, 0.003665, 0.003895, 0.003164, 0.004092, 0.005538, 0.010007, 0.008968, 0.013879, 0.063775, 0.0, 0.0, 0.0, 0.0, 0.0, 0.0, 0.0, 0.0, 0.0, 0.0, 0.0, 0.032446, 0.01356, 0.004975, 0.004577, 0.002458, 0.00282, 0.002391, 0.003183, 0.002524, 0.002873, 0.002887, 0.002769, 0.016817, 0.087685, 0.042027, 0.0, 0.0, 0.0, 0.0, 0.007336, 0.009273, 0.006604, 0.006695, 0.006383, 0.0, 0.0, 0.0, 0.025773, 0.037026, 0.025902, 0.005423, 0.003948, 0.007251, 0.020752, 0.008426, 0.005568, 0.003377, 0.00272, 0.004798, 0.004986, 0.005374, 0.060581, 0.0, 0.0, 0.015556, 0.010198], "segments": [], "threshold": 0.02, "stats": {"min": 0.0, "max": 0.087685, "mean": 0.008357}}