{"num_points": 94, "num_frames": 54, "magnitudes_raw": [0.0, 0.002273, 0.003318, 0.003622, 0.012647, 0.012668, 0.0181, 0.006927, 0.005349, 0.008873, 0.005208, 0.006766, 0.007616, 0.007303, 0.007951, 0.00913, 0.01186, 0.009706, 0.004858, 0.005306, 0.003908, 0.004106, 0.005628, 0.007165, 0.00798, 0.008796, 0.018662, 0.020294, 0.027527, 0.067789, 0.034485, 0.029396, 0.015714, 0.029089, 0.027494, 0.059257, 0.039623, 0.017053, 0.011924, 0.007637, 0.005161, 0.006623, 0.008081, 0.00652, 0.006766, 0.008979, 0.006727, 0.003797, 0.003693, 0.003216, 0.005734, 0.005366, 0.005801, 0.003813], "segments": [{"start": 27, "end": 36, "num_frames": 10, "peak": 0.06778949682784075, "avg": 0.03506686310298097}], "threshold": 0.02, "stats": {"min": 0.0, "max": 0.067789, "mean": 0.012468}}