{"num_points": 91, "num_frames": 91, "magnitudes_raw": [0.0, 0.002303, 0.002463, 0.002856, 0.003039, 0.003185, 0.002281, 0.002781, 0.003352, 0.003263, 0.002842, 0.003077, 0.003115, 0.002789, 0.003063, 0.002745, 0.003244, 0.003167, 0.003747, 0.004125, 0.004899, 0.003775, 0.008021, 0.007566, 0.005361, 0.005946, 0.005667, 0.00473, 0.006171, 0.003761, 0.004969, 0.00482, 0.003127, 0.003683, 0.00386, 0.002969, 0.003371, 0.004277, 0.002915, 0.00288, 0.002647, 0.00311, 0.003266, 0.002526, 0.003477, 0.002922, 0.002704, 0.00318, 0.002345, 0.003259, 0.003077, 0.004211, 0.003712, 0.00286, 0.002251, 0.003312, 0.00321, 0.003553, 0.003457, 0.003609, 0.003061, 0.003361, 0.003626, 0.002893, 0.003618, 0.002669, 0.004074, 0.002796, 0.003463, 0.003327, 0.003256, 0.003174, 0.003147, 0.002852, 0.003212, 0.004387, 0.005183, 0.00351, 0.004311, 0.007069, 0.011006, 0.005769, 0.00937, 0.01105, 0.011455, 0.006975, 0.006125, 0.005373, 0.003801, 0.004134, 0.003165], "segments": [], "threshold": 0.02, "stats": {"min": 0.0, "max": 0.011455, "mean": 0.004001}}