{"num_points": 100, "num_frames": 32, "magnitudes_raw": [0.0, 0.002737, 0.00218, 0.005846, 0.002938, 0.004135, 0.001813, 0.006551, 0.008659, 0.006169, 0.009398, 0.015257, 0.039001, 0.008829, 0.031213, 0.024641, 0.018299, 0.039032, 0.097986, 0.064621, 0.030241, 0.01724, 0.013661, 0.023539, 0.01495, 0.012355, 0.022231, 0.08425, 0.055106, 0.022293, 0.015337, 0.033058], "segments": [{"start": 12, "end": 31, "num_frames": 20, "peak": 0.09798635968192312, "avg": 0.033394203245387895}], "threshold": 0.02, "stats": {"min": 0.0, "max": 0.097986, "mean": 0.022924}}