{"num_points": 96, "num_frames": 55, "magnitudes_raw": [0.0, 0.002265, 0.002407, 0.003244, 0.002105, 0.002377, 0.002604, 0.00304, 0.002786, 0.002437, 0.001996, 0.002619, 0.003155, 0.001473, 0.002714, 0.00696, 0.00525, 0.00283, 0.003472, 0.001959, 0.004541, 0.004552, 0.004045, 0.00153, 0.003446, 0.012079, 0.003127, 0.003449, 0.001953, 0.002739, 0.006098, 0.004951, 0.011351, 0.003894, 0.002498, 0.004116, 0.004271, 0.005154, 0.004751, 0.00329, 0.006664, 0.004679, 0.006275, 0.00476, 0.005817, 0.032677, 0.011369, 0.020227, 0.019019, 0.008197, 0.009778, 0.005132, 0.006222, 0.009175, 0.007028], "segments": [], "threshold": 0.02, "stats": {"min": 0.0, "max": 0.032677, "mean": 0.005537}}