{"num_points": 100, "num_frames": 60, "magnitudes_raw": [0.0, 0.002682, 0.002851, 0.003286, 0.004053, 0.003452, 0.003446, 0.004632, 0.004856, 0.006234, 0.016501, 0.048318, 0.04043, 0.008172, 0.017147, 0.007589, 0.017514, 0.019221, 0.016778, 0.01603, 0.017992, 0.022081, 0.011343, 0.016038, 0.012172, 0.029218, 0.02893, 0.013276, 0.011464, 0.005457, 0.004316, 0.00579, 0.006799, 0.007949, 0.007193, 0.00754, 0.006602, 0.006997, 0.005243, 0.006546, 0.012785, 0.01171, 0.020842, 0.009003, 0.011552, 0.007014, 0.004411, 0.007017, 0.005621, 0.018156, 0.010889, 0.008254, 0.003817, 0.006132, 0.007586, 0.006948, 0.014154, 0.015912, 0.012906, 0.009107], "segments": [], "threshold": 0.02, "stats": {"min": 0.0, "max": 0.048318, "mean": 0.011333}}