{"num_points": 92, "num_frames": 29, "magnitudes_raw": [0.0, 0.001548, 0.001853, 0.002363, 0.002183, 0.002739, 0.003628, 0.004379, 0.006905, 0.00477, 0.006574, 0.011547, 0.006294, 0.007166, 0.023196, 0.036379, 0.043962, 0.030573, 0.024444, 0.013121, 0.005238, 0.014958, 0.013643, 0.006397, 0.005501, 0.010748, 0.00922, 0.026513, 0.020459], "segments": [], "threshold": 0.02, "stats": {"min": 0.0, "max": 0.043962, "mean": 0.011941}}