{"num_points": 92, "num_frames": 57, "magnitudes_raw": [0.0, 0.002799, 0.003612, 0.003597, 0.002944, 0.002432, 0.002754, 0.00221, 0.002479, 0.003144, 0.002703, 0.003224, 0.003031, 0.002366, 0.004184, 0.005699, 0.004768, 0.002688, 0.002563, 0.00473, 0.003772, 0.003214, 0.003498, 0.002419, 0.003115, 0.003355, 0.002073, 0.004204, 0.00411, 0.002499, 0.003064, 0.003136, 0.004277, 0.002293, 0.001977, 0.002287, 0.002012, 0.00374, 0.004227, 0.006959, 0.007211, 0.006139, 0.002627, 0.003214, 0.002722, 0.002048, 0.002518, 0.007981, 0.002727, 0.007564, 0.009957, 0.006007, 0.006495, 0.0039, 0.002633, 0.003401, 0.006298], "segments": [], "threshold": 0.02, "stats": {"min": 0.0, "max": 0.009957, "mean": 0.003712}}