{"num_points": 98, "num_frames": 613, "magnitudes_raw": [0.0, 0.001461, 0.001875, 0.002048, 0.001753, 0.002122, 0.002038, 0.002362, 0.002533, 0.001941, 0.003487, 0.002593, 0.003133, 0.002558, 0.003039, 0.002663, 0.003097, 0.003134, 0.005791, 0.007672, 0.005565, 0.009001, 0.005708, 0.003809, 0.006453, 0.005825, 0.007701, 0.010772, 0.010649, 0.01089, 0.008612, 0.007625, 0.009295, 0.007918, 0.005094, 0.004096, 0.004142, 0.003781, 0.003617, 0.003536, 0.003732, 0.004627, 0.003043, 0.002913, 0.003409, 0.004366, 0.002598, 0.002857, 0.002751, 0.002474, 0.002561, 0.002395, 0.002695, 0.002558, 0.00248, 0.002218, 0.002898, 0.002811, 0.002801, 0.003714, 0.003252, 0.005489, 0.005044, 0.006786, 0.011443, 0.008197, 0.006257, 0.005211, 0.004256, 0.003421, 0.002745, 0.00299, 0.003495, 0.003749, 0.003471, 0.002934, 0.002785, 0.002877, 0.003067, 0.002846, 0.003181, 0.002636, 0.002862, 0.003633, 0.003618, 0.003773, 0.003477, 0.003041, 0.004094, 0.003012, 0.003804, 0.004627, 0.004558, 0.004689, 0.006865, 0.006001, 0.00457, 0.003417, 0.002752, 0.003053, 0.003842, 0.00503, 0.006403, 0.005342, 0.006702, 0.006981, 0.006569, 0.005962, 0.004287, 0.002472, 0.003746, 0.002893, 0.005728, 0.002971, 0.002943, 0.003695, 0.002464, 0.00296, 0.002647, 0.002946, 0.004406, 0.002531, 0.003969, 0.002848, 0.002216, 0.002461, 0.003371, 0.002582, 0.003638, 0.002179, 0.002531, 0.002774, 0.003375, 0.00251, 0.002966, 0.003737, 0.006956, 0.003391, 0.0041, 0.004819, 0.006074, 0.003681, 0.004059, 0.003414, 0.005489, 0.003901, 0.002917, 0.003061, 0.002724, 0.003518, 0.004073, 0.003403, 0.004588, 0.003064, 0.003388, 0.002803, 0.00342, 0.002691, 0.002802, 0.002725, 0.004459, 0.002531, 0.002089, 0.002646, 0.002834, 0.002692, 0.002676, 0.003916, 0.003854, 0.003185, 0.003221, 0.003578, 0.003521, 0.003753, 0.006701, 0.005361, 0.008361, 0.010657, 0.009276, 0.006355, 0.007119, 0.003291, 0.003178, 0.003432, 0.005703, 0.005167, 0.004173, 0.005134, 0.003861, 0.005169, 0.005307, 0.005725, 0.007305, 0.004454, 0.003802, 0.003363, 0.005357, 0.002724, 0.002669, 0.002482, 0.004, 0.003109, 0.003734, 0.002975, 0.00264, 0.002819, 0.003779, 0.003062, 0.004479, 0.00336, 0.002487, 0.00265, 0.004188, 0.005325, 0.004612, 0.007037, 0.011036, 0.008278, 0.004298, 0.003817, 0.003211, 0.003342, 0.003665, 0.005254, 0.005205, 0.003723, 0.003776, 0.005558, 0.007886, 0.005399, 0.004863, 0.003219, 0.003473, 0.002428, 0.002138, 0.002519, 0.003412, 0.002518, 0.002863, 0.006641, 0.003175, 0.001681, 0.002147, 0.003653, 0.002487, 0.002015, 0.003042, 0.002887, 0.002963, 0.003881, 0.003077, 0.004717, 0.00454, 0.003896, 0.004538, 0.004217, 0.004974, 0.005145, 0.003635, 0.002622, 0.002845, 0.003448, 0.004007, 0.003839, 0.005781, 0.004221, 0.002908, 0.002398, 0.003256, 0.002598, 0.003077, 0.002942, 0.004405, 0.00225, 0.00234, 0.002599, 0.002937, 0.003362, 0.004171, 0.005243, 0.005862, 0.00499, 0.007353, 0.005295, 0.003936, 0.003237, 0.003035, 0.003007, 0.004977, 0.002646, 0.003347, 0.004207, 0.004855, 0.003749, 0.005981, 0.003447, 0.004047, 0.003055, 0.002608, 0.003298, 0.002719, 0.002043, 0.002501, 0.003086, 0.003566, 0.004006, 0.003043, 0.003025, 0.002684, 0.002595, 0.003551, 0.002777, 0.003206, 0.004446, 0.0044, 0.007746, 0.007753, 0.005721, 0.005159, 0.005043, 0.005346, 0.00495, 0.008937, 0.005086, 0.003879, 0.003363, 0.003444, 0.002807, 0.004813, 0.00516, 0.005562, 0.004694, 0.003382, 0.00264, 0.004002, 0.007808, 0.005959, 0.004097, 0.002595, 0.002943, 0.003543, 0.003146, 0.003267, 0.002394, 0.00416, 0.003965, 0.003771, 0.006696, 0.005204, 0.004584, 0.002918, 0.002846, 0.004731, 0.004461, 0.00255, 0.002512, 0.003521, 0.002906, 0.005425, 0.003082, 0.004269, 0.004092, 0.002516, 0.002227, 0.001915, 0.002281, 0.002521, 0.002274, 0.004251, 0.002721, 0.003066, 0.002774, 0.002611, 0.00255, 0.003177, 0.003139, 0.006979, 0.003355, 0.002974, 0.003765, 0.003443, 0.002256, 0.003343, 0.002865, 0.004547, 0.003165, 0.003214, 0.002316, 0.002065, 0.003057, 0.003216, 0.003527, 0.003233, 0.002788, 0.00296, 0.002888, 0.005193, 0.002765, 0.005006, 0.005631, 0.008468, 0.006405, 0.00596, 0.00874, 0.004037, 0.007527, 0.005737, 0.004495, 0.005595, 0.003969, 0.003894, 0.005292, 0.003457, 0.003792, 0.003366, 0.002878, 0.00335, 0.00324, 0.00301, 0.004827, 0.002432, 0.003908, 0.004635, 0.003494, 0.00352, 0.00242, 0.002582, 0.003454, 0.003264, 0.004778, 0.005776, 0.005981, 0.005343, 0.00458, 0.003564, 0.003324, 0.003776, 0.004138, 0.005943, 0.003522, 0.004277, 0.004954, 0.004466, 0.002673, 0.002964, 0.003201, 0.003217, 0.003457, 0.005971, 0.00308, 0.004227, 0.002448, 0.003246, 0.003448, 0.004508, 0.006199, 0.006039, 0.007142, 0.004263, 0.004166, 0.005187, 0.003088, 0.002155, 0.002793, 0.003972, 0.002383, 0.002115, 0.002794, 0.002761, 0.003425, 0.003335, 0.005365, 0.004173, 0.002861, 0.002843, 0.002647, 0.003054, 0.005284, 0.005836, 0.005983, 0.013646, 0.010522, 0.009691, 0.005747, 0.006326, 0.008059, 0.004718, 0.004651, 0.004538, 0.00359, 0.00435, 0.003061, 0.005255, 0.004409, 0.003886, 0.004554, 0.005241, 0.00509, 0.002557, 0.002315, 0.003042, 0.004212, 0.004628, 0.003273, 0.003681, 0.003585, 0.004493, 0.003334, 0.00421, 0.003348, 0.003222, 0.002861, 0.004102, 0.00284, 0.003429, 0.006341, 0.006557, 0.006123, 0.006564, 0.008194, 0.006188, 0.005111, 0.00357, 0.004706, 0.00558, 0.005335, 0.003339, 0.005216, 0.005251, 0.00302, 0.004141, 0.002579, 0.003374, 0.003873, 0.003681, 0.005486, 0.005503, 0.004603, 0.005021, 0.004016, 0.003361, 0.004192, 0.003956, 0.002927, 0.005409, 0.00345, 0.003026, 0.003078, 0.003257, 0.005004, 0.004301, 0.003798, 0.005651, 0.005886, 0.00306, 0.003032, 0.002923, 0.003089, 0.003062, 0.003671, 0.005509, 0.004532, 0.007433, 0.008328, 0.011937, 0.006025, 0.005087, 0.005127, 0.011728, 0.006075, 0.004644, 0.007177, 0.005045, 0.005801, 0.00412, 0.00549, 0.0057, 0.004836, 0.006648, 0.006186, 0.00391, 0.003527, 0.002365, 0.002397, 0.00345, 0.002819, 0.00289, 0.002742, 0.002389, 0.003044, 0.003736, 0.002683, 0.004319, 0.002926, 0.003275, 0.004946, 0.009237, 0.006725, 0.004561, 0.004302, 0.005249, 0.004319, 0.003263, 0.004173, 0.004296, 0.003088, 0.0035, 0.002412, 0.002543, 0.002742, 0.003243, 0.002304, 0.002119], "segments": [], "threshold": 0.02, "stats": {"min": 0.0, "max": 0.013646, "mean": 0.004141}}