{"num_points": 80, "num_frames": 434, "magnitudes_raw": [0.0, 0.001374, 0.001293, 0.001302, 0.001413, 0.001668, 0.00142, 0.001879, 0.00218, 0.002585, 0.002365, 0.001635, 0.003044, 0.003855, 0.003303, 0.003866, 0.002065, 0.00183, 0.002111, 0.002641, 0.002614, 0.001651, 0.001579, 0.001404, 0.001953, 0.00157, 0.001667, 0.001577, 0.002268, 0.00149, 0.00172, 0.001476, 0.001584, 0.001905, 0.002429, 0.003261, 0.003259, 0.00339, 0.002867, 0.001953, 0.002015, 0.001853, 0.001594, 0.00167, 0.002274, 0.001978, 0.00324, 0.004039, 0.00296, 0.001921, 0.001579, 0.001933, 0.001292, 0.001908, 0.001589, 0.002066, 0.002149, 0.0028, 0.003097, 0.00226, 0.001631, 0.00155, 0.00137, 0.001458, 0.001684, 0.001732, 0.00327, 0.003424, 0.002808, 0.001942, 0.00127, 0.002025, 0.002019, 0.002179, 0.002037, 0.001658, 0.001787, 0.001369, 0.001834, 0.001874, 0.002566, 0.003357, 0.003497, 0.005345, 0.002462, 0.002561, 0.001428, 0.001357, 0.001403, 0.002531, 0.005409, 0.004913, 0.00345, 0.00455, 0.004598, 0.004889, 0.004509, 0.005093, 0.004219, 0.002963, 0.002063, 0.001717, 0.001991, 0.002411, 0.004431, 0.004917, 0.007414, 0.006644, 0.005963, 0.004586, 0.001671, 0.001411, 0.001964, 0.001858, 0.001898, 0.001756, 0.003312, 0.003296, 0.00269, 0.004397, 0.003143, 0.003092, 0.003058, 0.001904, 0.002032, 0.003423, 0.003533, 0.004412, 0.005039, 0.004111, 0.003941, 0.002994, 0.002408, 0.00228, 0.002792, 0.002259, 0.002995, 0.004716, 0.004991, 0.00539, 0.004494, 0.004894, 0.004132, 0.002093, 0.001745, 0.001748, 0.002401, 0.004298, 0.00537, 0.005378, 0.004446, 0.004478, 0.003466, 0.003078, 0.002137, 0.001866, 0.001868, 0.001834, 0.003401, 0.003035, 0.004236, 0.004119, 0.002576, 0.002705, 0.00411, 0.003194, 0.002667, 0.002543, 0.002247, 0.002233, 0.001859, 0.001479, 0.001758, 0.002288, 0.001703, 0.001638, 0.002101, 0.00446, 0.004629, 0.006623, 0.006593, 0.005042, 0.00218, 0.002277, 0.001777, 0.002442, 0.002648, 0.00235, 0.006269, 0.007052, 0.005535, 0.005243, 0.005503, 0.005088, 0.004347, 0.003128, 0.003455, 0.002097, 0.001878, 0.001482, 0.002146, 0.003184, 0.00311, 0.004827, 0.006759, 0.006905, 0.006674, 0.005619, 0.003316, 0.004563, 0.003147, 0.002504, 0.002239, 0.002549, 0.002046, 0.002196, 0.003752, 0.005494, 0.005206, 0.005466, 0.00664, 0.005936, 0.007215, 0.006792, 0.003142, 0.001855, 0.00212, 0.001569, 0.001697, 0.001631, 0.001411, 0.001824, 0.00263, 0.005706, 0.006738, 0.009744, 0.007885, 0.006416, 0.006094, 0.003593, 0.002068, 0.00204, 0.001711, 0.002849, 0.005963, 0.008997, 0.009732, 0.009722, 0.008012, 0.005289, 0.004505, 0.004626, 0.001792, 0.001858, 0.001838, 0.00248, 0.001355, 0.002284, 0.00182, 0.001861, 0.001505, 0.003541, 0.00644, 0.006178, 0.006886, 0.007806, 0.006936, 0.005805, 0.005149, 0.003172, 0.003347, 0.001721, 0.003054, 0.002056, 0.002016, 0.001574, 0.002579, 0.002694, 0.003884, 0.00505, 0.007556, 0.00616, 0.007213, 0.007746, 0.005301, 0.002418, 0.001804, 0.001833, 0.001722, 0.001886, 0.001747, 0.001606, 0.001781, 0.002059, 0.002477, 0.005032, 0.007054, 0.007515, 0.006805, 0.00666, 0.006551, 0.005274, 0.003555, 0.002133, 0.002635, 0.003385, 0.004791, 0.005723, 0.005293, 0.005185, 0.00499, 0.003615, 0.004015, 0.001919, 0.001107, 0.002068, 0.001925, 0.001507, 0.001808, 0.001854, 0.001517, 0.002645, 0.004034, 0.005163, 0.005195, 0.004797, 0.004584, 0.003917, 0.002845, 0.001569, 0.001874, 0.00258, 0.002617, 0.002881, 0.004099, 0.005279, 0.004373, 0.004618, 0.004318, 0.003879, 0.00323, 0.001387, 0.001291, 0.00224, 0.00147, 0.0012, 0.00145, 0.001784, 0.002688, 0.003861, 0.005787, 0.005708, 0.006859, 0.005114, 0.00446, 0.002017, 0.002728, 0.001243, 0.002469, 0.001655, 0.002458, 0.001955, 0.002219, 0.002316, 0.00185, 0.001817, 0.001831, 0.002085, 0.00211, 0.002149, 0.00186, 0.002078, 0.001733, 0.001719, 0.002055, 0.002635, 0.002712, 0.003039, 0.002554, 0.002289, 0.002063, 0.002182, 0.00188, 0.001957, 0.001541, 0.001744, 0.002114, 0.002775, 0.00228, 0.002045, 0.002258, 0.002539, 0.002168, 0.002073, 0.001778, 0.001551, 0.001675, 0.002229, 0.001707, 0.001619, 0.001901, 0.002081, 0.002198, 0.002333, 0.002641, 0.002723, 0.0021, 0.002201, 0.002072, 0.00198, 0.001488, 0.001655, 0.002449, 0.002385, 0.002977, 0.003205, 0.002349, 0.00276, 0.001914, 0.002241, 0.001873, 0.002054, 0.001897, 0.002245, 0.002162, 0.00395, 0.003129, 0.003299, 0.003567, 0.002102, 0.002463, 0.001884, 0.002085, 0.002421], "segments": [], "threshold": 0.02, "stats": {"min": 0.0, "max": 0.009744, "mean": 0.003135}}