{"num_points": 83, "num_frames": 962, "magnitudes_raw": [0.0, 0.002212, 0.002237, 0.002017, 0.002128, 0.001944, 0.003019, 0.003611, 0.003576, 0.002819, 0.00677, 0.006341, 0.008857, 0.005613, 0.002985, 0.002976, 0.002764, 0.003017, 0.003302, 0.003035, 0.002286, 0.002659, 0.002388, 0.002207, 0.002484, 0.002093, 0.002153, 0.002614, 0.002538, 0.002176, 0.002615, 0.002894, 0.002912, 0.003895, 0.002605, 0.003126, 0.00265, 0.003579, 0.001815, 0.002289, 0.002451, 0.002354, 0.002633, 0.00267, 0.002671, 0.004471, 0.003565, 0.003959, 0.003241, 0.004183, 0.004042, 0.004658, 0.005586, 0.005835, 0.00484, 0.003439, 0.004548, 0.004584, 0.003171, 0.006014, 0.004512, 0.003418, 0.002931, 0.003572, 0.002452, 0.002446, 0.002838, 0.002598, 0.00342, 0.003488, 0.003544, 0.003356, 0.003141, 0.003594, 0.002929, 0.003298, 0.002303, 0.002109, 0.002465, 0.001638, 0.002267, 0.002324, 0.002406, 0.002512, 0.001777, 0.002319, 0.002076, 0.001863, 0.002366, 0.002435, 0.002289, 0.002551, 0.002193, 0.002375, 0.002174, 0.001982, 0.002267, 0.002333, 0.002256, 0.002051, 0.002507, 0.00457, 0.003882, 0.004382, 0.005554, 0.006861, 0.005668, 0.007527, 0.005913, 0.004921, 0.002947, 0.003924, 0.003866, 0.003707, 0.003395, 0.003541, 0.00331, 0.00334, 0.003645, 0.004414, 0.003318, 0.003754, 0.003428, 0.002437, 0.002562, 0.002315, 0.004155, 0.002708, 0.003564, 0.002807, 0.002804, 0.00252, 0.002407, 0.00287, 0.002294, 0.001869, 0.00239, 0.002738, 0.002879, 0.002537, 0.002415, 0.002216, 0.0024, 0.00244, 0.002149, 0.001971, 0.002133, 0.002513, 0.002157, 0.002903, 0.002608, 0.002564, 0.00238, 0.002705, 0.002336, 0.002244, 0.002075, 0.002537, 0.002221, 0.002059, 0.002392, 0.00232, 0.002582, 0.002812, 0.002184, 0.001768, 0.001999, 0.002161, 0.002157, 0.002018, 0.001981, 0.001895, 0.002217, 0.002385, 0.002163, 0.002106, 0.002105, 0.002138, 0.002007, 0.00258, 0.001985, 0.002642, 0.001839, 0.002091, 0.001772, 0.002209, 0.002505, 0.002477, 0.003136, 0.002407, 0.002034, 0.003096, 0.002561, 0.00261, 0.002465, 0.002204, 0.002422, 0.002154, 0.003, 0.002464, 0.002745, 0.00234, 0.002066, 0.001681, 0.002038, 0.002272, 0.001974, 0.002122, 0.002003, 0.002371, 0.002331, 0.00258, 0.001885, 0.0023, 0.002431, 0.002584, 0.00241, 0.002143, 0.002538, 0.003071, 0.001728, 0.002602, 0.002009, 0.002365, 0.003817, 0.0021, 0.003109, 0.002798, 0.0032, 0.002508, 0.001933, 0.002113, 0.002259, 0.002279, 0.001873, 0.002294, 0.002236, 0.002262, 0.002342, 0.002983, 0.002967, 0.004885, 0.003822, 0.004301, 0.00435, 0.003725, 0.00285, 0.003015, 0.002816, 0.002948, 0.003683, 0.002383, 0.002866, 0.002857, 0.00284, 0.00293, 0.002615, 0.002352, 0.002546, 0.002828, 0.001944, 0.002676, 0.002839, 0.002772, 0.002708, 0.002294, 0.002516, 0.002259, 0.003941, 0.003416, 0.003856, 0.00594, 0.00452, 0.0024, 0.00214, 0.002509, 0.00221, 0.00249, 0.002775, 0.00258, 0.002086, 0.002415, 0.002351, 0.002263, 0.002382, 0.002624, 0.002429, 0.001937, 0.001943, 0.0025, 0.002211, 0.002017, 0.002226, 0.002599, 0.002423, 0.003115, 0.002111, 0.002563, 0.002035, 0.002193, 0.002169, 0.00226, 0.002654, 0.00238, 0.002301, 0.002335, 0.002104, 0.001959, 0.00217, 0.00211, 0.002385, 0.001715, 0.00205, 0.001797, 0.001953, 0.002737, 0.00279, 0.002008, 0.002449, 0.002384, 0.001983, 0.002551, 0.002489, 0.001682, 0.002375, 0.002438, 0.002476, 0.002363, 0.002167, 0.002159, 0.002176, 0.002174, 0.002502, 0.0025, 0.003282, 0.002887, 0.002622, 0.003274, 0.003032, 0.003165, 0.002178, 0.002205, 0.001869, 0.003161, 0.00232, 0.002177, 0.002158, 0.002434, 0.001995, 0.001812, 0.00266, 0.002286, 0.001997, 0.002154, 0.001753, 0.001958, 0.001942, 0.00208, 0.002258, 0.001997, 0.002495, 0.002285, 0.002361, 0.002048, 0.002253, 0.002338, 0.002604, 0.002685, 0.002728, 0.002409, 0.002176, 0.002628, 0.002209, 0.002177, 0.002196, 0.002064, 0.002158, 0.003166, 0.002604, 0.003025, 0.002991, 0.002703, 0.002669, 0.003738, 0.002531, 0.004739, 0.003373, 0.003245, 0.00364, 0.003767, 0.003417, 0.003115, 0.002765, 0.002252, 0.003749, 0.002845, 0.002708, 0.002701, 0.002769, 0.002304, 0.003071, 0.002801, 0.00331, 0.003562, 0.002569, 0.002421, 0.00233, 0.002315, 0.002051, 0.002577, 0.002646, 0.002193, 0.002859, 0.002503, 0.002714, 0.00261, 0.002374, 0.002054, 0.002225, 0.002552, 0.00221, 0.002687, 0.00269, 0.002962, 0.003686, 0.003924, 0.003404, 0.003807, 0.002373, 0.002022, 0.002253, 0.002035, 0.001695, 0.002308, 0.002361, 0.002035, 0.002426, 0.002235, 0.002335, 0.002729, 0.001965, 0.002311, 0.002501, 0.002451, 0.002533, 0.002083, 0.002564, 0.002328, 0.002263, 0.002107, 0.002146, 0.002005, 0.002751, 0.002266, 0.002551, 0.00275, 0.002208, 0.002204, 0.002145, 0.001793, 0.003328, 0.002475, 0.002518, 0.002024, 0.00272, 0.002299, 0.002285, 0.0022, 0.002189, 0.002424, 0.002399, 0.002733, 0.002056, 0.002385, 0.002192, 0.002067, 0.002323, 0.002419, 0.002062, 0.002571, 0.002576, 0.002036, 0.002425, 0.002063, 0.002304, 0.002488, 0.002474, 0.002462, 0.00258, 0.002743, 0.002304, 0.002417, 0.002465, 0.003315, 0.003978, 0.005249, 0.003583, 0.005334, 0.004945, 0.003542, 0.002834, 0.004364, 0.00263, 0.003558, 0.002203, 0.002293, 0.002306, 0.002225, 0.002693, 0.003041, 0.003836, 0.004084, 0.003076, 0.004462, 0.005374, 0.004718, 0.002956, 0.002867, 0.003519, 0.003332, 0.00228, 0.003248, 0.00305, 0.002474, 0.002464, 0.00265, 0.002318, 0.002964, 0.002191, 0.002366, 0.002497, 0.002449, 0.003363, 0.003026, 0.003222, 0.002337, 0.00295, 0.003156, 0.002658, 0.002638, 0.002465, 0.004746, 0.003455, 0.005032, 0.003114, 0.003873, 0.002308, 0.003122, 0.00294, 0.003178, 0.003248, 0.001952, 0.002576, 0.002083, 0.002246, 0.002306, 0.002413, 0.002476, 0.002727, 0.002677, 0.002686, 0.002721, 0.002461, 0.002929, 0.003343, 0.002899, 0.003723, 0.002556, 0.002725, 0.003364, 0.002628, 0.002523, 0.003131, 0.003856, 0.002627, 0.002798, 0.002336, 0.002694, 0.00264, 0.003186, 0.002885, 0.00257, 0.002416, 0.002493, 0.002562, 0.0024, 0.002108, 0.002034, 0.002455, 0.00336, 0.002689, 0.002688, 0.002982, 0.003123, 0.00355, 0.002508, 0.002717, 0.003086, 0.002995, 0.002671, 0.002604, 0.003288, 0.00338, 0.002603, 0.002725, 0.003166, 0.002188, 0.002952, 0.002565, 0.002735, 0.00213, 0.002438, 0.002635, 0.002597, 0.002871, 0.002287, 0.002178, 0.002185, 0.002257, 0.002796, 0.002528, 0.002193, 0.003474, 0.003415, 0.002337, 0.002195, 0.002211, 0.002376, 0.002314, 0.002357, 0.002412, 0.002084, 0.002666, 0.002241, 0.001972, 0.001979, 0.002362, 0.00202, 0.002634, 0.002627, 0.002654, 0.002541, 0.002742, 0.00306, 0.003005, 0.003168, 0.003015, 0.00208, 0.002321, 0.002614, 0.002106, 0.002837, 0.002649, 0.002784, 0.002526, 0.003064, 0.001968, 0.001937, 0.00241, 0.002258, 0.002187, 0.004433, 0.002111, 0.002694, 0.002777, 0.002619, 0.004155, 0.003971, 0.003305, 0.003517, 0.00218, 0.003685, 0.003314, 0.002212, 0.002381, 0.002395, 0.002202, 0.002651, 0.002195, 0.001811, 0.003501, 0.002655, 0.002302, 0.002055, 0.002242, 0.002446, 0.004823, 0.005065, 0.002555, 0.002831, 0.00265, 0.002502, 0.002012, 0.001646, 0.002345, 0.002137, 0.002238, 0.002175, 0.00195, 0.002239, 0.00221, 0.002272, 0.00253, 0.002117, 0.002504, 0.002529, 0.002147, 0.001906, 0.002048, 0.002291, 0.002318, 0.003178, 0.003237, 0.002199, 0.002118, 0.002168, 0.002326, 0.001942, 0.002092, 0.002148, 0.001824, 0.002228, 0.00241, 0.002238, 0.001916, 0.001883, 0.002315, 0.002156, 0.002116, 0.001472, 0.002333, 0.002482, 0.002123, 0.00375, 0.002, 0.002336, 0.002346, 0.002476, 0.002629, 0.002682, 0.002161, 0.002052, 0.00219, 0.00297, 0.00292, 0.003903, 0.005897, 0.007314, 0.00678, 0.006569, 0.005212, 0.002757, 0.002365, 0.002804, 0.005159, 0.003878, 0.003434, 0.003907, 0.002769, 0.002471, 0.002409, 0.002296, 0.002634, 0.001982, 0.003359, 0.003378, 0.00246, 0.00284, 0.002789, 0.003913, 0.003818, 0.003983, 0.002921, 0.002221, 0.00227, 0.002957, 0.003301, 0.002727, 0.003668, 0.002217, 0.002771, 0.002551, 0.002448, 0.002085, 0.002149, 0.002059, 0.002171, 0.002146, 0.002145, 0.00213, 0.002765, 0.00204, 0.001892, 0.002226, 0.00226, 0.003499, 0.001877, 0.002215, 0.002399, 0.00181, 0.003325, 0.002511, 0.002926, 0.002268, 0.002096, 