{"num_points": 95, "num_frames": 152, "magnitudes_raw": [0.0, 0.00137, 0.001517, 0.001813, 0.002049, 0.001928, 0.00182, 0.002063, 0.001967, 0.001796, 0.001963, 0.002259, 0.001678, 0.001891, 0.00196, 0.001839, 0.00144, 0.001765, 0.001819, 0.001508, 0.001445, 0.001341, 0.001949, 0.001748, 0.001738, 0.001405, 0.002017, 0.002265, 0.002399, 0.00178, 0.001866, 0.001948, 0.001603, 0.00179, 0.002466, 0.001758, 0.00163, 0.001821, 0.00167, 0.001803, 0.002036, 0.001933, 0.002297, 0.001712, 0.001945, 0.001772, 0.001292, 0.001638, 0.001435, 0.0017, 0.002178, 0.001478, 0.002131, 0.001787, 0.001701, 0.001723, 0.001733, 0.002078, 0.001807, 0.001834, 0.001808, 0.001924, 0.001589, 0.001846, 0.002125, 0.001607, 0.002017, 0.001933, 0.001871, 0.002144, 0.002312, 0.001616, 0.001607, 0.001277, 0.001753, 0.001492, 0.001482, 0.001776, 0.001862, 0.001812, 0.002181, 0.002137, 0.001729, 0.001895, 0.002107, 0.002101, 0.001966, 0.001676, 0.00148, 0.001712, 0.001753, 0.001677, 0.001509, 0.001728, 0.001599, 0.001605, 0.002029, 0.001725, 0.001481, 0.001956, 0.002264, 0.00205, 0.001992, 0.001884, 0.001744, 0.001868, 0.002003, 0.002041, 0.002151, 0.002238, 0.002096, 0.001906, 0.001807, 0.001932, 0.002003, 0.001899, 0.001966, 0.001504, 0.00236, 0.00153, 0.001338, 0.001166, 0.002231, 0.001953, 0.001667, 0.001641, 0.001745, 0.001749, 0.001837, 0.00137, 0.001531, 0.00122, 0.001246, 0.001353, 0.001522, 0.001388, 0.001577, 0.001345, 0.001181, 0.001564, 0.001397, 0.001009, 0.000851, 0.001174, 0.001792, 0.001493, 0.001419, 0.001692, 0.001444, 0.001585, 0.001375, 0.001303], "segments": [], "threshold": 0.02, "stats": {"min": 0.0, "max": 0.002466, "mean": 0.001746}}