{"num_points": 150, "num_frames": 104, "magnitudes_raw": [0.0, 0.002088, 0.002191, 0.001889, 0.007126, 0.003265, 0.00271, 0.002722, 0.002523, 0.004183, 0.005275, 0.015179, 0.027338, 0.02574, 0.013358, 0.007254, 0.015396, 0.11143, 0.055325, 0.005585, 0.007246, 0.004343, 0.008981, 0.004359, 0.003773, 0.00663, 0.004618, 0.004868, 0.004347, 0.005056, 0.008075, 0.007937, 0.004539, 0.003821, 0.005434, 0.003726, 0.006307, 0.005501, 0.009399, 0.003652, 0.002727, 0.003298, 0.005897, 0.00507, 0.0226, 0.037153, 0.011696, 0.00693, 0.011027, 0.019945, 0.016313, 0.021713, 0.012235, 0.015727, 0.185872, 0.029157, 0.061722, 0.055333, 0.021368, 0.010246, 0.007653, 0.007579, 0.005199, 0.009345, 0.011164, 0.009209, 0.004555, 0.003854, 0.003515, 0.007254, 0.006745, 0.005111, 0.006979, 0.006444, 0.010469, 0.012232, 0.006143, 0.004613, 0.004182, 0.004295, 0.007434, 0.003722, 0.005164, 0.006672, 0.006422, 0.007367, 0.013125, 0.017608, 0.004403, 0.004108, 0.00873, 0.00961, 0.003309, 0.005282, 0.002239, 0.004795, 0.002125, 0.002787, 0.002966, 0.001933, 0.003035, 0.002625, 0.00389, 0.002343], "segments": [{"start": 51, "end": 58, "num_frames": 8, "peak": 0.18587205849855223, "avg": 0.05039093922787577}], "threshold": 0.02, "stats": {"min": 0.0, "max": 0.185872, "mean": 0.011995}}