{"num_points": 85, "num_frames": 53, "magnitudes_raw": [0.0, 0.004562, 0.003185, 0.002185, 0.003402, 0.002448, 0.005692, 0.003786, 0.005186, 0.004181, 0.005404, 0.011576, 0.014794, 0.004191, 0.004683, 0.003012, 0.002565, 0.003401, 0.005644, 0.005072, 0.003746, 0.0033, 0.007016, 0.047892, 0.008885, 0.00755, 0.007523, 0.00767, 0.008478, 0.005023, 0.005571, 0.007947, 0.003838, 0.00514, 0.004387, 0.004589, 0.003355, 0.002469, 0.006316, 0.003949, 0.003004, 0.004464, 0.004781, 0.0035, 0.007395, 0.003587, 0.002996, 0.004259, 0.005327, 0.004216, 0.004736, 0.007485, 0.005925], "segments": [], "threshold": 0.02, "stats": {"min": 0.0, "max": 0.047892, "mean": 0.005873}}