{"num_points": 89, "num_frames": 335, "magnitudes_raw": [0.0, 0.001694, 0.001857, 0.002164, 0.002616, 0.002331, 0.002168, 0.002095, 0.003168, 0.002359, 0.001802, 0.00287, 0.002188, 0.002181, 0.002998, 0.00337, 0.002769, 0.003485, 0.003533, 0.002671, 0.002344, 0.002873, 0.002375, 0.003609, 0.005556, 0.003839, 0.005933, 0.002473, 0.003161, 0.003909, 0.003028, 0.004611, 0.002655, 0.002407, 0.002379, 0.001462, 0.001859, 0.002782, 0.001567, 0.001707, 0.001645, 0.001567, 0.001911, 0.001884, 0.001578, 0.001604, 0.001898, 0.002003, 0.001845, 0.001765, 0.00182, 0.002213, 0.001798, 0.002523, 0.002815, 0.002476, 0.002153, 0.001627, 0.001757, 0.002944, 0.002594, 0.002641, 0.007812, 0.004311, 0.003076, 0.002973, 0.003081, 0.004107, 0.012676, 0.005144, 0.004094, 0.005211, 0.005596, 0.004796, 0.004886, 0.002303, 0.002554, 0.002104, 0.002571, 0.002021, 0.002298, 0.001977, 0.001982, 0.001388, 0.001284, 0.001877, 0.001998, 0.002028, 0.002768, 0.001806, 0.002454, 0.002305, 0.001833, 0.002099, 0.001926, 0.002052, 0.002516, 0.00214, 0.003503, 0.00531, 0.004481, 0.003826, 0.00384, 0.003897, 0.004826, 0.004484, 0.004046, 0.004457, 0.004309, 0.005184, 0.00599, 0.004147, 0.003537, 0.002045, 0.002681, 0.003938, 0.004215, 0.005239, 0.002872, 0.003199, 0.002522, 0.002344, 0.002563, 0.002074, 0.001569, 0.001498, 0.001957, 0.002048, 0.001582, 0.00186, 0.001468, 0.001475, 0.001747, 0.001178, 0.001467, 0.001402, 0.001054, 0.001197, 0.001527, 0.001534, 0.001871, 0.002071, 0.0023, 0.00206, 0.002684, 0.002633, 0.003127, 0.002683, 0.002222, 0.003374, 0.002957, 0.004028, 0.003406, 0.003303, 0.006338, 0.004725, 0.01136, 0.007078, 0.008632, 0.007187, 0.002817, 0.004324, 0.004009, 0.003797, 0.002955, 0.002841, 0.002086, 0.001853, 0.001949, 0.001786, 0.002293, 0.001926, 0.001742, 0.001577, 0.001618, 0.001729, 0.002018, 0.001516, 0.001579, 0.002242, 0.00191, 0.0021, 0.002092, 0.001809, 0.002415, 0.002147, 0.001787, 0.002022, 0.002062, 0.00165, 0.001784, 0.002098, 0.001972, 0.00227, 0.00174, 0.001734, 0.002261, 0.001817, 0.002332, 0.002264, 0.002128, 0.002877, 0.003632, 0.002719, 0.00276, 0.003202, 0.003353, 0.006148, 0.010603, 0.00757, 0.006121, 0.005458, 0.005024, 0.00455, 0.003881, 0.004932, 0.006265, 0.004236, 0.003514, 0.003249, 0.002353, 0.003277, 0.002323, 0.004104, 0.001857, 0.001838, 0.00289, 0.002452, 0.002254, 0.002599, 0.001661, 0.001951, 0.001824, 0.002197, 0.002464, 0.002111, 0.002005, 0.00178, 0.001573, 0.001842, 0.001892, 0.002232, 0.002135, 0.002104, 0.001762, 0.002188, 0.001611, 0.002236, 0.001776, 0.003236, 0.002603, 0.001952, 0.002365, 0.003311, 0.00449, 0.003858, 0.002522, 0.002774, 0.005226, 0.004298, 0.003016, 0.002446, 0.002925, 0.003533, 0.002629, 0.002914, 0.002127, 0.002379, 0.003542, 0.002061, 0.00215, 0.003616, 0.002693, 0.002607, 0.003015, 0.003744, 0.002468, 0.002021, 0.002417, 0.0033, 0.001741, 0.002031, 0.001764, 0.001551, 0.001677, 0.001943, 0.002176, 0.001856, 0.001827, 0.001746, 0.001663, 0.001796, 0.001513, 0.001761, 0.001677, 0.001913, 0.001969, 0.002557, 0.001637, 0.001479, 0.001608, 0.001725, 0.001407, 0.002014, 0.00222, 0.001318, 0.001547, 0.001518, 0.001653, 0.001556, 0.001537, 0.001499, 0.002004, 0.00158, 0.00165, 0.002086, 0.001769, 0.002318, 0.002002, 0.002248, 0.001761, 0.003037, 0.002217, 0.004758, 0.002546, 0.002972, 0.002405, 0.00203, 0.002598, 0.002202, 0.002041, 0.001927, 0.002114, 0.00345, 0.005445], "segments": [], "threshold": 0.02, "stats": {"min": 0.0, "max": 0.012676, "mean": 0.002764}}