{"num_points": 95, "num_frames": 200, "magnitudes_raw": [0.0, 0.002409, 0.002079, 0.002301, 0.002486, 0.002803, 0.002728, 0.00382, 0.003348, 0.002769, 0.003106, 0.003615, 0.005883, 0.004393, 0.0071, 0.012526, 0.014323, 0.050514, 0.009887, 0.004563, 0.003094, 0.004409, 0.003045, 0.004815, 0.004744, 0.003048, 0.002495, 0.003098, 0.002679, 0.004985, 0.006059, 0.004069, 0.002511, 0.002842, 0.002711, 0.00288, 0.00292, 0.003585, 0.002515, 0.002416, 0.002738, 0.002801, 0.002726, 0.002438, 0.002679, 0.00316, 0.002308, 0.002262, 0.002524, 0.002751, 0.00319, 0.002974, 0.004318, 0.003246, 0.002439, 0.002968, 0.003535, 0.003279, 0.003517, 0.00298, 0.002908, 0.003489, 0.002519, 0.002881, 0.002909, 0.003167, 0.003817, 0.003984, 0.004854, 0.00295, 0.00318, 0.003102, 0.002526, 0.003279, 0.00279, 0.002762, 0.002734, 0.003409, 0.002266, 0.002946, 0.002279, 0.004993, 0.008117, 0.007483, 0.004487, 0.005873, 0.005743, 0.004203, 0.005456, 0.009014, 0.012312, 0.009391, 0.007438, 0.01195, 0.017194, 0.004675, 0.004691, 0.003901, 0.004269, 0.002711, 0.003655, 0.003036, 0.002624, 0.002768, 0.002278, 0.002581, 0.002781, 0.002367, 0.002837, 0.003305, 0.003174, 0.002626, 0.00292, 0.002745, 0.002683, 0.002419, 0.002357, 0.002497, 0.002858, 0.002744, 0.002199, 0.002567, 0.002128, 0.003151, 0.002506, 0.003807, 0.006697, 0.011131, 0.00595, 0.003794, 0.003513, 0.003237, 0.006048, 0.005478, 0.00878, 0.005851, 0.004305, 0.010491, 0.010435, 0.011763, 0.010917, 0.011717, 0.01448, 0.013236, 0.010096, 0.006993, 0.002697, 0.001906, 0.002323, 0.002657, 0.003403, 0.004216, 0.013612, 0.004412, 0.004786, 0.003217, 0.003553, 0.0038, 0.002689, 0.002859, 0.00534, 0.003868, 0.005816, 0.003788, 0.004342, 0.003814, 0.004206, 0.003692, 0.003246, 0.002874, 0.00264, 0.00261, 0.00217, 0.003374, 0.003153, 0.002018, 0.002842, 0.003431, 0.002316, 0.003894, 0.002835, 0.002101, 0.002524, 0.00245, 0.002057, 0.002094, 0.001999, 0.002915, 0.002809, 0.002554, 0.002108, 0.002667, 0.002617, 0.003767, 0.002551, 0.002529, 0.002017, 0.002306, 0.002495, 0.002316], "segments": [], "threshold": 0.02, "stats": {"min": 0.0, "max": 0.050514, "mean": 0.004394}}