{"num_points": 93, "num_frames": 267, "magnitudes_raw": [0.0, 0.001293, 0.001499, 0.001406, 0.001589, 0.003002, 0.001587, 0.004679, 0.006308, 0.004739, 0.003559, 0.004357, 0.003169, 0.008164, 0.003937, 0.006705, 0.003887, 0.004042, 0.002021, 0.005379, 0.011831, 0.002307, 0.007033, 0.004332, 0.01213, 0.004424, 0.004265, 0.009182, 0.004174, 0.004022, 0.002951, 0.00316, 0.007624, 0.009384, 0.008553, 0.003195, 0.001748, 0.004926, 0.0, 0.0, 0.010642, 0.007014, 0.007583, 0.002637, 0.006616, 0.005426, 0.002435, 0.010987, 0.005854, 0.003493, 0.002585, 0.002574, 0.005317, 0.001629, 0.004204, 0.002233, 0.002209, 0.001626, 0.002639, 0.008481, 0.005453, 0.004467, 0.002187, 0.001992, 0.003089, 0.001395, 0.00304, 0.002568, 0.001684, 0.001404, 0.001187, 0.002329, 0.001776, 0.002195, 0.001932, 0.002961, 0.002515, 0.005697, 0.004008, 0.00659, 0.004663, 0.002803, 0.002467, 0.002033, 0.002868, 0.001186, 0.005943, 0.002782, 0.007545, 0.010122, 0.005366, 0.004268, 0.003852, 0.002799, 0.001602, 0.003217, 0.002741, 0.002339, 0.002419, 0.004857, 0.002903, 0.001788, 0.004619, 0.004082, 0.00237, 0.004161, 0.004104, 0.005906, 0.004978, 0.005383, 0.004245, 0.00314, 0.003127, 0.003183, 0.004706, 0.006832, 0.002974, 0.00286, 0.003302, 0.00349, 0.002352, 0.004479, 0.00246, 0.002326, 0.003437, 0.003341, 0.004521, 0.011105, 0.002919, 0.005401, 0.011759, 0.007768, 0.007894, 0.004101, 0.035698, 0.017492, 0.00345, 0.012936, 0.020668, 0.015581, 0.088852, 0.115106, 0.010142, 0.008417, 0.0071, 0.066683, 0.109204, 0.057761, 0.004748, 0.017032, 0.015317, 0.011794, 0.03512, 0.010901, 0.008368, 0.007318, 0.014487, 0.028723, 0.037461, 0.033129, 0.004782, 0.00489, 0.003996, 0.004593, 0.002704, 0.022274, 0.045468, 0.042781, 0.003658, 0.005171, 0.009459, 0.001916, 0.003907, 0.004136, 0.002722, 0.004226, 0.018445, 0.013672, 0.006768, 0.005232, 0.011319, 0.015262, 0.011139, 0.010307, 0.004953, 0.002833, 0.004102, 0.007283, 0.006564, 0.005601, 0.004076, 0.006257, 0.01057, 0.012459, 0.004966, 0.026227, 0.021727, 0.020089, 0.013642, 0.010733, 0.012568, 0.012008, 0.007538, 0.00593, 0.012097, 0.006943, 0.034609, 0.028377, 0.001714, 0.001973, 0.004459, 0.001861, 0.005285, 0.040084, 0.036217, 0.003879, 0.002199, 0.007116, 0.008422, 0.003341, 0.001631, 0.00165, 0.001491, 0.001534, 0.004071, 0.001861, 0.00367, 0.005118, 0.004998, 0.003861, 0.006793, 0.003462, 0.005484, 0.002671, 0.004473, 0.006311, 0.009097, 0.013155, 0.001829, 0.001888, 0.005246, 0.007458, 0.00446, 0.004173, 0.001645, 0.004184, 0.001778, 0.002668, 0.00308, 0.002072, 0.004823, 0.004115, 0.004096, 0.002112, 0.004449, 0.002478, 0.006513, 0.005007, 0.003911, 0.005165, 0.008325, 0.01246, 0.009802, 0.006842, 0.018301, 0.006045, 0.001924], "segments": [{"start": 134, "end": 159, "num_frames": 26, "peak": 0.11510564310150886, "avg": 0.030518778686442764}], "threshold": 0.02, "stats": {"min": 0.0, "max": 0.115106, "mean": 0.008383}}