{"num_points": 98, "num_frames": 152, "magnitudes_raw": [0.0, 0.004088, 0.004253, 0.004599, 0.006753, 0.007821, 0.00839, 0.015757, 0.010115, 0.005756, 0.005178, 0.01421, 0.009353, 0.007948, 0.00956, 0.0115, 0.016626, 0.006712, 0.007619, 0.006529, 0.007696, 0.007055, 0.004582, 0.006102, 0.007506, 0.003899, 0.004991, 0.003667, 0.005046, 0.004117, 0.00907, 0.007371, 0.003282, 0.003248, 0.003259, 0.003734, 0.004757, 0.006535, 0.003455, 0.005345, 0.006175, 0.003532, 0.008756, 0.004811, 0.004111, 0.006801, 0.00457, 0.003195, 0.00278, 0.006195, 0.00769, 0.005908, 0.003256, 0.004293, 0.005482, 0.005649, 0.004189, 0.004946, 0.003999, 0.003488, 0.003736, 0.006431, 0.004048, 0.003266, 0.00349, 0.00409, 0.005058, 0.004395, 0.004326, 0.004929, 0.00632, 0.002362, 0.002583, 0.003015, 0.002988, 0.002982, 0.003379, 0.00426, 0.006042, 0.008246, 0.002992, 0.002663, 0.002777, 0.002493, 0.003575, 0.003902, 0.00442, 0.006674, 0.008423, 0.005591, 0.003838, 0.005022, 0.005718, 0.005307, 0.004232, 0.004908, 0.003887, 0.003271, 0.004345, 0.003601, 0.002222, 0.002183, 0.001938, 0.002463, 0.002569, 0.002523, 0.002757, 0.007966, 0.014676, 0.004156, 0.003811, 0.004082, 0.002555, 0.002148, 0.003445, 0.004186, 0.003514, 0.003231, 0.002785, 0.005068, 0.007001, 0.003947, 0.004098, 0.004625, 0.004373, 0.007144, 0.003251, 0.007767, 0.011275, 0.008543, 0.004772, 0.004284, 0.004074, 0.003195, 0.00318, 0.003246, 0.003311, 0.008004, 0.01159, 0.00353, 0.003159, 0.003155, 0.003738, 0.004137, 0.007691, 0.003247, 0.005603, 0.005407, 0.003967, 0.002747, 0.00503, 0.007164], "segments": [], "threshold": 0.02, "stats": {"min": 0.0, "max": 0.016626, "mean": 0.005167}}