{"num_points": 93, "num_frames": 152, "magnitudes_raw": [0.0, 0.045599, 0.040624, 0.038506, 0.09051, 0.041107, 0.004535, 0.018135, 0.044868, 0.071644, 0.055367, 0.058274, 0.050124, 0.048959, 0.034539, 0.02403, 0.015357, 0.032769, 0.052154, 0.082906, 0.079115, 0.081183, 0.060493, 0.020858, 0.006165, 0.020453, 0.0455, 0.053276, 0.054555, 0.071136, 0.047111, 0.044604, 0.02765, 0.022755, 0.040762, 0.079121, 0.088739, 0.103244, 0.113486, 0.042367, 0.01947, 0.010209, 0.024407, 0.038009, 0.082438, 0.075541, 0.064697, 0.057426, 0.050028, 0.031141, 0.009451, 0.023573, 0.047712, 0.095651, 0.092154, 0.092998, 0.061275, 0.012067, 0.014486, 0.035781, 0.045836, 0.045414, 0.0546, 0.069774, 0.067052, 0.048888, 0.036947, 0.02186, 0.021954, 0.072103, 0.069495, 0.100094, 0.086973, 0.086032, 0.031586, 0.005519, 0.023122, 0.054955, 0.075533, 0.05902, 0.05889, 0.079534, 0.056356, 0.042205, 0.026578, 0.009497, 0.030946, 0.05472, 0.071195, 0.088679, 0.096825, 0.098417, 0.035692, 0.005101, 0.023099, 0.045947, 0.058066, 0.054242, 0.040865, 0.040351, 0.041947, 0.040852, 0.022824, 0.013904, 0.026776, 0.075969, 0.06016, 0.063499, 0.068548, 0.049081, 0.015552, 0.011451, 0.033722, 0.044672, 0.043368, 0.052366, 0.052029, 0.061086, 0.063074, 0.042143, 0.033012, 0.006168, 0.036632, 0.060315, 0.069464, 0.086706, 0.074632, 0.065595, 0.037291, 0.008681, 0.014925, 0.03041, 0.041929, 0.046446, 0.041918, 0.059744, 0.054527, 0.044133, 0.032609, 0.019632, 0.007339, 0.024884, 0.054989, 0.080527, 0.072781, 0.08012, 0.074804, 0.028282, 0.006833, 0.019275, 0.033067, 0.039222], "segments": [{"start": 1, "end": 151, "num_frames": 151, "peak": 0.11348565340436526, "avg": 0.048046163067701306}], "threshold": 0.02, "stats": {"min": 0.0, "max": 0.113486, "mean": 0.04773}}