{"num_points": 100, "num_frames": 107, "magnitudes_raw": [0.0, 0.001525, 0.001574, 0.002113, 0.002928, 0.001922, 0.002554, 0.001993, 0.001834, 0.002151, 0.001746, 0.003756, 0.00261, 0.002506, 0.002351, 0.002688, 0.002557, 0.001971, 0.002222, 0.002882, 0.002182, 0.002211, 0.006842, 0.00464, 0.002531, 0.00302, 0.003339, 0.003986, 0.001819, 0.001899, 0.00211, 0.00236, 0.001788, 0.00213, 0.002116, 0.002139, 0.002052, 0.002115, 0.002674, 0.002729, 0.002825, 0.003556, 0.003773, 0.002838, 0.002296, 0.003615, 0.002419, 0.004275, 0.006222, 0.003608, 0.004126, 0.003887, 0.003004, 0.002979, 0.002874, 0.002748, 0.002341, 0.003218, 0.002713, 0.00244, 0.002607, 0.003329, 0.001943, 0.002311, 0.004172, 0.0037, 0.004892, 0.002796, 0.00383, 0.002989, 0.006292, 0.00419, 0.004833, 0.004082, 0.003857, 0.002479, 0.004335, 0.004065, 0.00268, 0.00251, 0.002235, 0.002115, 0.002308, 0.002036, 0.00196, 0.002473, 0.001967, 0.001873, 0.001971, 0.001764, 0.002335, 0.002443, 0.010086, 0.017182, 0.01438, 0.006879, 0.008934, 0.012182, 0.011744, 0.00896, 0.007323, 0.007619, 0.01208, 0.003008, 0.003464, 0.005671, 0.002738], "segments": [], "threshold": 0.02, "stats": {"min": 0.0, "max": 0.017182, "mean": 0.003682}}