{"num_points": 150, "num_frames": 48, "magnitudes_raw": [0.0, 0.002231, 0.002042, 0.002221, 0.003325, 0.004591, 0.003136, 0.002927, 0.003552, 0.003584, 0.007558, 0.006129, 0.011257, 0.017085, 0.022916, 0.020453, 0.024818, 0.02162, 0.027523, 0.031256, 0.019434, 0.015332, 0.032408, 0.02745, 0.017791, 0.013702, 0.014099, 0.006544, 0.007098, 0.006151, 0.006058, 0.006089, 0.004813, 0.006811, 0.007486, 0.009268, 0.008257, 0.008155, 0.004962, 0.008448, 0.009146, 0.005813, 0.012491, 0.012428, 0.006905, 0.01669, 0.005059, 0.018087], "segments": [{"start": 14, "end": 23, "num_frames": 10, "peak": 0.03240784712235083, "avg": 0.024321189968271838}], "threshold": 0.02, "stats": {"min": 0.0, "max": 0.032408, "mean": 0.01115}}