{"num_points": 99, "num_frames": 166, "magnitudes_raw": [0.0, 0.001802, 0.001526, 0.00165, 0.00156, 0.001911, 0.003325, 0.002841, 0.002353, 0.002524, 0.003307, 0.002897, 0.002454, 0.001839, 0.001924, 0.001998, 0.00221, 0.00227, 0.00323, 0.002167, 0.0027, 0.00198, 0.002563, 0.003091, 0.005919, 0.002914, 0.002918, 0.003634, 0.003809, 0.003953, 0.003526, 0.004662, 0.003979, 0.002936, 0.002269, 0.002257, 0.002522, 0.002617, 0.001645, 0.001981, 0.002427, 0.002467, 0.002224, 0.002221, 0.002949, 0.0023, 0.002636, 0.003957, 0.004958, 0.005774, 0.003637, 0.005591, 0.012639, 0.004959, 0.006672, 0.004518, 0.010079, 0.008367, 0.010439, 0.005965, 0.004166, 0.006586, 0.019384, 0.024389, 0.049382, 0.049028, 0.055817, 0.026864, 0.025047, 0.017277, 0.018428, 0.012895, 0.01369, 0.012515, 0.007949, 0.007574, 0.004226, 0.00306, 0.004179, 0.005631, 0.003768, 0.003865, 0.002078, 0.002745, 0.002686, 0.002378, 0.002342, 0.002561, 0.005385, 0.003325, 0.003934, 0.003138, 0.003783, 0.006581, 0.021229, 0.015367, 0.00958, 0.006244, 0.003422, 0.003638, 0.002544, 0.002304, 0.001941, 0.003837, 0.005621, 0.004118, 0.004257, 0.035604, 0.016166, 0.022087, 0.038593, 0.034819, 0.009257, 0.006371, 0.003276, 0.004009, 0.004222, 0.001956, 0.00849, 0.009141, 0.006666, 0.016651, 0.005278, 0.028383, 0.019744, 0.045993, 0.002006, 0.026774, 0.079867, 0.025713, 0.017845, 0.126091, 0.053956, 0.003297, 0.002381, 0.002058, 0.002421, 0.002464, 0.002197, 0.003337, 0.012697, 0.031149, 0.117606, 0.048552, 0.018826, 0.008018, 0.008775, 0.0, 0.0, 0.0, 0.0, 0.0, 0.0, 0.011858, 0.042952, 0.083194, 0.023602, 0.025343, 0.004678, 0.005277, 0.0025, 0.002131, 0.002256, 0.002208, 0.001921, 0.002477], "segments": [{"start": 123, "end": 132, "num_frames": 10, "peak": 0.12609125973319957, "avg": 0.04263722343259362}], "threshold": 0.02, "stats": {"min": 0.0, "max": 0.126091, "mean": 0.01105}}