{"num_points": 93, "num_frames": 152, "magnitudes_raw": [0.0, 0.007165, 0.005676, 0.012474, 0.028163, 0.00944, 0.006928, 0.005705, 0.003321, 0.003636, 0.005137, 0.003564, 0.004917, 0.005375, 0.004512, 0.003119, 0.003574, 0.00426, 0.004079, 0.005956, 0.0086, 0.024452, 0.014828, 0.007861, 0.006857, 0.006672, 0.009015, 0.008651, 0.00441, 0.004348, 0.005749, 0.004048, 0.003154, 0.003251, 0.00658, 0.007848, 0.013435, 0.018851, 0.015424, 0.026617, 0.041284, 0.056623, 0.067746, 0.084198, 0.095005, 0.102746, 0.100505, 0.090611, 0.111894, 0.134945, 0.132861, 0.111099, 0.083741, 0.062343, 0.047577, 0.033901, 0.033648, 0.044693, 0.03872, 0.029794, 0.023416, 0.012625, 0.012696, 0.008437, 0.006485, 0.004249, 0.012508, 0.014405, 0.015083, 0.014476, 0.011933, 0.00412, 0.006924, 0.010375, 0.012326, 0.011986, 0.008208, 0.011778, 0.014505, 0.023657, 0.023593, 0.035279, 0.043327, 0.033405, 0.020768, 0.008317, 0.004331, 0.006504, 0.007401, 0.009637, 0.012242, 0.009694, 0.007077, 0.006009, 0.008144, 0.008296, 0.007092, 0.010025, 0.003938, 0.003264, 0.00536, 0.006642, 0.004618, 0.003822, 0.004626, 0.005386, 0.004204, 0.00574, 0.005122, 0.00356, 0.003665, 0.003822, 0.006336, 0.007307, 0.003601, 0.004457, 0.004749, 0.005968, 0.005146, 0.004538, 0.006565, 0.003949, 0.00607, 0.0058, 0.004978, 0.003061, 0.009461, 0.007946, 0.021892, 0.014021, 0.012638, 0.011339, 0.028705, 0.136107, 0.038833, 0.00728, 0.035099, 0.049518, 0.037234, 0.014098, 0.009878, 0.009454, 0.003508, 0.003392, 0.00772, 0.006124, 0.004333, 0.00442, 0.004101, 0.009475, 0.004408, 0.004227], "segments": [{"start": 39, "end": 60, "num_frames": 22, "peak": 0.13494461833647192, "avg": 0.0706349058070216}, {"start": 128, "end": 138, "num_frames": 11, "peak": 0.13610657588816194, "avg": 0.03569688842514706}], "threshold": 0.02, "stats": {"min": 0.0, "max": 0.136107, "mean": 0.019503}}