{"num_points": 90, "num_frames": 52, "magnitudes_raw": [0.0, 0.001714, 0.002339, 0.002126, 0.002381, 0.002157, 0.001684, 0.001527, 0.001549, 0.00198, 0.002087, 0.00247, 0.002149, 0.002435, 0.003215, 0.001972, 0.002435, 0.002264, 0.002249, 0.00253, 0.002395, 0.003, 0.003465, 0.004669, 0.013802, 0.047589, 0.061233, 0.066057, 0.050838, 0.031176, 0.024929, 0.021758, 0.012792, 0.011328, 0.016043, 0.040349, 0.045413, 0.0, 0.0, 0.0, 0.0, 0.0, 0.0, 0.0, 0.0, 0.0, 0.0, 0.0, 0.0, 0.0, 0.0, 0.0], "segments": [{"start": 25, "end": 36, "num_frames": 12, "peak": 0.06605670268633444, "avg": 0.03579210627671923}], "threshold": 0.02, "stats": {"min": 0.0, "max": 0.066057, "mean": 0.009579}}