{"num_points": 89, "num_frames": 34, "magnitudes_raw": [0.0, 0.001724, 0.002538, 0.003822, 0.008275, 0.015418, 0.040496, 0.238877, 0.0, 0.012276, 0.044428, 0.044233, 0.011017, 0.009411, 0.005738, 0.010469, 0.014177, 0.007565, 0.011914, 0.018041, 0.022641, 0.024788, 0.022522, 0.053067, 0.097408, 0.028458, 0.125794, 0.099697, 0.037109, 0.030978, 0.004248, 0.005883, 0.006807, 0.00689], "segments": [{"start": 20, "end": 29, "num_frames": 10, "peak": 0.12579426171281935, "avg": 0.05424618759099996}], "threshold": 0.02, "stats": {"min": 0.0, "max": 0.238877, "mean": 0.031374}}