{"num_points": 94, "num_frames": 44, "magnitudes_raw": [0.0, 0.002318, 0.002854, 0.003125, 0.004717, 0.003856, 0.00728, 0.005269, 0.006814, 0.013191, 0.025942, 0.015398, 0.014771, 0.006705, 0.003649, 0.007766, 0.006019, 0.0, 0.0, 0.005152, 0.003717, 0.00521, 0.008421, 0.004504, 0.003277, 0.00473, 0.003094, 0.003845, 0.00423, 0.003353, 0.003496, 0.003759, 0.002097, 0.002042, 0.00164, 0.002494, 0.002925, 0.002997, 0.002644, 0.003297, 0.003007, 0.003333, 0.003525, 0.003043], "segments": [], "threshold": 0.02, "stats": {"min": 0.0, "max": 0.025942, "mean": 0.004989}}