{"num_points": 93, "num_frames": 63, "magnitudes_raw": [0.0, 0.00195, 0.002272, 0.001966, 0.002066, 0.001993, 0.002209, 0.002021, 0.002358, 0.005397, 0.004584, 0.004441, 0.003128, 0.002323, 0.00379, 0.004027, 0.002198, 0.002973, 0.002048, 0.002071, 0.002082, 0.002142, 0.002008, 0.002504, 0.001944, 0.00223, 0.003194, 0.001981, 0.003553, 0.003967, 0.004546, 0.003226, 0.002599, 0.004115, 0.002223, 0.003984, 0.003409, 0.003613, 0.00511, 0.00383, 0.003849, 0.006034, 0.002719, 0.003236, 0.002645, 0.003092, 0.002389, 0.002466, 0.00209, 0.002026, 0.002148, 0.002077, 0.00188, 0.003425, 0.002692, 0.002732, 0.003598, 0.004325, 0.002843, 0.003846, 0.002669, 0.002802, 0.002376], "segments": [], "threshold": 0.02, "stats": {"min": 0.0, "max": 0.006034, "mean": 0.002921}}