{"num_points": 88, "num_frames": 93, "magnitudes_raw": [0.0, 0.003406, 0.002169, 0.002509, 0.009397, 0.003952, 0.012638, 0.033512, 0.036085, 0.031071, 0.035278, 0.026689, 0.018091, 0.009478, 0.003965, 0.01427, 0.014485, 0.007808, 0.004465, 0.003142, 0.005033, 0.004728, 0.002087, 0.004999, 0.006221, 0.003157, 0.013663, 0.024215, 0.02367, 0.016193, 0.009083, 0.005296, 0.004505, 0.003323, 0.007565, 0.016055, 0.012889, 0.020864, 0.009151, 0.013785, 0.004754, 0.002874, 0.003764, 0.008624, 0.006858, 0.013122, 0.030775, 0.033636, 0.027937, 0.004175, 0.007067, 0.009321, 0.009319, 0.007652, 0.003562, 0.002609, 0.003601, 0.005469, 0.004351, 0.006115, 0.005719, 0.005087, 0.003847, 0.003134, 0.00494, 0.006179, 0.008651, 0.008008, 0.0099, 0.005807, 0.002214, 0.002481, 0.004795, 0.003763, 0.004305, 0.003526, 0.002138, 0.002762, 0.004808, 0.006536, 0.012448, 0.008166, 0.002844, 0.003647, 0.003237, 0.003953, 0.002662, 0.01763, 0.004535, 0.002221, 0.00266, 0.003225, 0.003713], "segments": [], "threshold": 0.02, "stats": {"min": 0.0, "max": 0.036085, "mean": 0.009075}}