{"num_points": 96, "num_frames": 178, "magnitudes_raw": [0.0, 0.002252, 0.002395, 0.002847, 0.002388, 0.002462, 0.002817, 0.002507, 0.002515, 0.002791, 0.002385, 0.002406, 0.002721, 0.003794, 0.005489, 0.00843, 0.010672, 0.013885, 0.025178, 0.04386, 0.037443, 0.024556, 0.01917, 0.025202, 0.024677, 0.026813, 0.029118, 0.023633, 0.027096, 0.037679, 0.027822, 0.026302, 0.024479, 0.019745, 0.022612, 0.034105, 0.031081, 0.027026, 0.02656, 0.031188, 0.026979, 0.039096, 0.03251, 0.036339, 0.029001, 0.02505, 0.018149, 0.038984, 0.033931, 0.032703, 0.028042, 0.022894, 0.019253, 0.031581, 0.040271, 0.035928, 0.027508, 0.020838, 0.01727, 0.035376, 0.037656, 0.030033, 0.024702, 0.029465, 0.028277, 0.036816, 0.038951, 0.033997, 0.026993, 0.020633, 0.037088, 0.038346, 0.032983, 0.033741, 0.017039, 0.017737, 0.021579, 0.034789, 0.039831, 0.028943, 0.022151, 0.021621, 0.022789, 0.02607, 0.027797, 0.028327, 0.019068, 0.028534, 0.036399, 0.033851, 0.02664, 0.019559, 0.01903, 0.029676, 0.029989, 0.035782, 0.02765, 0.024518, 0.019135, 0.013735, 0.019619, 0.03123, 0.025288, 0.021311, 0.01865, 0.014934, 0.010806, 0.012098, 0.009536, 0.022778, 0.032059, 0.025117, 0.022179, 0.01277, 0.014704, 0.022434, 0.023665, 0.023188, 0.026547, 0.025089, 0.017375, 0.023237, 0.0148, 0.018541, 0.028183, 0.023407, 0.026857, 0.024973, 0.016576, 0.01958, 0.028417, 0.029733, 0.026486, 0.02369, 0.01805, 0.025918, 0.034161, 0.035402, 0.032613, 0.022885, 0.01997, 0.019112, 0.013888, 0.027746, 0.02673, 0.021794, 0.022855, 0.019616, 0.015274, 0.022846, 0.024349, 0.032643, 0.030106, 0.024013, 0.028041, 0.026388, 0.030674, 0.031479, 0.029289, 0.027875, 0.031832, 0.024481, 0.023781, 0.026876, 0.013125, 0.02521, 0.029948, 0.022828, 0.012732, 0.005851, 0.006736, 0.005954, 0.005882, 0.006674, 0.005422, 0.00277, 0.002413, 0.004278], "segments": [{"start": 18, "end": 103, "num_frames": 86, "peak": 0.043859708600886775, "avg": 0.02821413124051446}, {"start": 109, "end": 167, "num_frames": 59, "peak": 0.035401981301727656, "avg": 0.024308138945422293}], "threshold": 0.02, "stats": {"min": 0.0, "max": 0.04386, "mean": 0.022798}}