{"num_points": 91, "num_frames": 152, "magnitudes_raw": [0.0, 0.004972, 0.004604, 0.005041, 0.007254, 0.005584, 0.003726, 0.003792, 0.00241, 0.002534, 0.004045, 0.010995, 0.005426, 0.008083, 0.00794, 0.010976, 0.017346, 0.01547, 0.019564, 0.027858, 0.043478, 0.057074, 0.059432, 0.039319, 0.028978, 0.02074, 0.021422, 0.020452, 0.013692, 0.014013, 0.014643, 0.015444, 0.011351, 0.016456, 0.015994, 0.013664, 0.012043, 0.010391, 0.015945, 0.015485, 0.014484, 0.014052, 0.017446, 0.018469, 0.013555, 0.01125, 0.011685, 0.019664, 0.02164, 0.023527, 0.023868, 0.021897, 0.020962, 0.015808, 0.015979, 0.013361, 0.008248, 0.016029, 0.007481, 0.006111, 0.006162, 0.004718, 0.004727, 0.004123, 0.004967, 0.008952, 0.008173, 0.016567, 0.023906, 0.032265, 0.033691, 0.029589, 0.024784, 0.022417, 0.016667, 0.015616, 0.014098, 0.012704, 0.014009, 0.013725, 0.01366, 0.011108, 0.005857, 0.005694, 0.004908, 0.004921, 0.003826, 0.002835, 0.001926, 0.002099, 0.00283, 0.004679, 0.005491, 0.009915, 0.014003, 0.011748, 0.009298, 0.016056, 0.012728, 0.013202, 0.013956, 0.016646, 0.01635, 0.022662, 0.016489, 0.017972, 0.019362, 0.022, 0.018827, 0.01576, 0.013472, 0.017107, 0.017458, 0.024758, 0.024088, 0.028363, 0.02334, 0.028309, 0.031879, 0.019243, 0.013815, 0.00914, 0.022459, 0.012225, 0.014107, 0.015978, 0.012552, 0.012477, 0.004305, 0.00501, 0.007838, 0.005958, 0.005706, 0.004049, 0.00424, 0.00345, 0.002775, 0.003013, 0.003672, 0.005936, 0.009762, 0.008656, 0.003145, 0.002618, 0.003095, 0.004182, 0.002882, 0.003075, 0.005162, 0.013493, 0.006935, 0.015251], "segments": [{"start": 19, "end": 27, "num_frames": 9, "peak": 0.059431715986424924, "avg": 0.035416899240704666}, {"start": 113, "end": 122, "num_frames": 10, "peak": 0.03187936757684207, "avg": 0.022539483197157397}], "threshold": 0.02, "stats": {"min": 0.0, "max": 0.059432, "mean": 0.013597}}