{"num_points": 90, "num_frames": 152, "magnitudes_raw": [0.0, 0.001315, 0.002948, 0.009471, 0.061452, 0.192324, 0.199378, 0.038627, 0.011977, 0.006555, 0.009259, 0.008058, 0.008464, 0.004381, 0.003667, 0.011829, 0.004605, 0.002828, 0.00314, 0.004944, 0.004944, 0.007521, 0.022097, 0.041293, 0.039571, 0.012983, 0.009386, 0.012943, 0.003279, 0.007756, 0.008434, 0.00782, 0.003118, 0.001715, 0.001652, 0.002039, 0.005229, 0.003772, 0.002284, 0.001776, 0.001776, 0.004999, 0.002133, 0.001752, 0.001786, 0.002213, 0.005234, 0.001586, 0.00169, 0.006317, 0.0106, 0.00341, 0.005188, 0.013002, 0.177802, 0.116552, 0.077367, 0.052004, 0.007156, 0.006408, 0.020861, 0.020692, 0.006524, 0.012834, 0.004454, 0.004915, 0.003888, 0.006529, 0.02697, 0.035611, 0.063585, 0.015901, 0.026195, 0.038107, 0.013647, 0.032222, 0.012883, 0.028911, 0.006984, 0.015159, 0.007391, 0.014434, 0.010492, 0.005795, 0.003182, 0.005148, 0.015937, 0.008907, 0.028984, 0.016655, 0.079226, 0.08019, 0.019972, 0.018064, 0.02279, 0.024421, 0.029584, 0.029693, 0.007107, 0.002452, 0.018971, 0.020988, 0.009901, 0.006306, 0.00261, 0.016847, 0.058161, 0.08139, 0.117629, 0.020476, 0.008195, 0.010927, 0.00602, 0.006626, 0.010408, 0.007972, 0.011087, 0.005298, 0.003715, 0.002231, 0.002108, 0.002746, 0.008635, 0.00938, 0.019433, 0.085553, 0.111559, 0.00763, 0.014692, 0.011139, 0.007583, 0.012751, 0.028848, 0.021708, 0.0288, 0.021503, 0.021208, 0.043248, 0.030557, 0.008687, 0.004384, 0.003514, 0.048757, 0.044953, 0.046609, 0.042763, 0.011091, 0.017996, 0.018452, 0.007577, 0.014359, 0.014865], "segments": [{"start": 54, "end": 61, "num_frames": 8, "peak": 0.17780245910655898, "avg": 0.05985538829155238}, {"start": 68, "end": 77, "num_frames": 10, "peak": 0.06358524715996282, "avg": 0.029403217904548713}, {"start": 88, "end": 109, "num_frames": 22, "peak": 0.11762888182218613, "avg": 0.03238266146878233}, {"start": 132, "end": 145, "num_frames": 14, "peak": 0.0487572721642823, "avg": 0.02825282488332829}], "threshold": 0.02, "stats": {"min": 0.0, "max": 0.199378, "mean": 0.021776}}