{"num_points": 85, "num_frames": 302, "magnitudes_raw": [0.0, 0.00249, 0.002439, 0.002695, 0.002759, 0.00313, 0.002555, 0.002491, 0.002843, 0.002956, 0.004235, 0.00396, 0.003177, 0.003266, 0.003138, 0.003604, 0.002998, 0.003621, 0.003732, 0.003246, 0.003444, 0.003483, 0.003406, 0.003791, 0.005053, 0.005457, 0.005628, 0.005752, 0.005356, 0.007073, 0.007496, 0.013552, 0.021088, 0.017944, 0.015024, 0.013046, 0.011362, 0.006557, 0.006381, 0.005552, 0.004001, 0.00211, 0.003265, 0.003908, 0.003664, 0.004497, 0.002443, 0.00243, 0.00269, 0.003199, 0.003433, 0.003124, 0.003836, 0.004146, 0.00266, 0.004615, 0.00669, 0.009268, 0.015464, 0.010843, 0.009184, 0.011817, 0.009727, 0.011383, 0.003907, 0.004591, 0.009376, 0.009344, 0.007651, 0.003909, 0.004737, 0.003629, 0.004826, 0.004657, 0.006776, 0.006284, 0.003141, 0.003101, 0.002218, 0.002864, 0.002868, 0.00886, 0.004429, 0.005219, 0.004678, 0.002667, 0.002694, 0.003056, 0.004568, 0.002341, 0.002713, 0.002149, 0.002394, 0.003649, 0.002658, 0.003025, 0.002455, 0.002806, 0.002351, 0.002444, 0.002642, 0.002879, 0.003615, 0.004746, 0.005962, 0.012207, 0.014824, 0.003896, 0.003754, 0.004065, 0.002344, 0.002889, 0.00454, 0.003204, 0.002598, 0.002743, 0.003146, 0.003945, 0.002628, 0.003265, 0.001862, 0.00271, 0.003161, 0.002234, 0.003403, 0.003119, 0.003261, 0.002691, 0.001961, 0.003003, 0.002598, 0.002272, 0.003397, 0.005207, 0.003995, 0.0048, 0.004793, 0.00517, 0.003072, 0.003603, 0.002681, 0.002987, 0.003205, 0.00236, 0.002422, 0.003131, 0.002434, 0.004757, 0.004295, 0.003886, 0.005685, 0.00319, 0.002944, 0.002621, 0.007841, 0.00712, 0.004382, 0.003815, 0.003561, 0.002573, 0.002558, 0.002445, 0.002529, 0.004, 0.005412, 0.003982, 0.00353, 0.003224, 0.003505, 0.004503, 0.002838, 0.002623, 0.003225, 0.003003, 0.003156, 0.003898, 0.002253, 0.003143, 0.002779, 0.002853, 0.00403, 0.005293, 0.002432, 0.004437, 0.002658, 0.0022, 0.002222, 0.002514, 0.002902, 0.002829, 0.002749, 0.0041, 0.003533, 0.00379, 0.003796, 0.003109, 0.003151, 0.005973, 0.00326, 0.003443, 0.003038, 0.006339, 0.003958, 0.002816, 0.002795, 0.005459, 0.003546, 0.003167, 0.002849, 0.005001, 0.007946, 0.0045, 0.013394, 0.025111, 0.023402, 0.011596, 0.011464, 0.010301, 0.015251, 0.007972, 0.005637, 0.005757, 0.003678, 0.004258, 0.003578, 0.005485, 0.005881, 0.003407, 0.00479, 0.004416, 0.002875, 0.002819, 0.005202, 0.004064, 0.003799, 0.00339, 0.003174, 0.003722, 0.003919, 0.005192, 0.007972, 0.003055, 0.003689, 0.003952, 0.004225, 0.00775, 0.006556, 0.006309, 0.005958, 0.008432, 0.009745, 0.006786, 0.007242, 0.018704, 0.018464, 0.019406, 0.020195, 0.007815, 0.00539, 0.004983, 0.004559, 0.00309, 0.002288, 0.003081, 0.001998, 0.002135, 0.006062, 0.003025, 0.010904, 0.01491, 0.007341, 0.003985, 0.006077, 0.004542, 0.003005, 0.004297, 0.003556, 0.003505, 0.002756, 0.002708, 0.00381, 0.004255, 0.005263, 0.006017, 0.003749, 0.003604, 0.003351, 0.003258, 0.011209, 0.017249, 0.026956, 0.022619, 0.010108, 0.009864, 0.004099, 0.006295, 0.003593, 0.003221, 0.003164, 0.004956, 0.010035, 0.004453], "segments": [], "threshold": 0.02, "stats": {"min": 0.0, "max": 0.026956, "mean": 0.005218}}