{"num_points": 96, "num_frames": 152, "magnitudes_raw": [0.0, 0.016811, 0.035378, 0.018016, 0.024992, 0.028909, 0.028175, 0.020359, 0.031753, 0.029732, 0.007795, 0.005525, 0.010729, 0.012241, 0.011518, 0.010738, 0.022306, 0.017553, 0.021889, 0.014528, 0.013555, 0.04439, 0.088416, 0.046437, 0.021966, 0.017187, 0.022968, 0.017541, 0.01119, 0.018752, 0.004381, 0.020253, 0.020526, 0.019964, 0.021416, 0.004705, 0.008126, 0.005003, 0.002301, 0.004645, 0.005526, 0.009191, 0.010563, 0.003472, 0.006701, 0.010899, 0.018671, 0.01113, 0.011362, 0.005455, 0.00822, 0.006236, 0.01004, 0.008659, 0.008644, 0.002771, 0.003211, 0.004486, 0.005069, 0.004057, 0.00271, 0.004685, 0.002799, 0.003019, 0.003316, 0.004483, 0.006451, 0.003242, 0.005146, 0.004746, 0.004913, 0.007222, 0.006065, 0.004655, 0.003665, 0.005596, 0.002371, 0.003871, 0.002036, 0.002484, 0.002743, 0.002409, 0.002318, 0.002011, 0.00205, 0.002163, 0.002223, 0.002088, 0.003366, 0.003949, 0.002629, 0.008917, 0.008515, 0.010451, 0.007493, 0.007237, 0.008511, 0.009929, 0.016597, 0.012301, 0.017843, 0.021991, 0.025585, 0.05214, 0.037353, 0.027706, 0.024822, 0.017345, 0.021296, 0.017404, 0.006882, 0.007598, 0.010012, 0.01188, 0.015456, 0.030579, 0.040044, 0.034149, 0.009576, 0.010905, 0.006411, 0.007081, 0.010073, 0.006602, 0.010921, 0.017809, 0.032168, 0.020475, 0.019224, 0.008111, 0.009364, 0.01035, 0.00872, 0.020302, 0.068346, 0.065018, 0.053757, 0.061089, 0.1042, 0.08991, 0.087301, 0.064753, 0.064309, 0.009257, 0.006326, 0.007605, 0.062304, 0.044727, 0.029238, 0.03542, 0.025522, 0.051185], "segments": [{"start": 2, "end": 9, "num_frames": 8, "peak": 0.03537802800421609, "avg": 0.02716424740357501}, {"start": 16, "end": 34, "num_frames": 19, "peak": 0.08841618983439253, "avg": 0.024485200788734097}, {"start": 101, "end": 108, "num_frames": 8, "peak": 0.052140249041665615, "avg": 0.02852973258204055}, {"start": 133, "end": 151, "num_frames": 19, "peak": 0.10420004706024463, "avg": 0.05002997789934975}], "threshold": 0.02, "stats": {"min": 0.0, "max": 0.1042, "mean": 0.017742}}