{"num_points": 150, "num_frames": 1013, "magnitudes_raw": [0.0, 0.001676, 0.002178, 0.002064, 0.002327, 0.002355, 0.001882, 0.001921, 0.002699, 0.002775, 0.002895, 0.002772, 0.00564, 0.005098, 0.003112, 0.002672, 0.003386, 0.005326, 0.006627, 0.009305, 0.006771, 0.005006, 0.009208, 0.012515, 0.011097, 0.005288, 0.007285, 0.006263, 0.00438, 0.004062, 0.004911, 0.005745, 0.010198, 0.007001, 0.004665, 0.00278, 0.003135, 0.002712, 0.003171, 0.003644, 0.003478, 0.002745, 0.003716, 0.002472, 0.002588, 0.007133, 0.006066, 0.011656, 0.008463, 0.006777, 0.004497, 0.003531, 0.004135, 0.005508, 0.0084, 0.005363, 0.010585, 0.009426, 0.019388, 0.044359, 0.034046, 0.02974, 0.053196, 0.040495, 0.012276, 0.018465, 0.021435, 0.008237, 0.004721, 0.00717, 0.010881, 0.020065, 0.022848, 0.01684, 0.008389, 0.005055, 0.008319, 0.00377, 0.003332, 0.004847, 0.005328, 0.004927, 0.00825, 0.0077, 0.004421, 0.007861, 0.024208, 0.007817, 0.008106, 0.006719, 0.013766, 0.014063, 0.028027, 0.024725, 0.010921, 0.00682, 0.01183, 0.004952, 0.002588, 0.002672, 0.004173, 0.011527, 0.030568, 0.016135, 0.013336, 0.005456, 0.003992, 0.003613, 0.005783, 0.005821, 0.004449, 0.006217, 0.0221, 0.006532, 0.004837, 0.006269, 0.011985, 0.025121, 0.005257, 0.007861, 0.015831, 0.004141, 0.003701, 0.00351, 0.004805, 0.004104, 0.005964, 0.004917, 0.01981, 0.017671, 0.01553, 0.006304, 0.01186, 0.04976, 0.045711, 0.038704, 0.039514, 0.009203, 0.006853, 0.003453, 0.003186, 0.005455, 0.011546, 0.005142, 0.02124, 0.004895, 0.004795, 0.003501, 0.003853, 0.006898, 0.009629, 0.029839, 0.037614, 0.015877, 0.006735, 0.003114, 0.003572, 0.003634, 0.005043, 0.003613, 0.009207, 0.003724, 0.003787, 0.00381, 0.002509, 0.002479, 0.002189, 0.002768, 0.00737, 0.002798, 0.003083, 0.00293, 0.004893, 0.005173, 0.003955, 0.005418, 0.004768, 0.006032, 0.007046, 0.021361, 0.007919, 0.005009, 0.005353, 0.103316, 0.008312, 0.002391, 0.004142, 0.003939, 0.00378, 0.004929, 0.005403, 0.00294, 0.003011, 0.002512, 0.002705, 0.002369, 0.001947, 0.002479, 0.002003, 0.002567, 0.003079, 0.004061, 0.002743, 0.002491, 0.002718, 0.002879, 0.00236, 0.00331, 0.003645, 0.002442, 0.004014, 0.003128, 0.002547, 0.002618, 0.00331, 0.003635, 0.003774, 0.004709, 0.003026, 0.002579, 0.003458, 0.00376, 0.003001, 0.003737, 0.006163, 0.002936, 0.002914, 0.002608, 0.003199, 0.003511, 0.003527, 0.003378, 0.003374, 0.003686, 0.002858, 0.00739, 0.00611, 0.005637, 0.004578, 0.00271, 0.003636, 0.002994, 0.002857, 0.002139, 0.004081, 0.014089, 0.007325, 0.013715, 0.007827, 0.005359, 0.002596, 0.002559, 0.003481, 0.003925, 0.003601, 0.005539, 0.003408, 0.003325, 0.00626, 0.022237, 0.00995, 0.006786, 0.0073, 0.012834, 0.014674, 0.006447, 0.003453, 0.005577, 0.003394, 0.003416, 0.006627, 0.004037, 0.006816, 0.007606, 0.009318, 0.014756, 0.029183, 0.035253, 0.028216, 0.049194, 0.014898, 0.004344, 0.004362, 0.003454, 0.004986, 0.00477, 0.006877, 0.017018, 0.017406, 0.021885, 0.013043, 0.003462, 0.003102, 0.004752, 0.009038, 0.002744, 0.00431, 0.003372, 0.003383, 0.003106, 0.003628, 0.002735, 0.003261, 0.004737, 0.003082, 0.002907, 0.0025, 0.003078, 0.004163, 0.002645, 0.002561, 0.002597, 0.00369, 0.00288, 0.003469, 0.0031, 0.002749, 0.004015, 0.003456, 0.004186, 0.004916, 0.004055, 0.003778, 0.004386, 0.005136, 0.00219, 0.002465, 0.002661, 0.003199, 0.002691, 0.002985, 0.002338, 0.002301, 0.004625, 0.003405, 0.003503, 0.003637, 0.003963, 0.003601, 0.006379, 0.004797, 0.003777, 0.003147, 0.003435, 0.004106, 0.00272, 0.003673, 0.002396, 0.004561, 0.003042, 0.0029, 0.002854, 0.003152, 0.00277, 0.003209, 0.003417, 0.005553, 0.003461, 0.00289, 0.002225, 0.004129, 0.003066, 0.002957, 0.002985, 0.003257, 0.002658, 0.003591, 0.004338, 0.004831, 0.003556, 0.003266, 0.002591, 0.003229, 0.004622, 0.003569, 0.003259, 0.00329, 0.003326, 0.002617, 0.002991, 0.003182, 0.00339, 0.004513, 0.003833, 0.003815, 0.005602, 0.002964, 0.00372, 0.004591, 0.004011, 0.004648, 0.003548, 0.004164, 0.002656, 0.002342, 0.006006, 0.003729, 0.003896, 0.002743, 0.00257, 0.003675, 0.002644, 0.002759, 0.003969, 0.003424, 0.00468, 0.003724, 0.00806, 0.006975, 0.006093, 0.00546, 0.011435, 0.009716, 0.013291, 0.009664, 0.010547, 0.016542, 0.006356, 0.006545, 0.005415, 0.006564, 0.007835, 0.011288, 0.008231, 0.010063, 0.006798, 0.008688, 0.008241, 0.010721, 0.010099, 0.007698, 0.00516, 0.010044, 0.006296, 0.006399, 0.003253, 0.002804, 0.004095, 0.006927, 0.00596, 0.008144, 0.007577, 0.005601, 0.005801, 0.008397, 0.012466, 0.01015, 0.011921, 0.012992, 0.006642, 0.00662, 0.006357, 0.005287, 0.005253, 0.00545, 0.004564, 0.009382, 0.00429, 0.004499, 0.006068, 0.003032, 0.004, 0.00375, 0.003863, 0.006768, 0.00597, 0.008423, 0.008507, 0.009064, 0.014513, 0.009629, 0.013726, 0.012041, 0.00897, 0.006829, 0.009145, 0.01424, 0.01465, 0.014432, 0.01749, 0.01624, 0.02057, 0.01729, 0.01326, 0.013716, 0.012247, 0.008789, 0.005565, 0.00726, 0.003859, 0.005163, 0.004735, 0.004356, 0.005085, 0.01535, 0.030051, 0.021429, 0.074007, 0.012068, 0.021552, 0.012156, 0.006696, 0.006114, 0.004715, 0.006608, 0.007147, 0.004765, 0.005383, 0.004192, 0.006615, 0.005965, 0.005273, 0.013822, 0.026424, 0.023431, 0.007421, 0.00884, 0.005934, 0.012271, 0.010873, 0.010252, 0.008834, 0.014268, 0.017078, 0.012765, 0.00882, 0.009117, 0.012421, 0.011896, 0.009749, 0.019576, 0.005496, 0.006334, 0.004236, 0.014674, 0.010262, 0.030318, 0.015936, 0.014541, 0.010272, 0.01598, 0.015299, 0.014125, 0.008164, 0.011326, 0.005716, 0.004916, 0.008026, 0.011293, 0.013579, 0.0135, 0.008794, 0.00914, 0.011903, 0.004415, 0.005965, 0.003588, 0.006206, 0.004496, 0.00334, 0.004777, 0.003045, 0.002502, 0.003473, 0.00293, 0.003237, 0.003258, 0.002958, 0.004673, 0.003499, 0.003401, 0.00349, 0.003103, 0.003031, 0.003753, 0.003694, 0.005243, 0.004512, 0.003616, 0.00371, 0.003034, 0.002809, 0.003697, 0.004582, 0.007128, 0.003441, 0.003598, 0.006054, 0.00423, 0.075712, 0.006854, 0.004006, 0.006306, 0.007795, 0.009804, 0.00421, 0.005327, 0.00673, 0.005013, 0.004941, 0.004692, 0.002868, 0.002883, 0.002992, 0.00462, 0.002769, 0.002895, 0.002528, 0.003445, 0.002826, 0.002755, 0.003244, 0.002954, 0.002401, 0.002905, 0.002606, 0.003494, 0.002744, 0.003365, 0.004829, 0.002134, 0.002445, 0.002282, 0.002574, 0.004504, 0.003714, 0.002437, 0.002711, 0.002543, 0.003147, 0.002658, 0.002422, 0.002949, 0.003113, 0.003027, 0.002728, 0.003632, 0.00272, 0.002879, 0.002954, 0.002426, 0.002474, 0.002641, 0.003078, 0.003337, 0.002217, 0.002352, 0.002519, 0.003541, 0.003091, 0.001962, 0.002137, 0.003109, 0.001937, 0.003163, 0.002563, 0.003057, 0.002581, 0.002321, 0.002618, 0.002615, 0.002346, 0.002805, 0.002188, 0.002897, 0.002702, 0.002936, 0.004473, 0.004375, 0.005279, 0.005189, 0.006044, 0.004, 0.004643, 0.004453, 0.004359, 0.003582, 0.00543, 0.003271, 0.003475, 0.004776, 0.002532, 0.003084, 0.002738, 0.003615, 0.003928, 0.003338, 0.005222, 0.004276, 0.005363, 0.006383, 0.006987, 0.006361, 0.00575, 0.004768, 0.006322, 0.008266, 0.00383, 0.003056, 0.005173, 0.0046, 0.004282, 0.003303, 0.003956, 0.004626, 0.004573, 0.007477, 0.005766, 0.006945, 0.009144, 0.004143, 0.021678, 0.00738, 0.006664, 0.005565, 0.004779, 0.00433, 0.002591, 0.002415, 0.003367, 0.005305, 0.00316, 0.007745, 0.003724, 0.004771, 0.005614, 0.006792, 0.01259, 0.013615, 0.007633, 0.004765, 0.004118, 0.004402, 0.007694, 0.005799, 0.006448, 0.008008, 0.009761, 0.008646, 0.01201, 0.004625, 0.006305, 0.005794, 0.004852, 0.008756, 0.005734, 0.00447, 0.005546, 0.007966, 0.010558, 0.008423, 0.020089, 0.016087, 0.012598, 0.01799, 0.020052, 0.018987, 0.016328, 0.013469, 0.009417, 0.011746, 0.008863, 0.003878, 0.003731, 0.005391, 0.008732, 0.008161, 0.006195, 0.01005, 0.003709, 0.004691, 0.002927, 0.003282, 0.004966, 0.005813, 0.004006, 0.003494, 0.002662, 0.004739, 0.003102, 0.003586, 0.003344, 0.003328, 0.002842, 0.004878, 0.003464, 0.002571, 0.002882, 0.00347, 0.002715, 0.003316, 0.003236, 0.004015, 0.003328, 0.002913, 0.002733, 0.003073, 0.00247, 0.002207, 0.002723, 0.002987, 0.002207, 0.002868, 0.002386, 0.003264, 0.002631,