{"num_points": 97, "num_frames": 743, "magnitudes_raw": [0.0, 0.002453, 0.002029, 0.001715, 0.002034, 0.001804, 0.002708, 0.002452, 0.002948, 0.002668, 0.002498, 0.002193, 0.00311, 0.002723, 0.002652, 0.003726, 0.0038, 0.004267, 0.004359, 0.006794, 0.010869, 0.013523, 0.01128, 0.012193, 0.019856, 0.026337, 0.032283, 0.039907, 0.039955, 0.029328, 0.026819, 0.025622, 0.025456, 0.024495, 0.022709, 0.02118, 0.018303, 0.019842, 0.019286, 0.014754, 0.013229, 0.01368, 0.013234, 0.009097, 0.005913, 0.004755, 0.00377, 0.003289, 0.002482, 0.002471, 0.002056, 0.002388, 0.002353, 0.002843, 0.002471, 0.002512, 0.004363, 0.004574, 0.00484, 0.002729, 0.002174, 0.002961, 0.004734, 0.0027, 0.002468, 0.002618, 0.002061, 0.001932, 0.002877, 0.001956, 0.002064, 0.002225, 0.002128, 0.001933, 0.002128, 0.002164, 0.002057, 0.001934, 0.003411, 0.002997, 0.00353, 0.003505, 0.005117, 0.00387, 0.003035, 0.00399, 0.005861, 0.002914, 0.002738, 0.002041, 0.002445, 0.002436, 0.002412, 0.002825, 0.002819, 0.002598, 0.003336, 0.003005, 0.001882, 0.002319, 0.00208, 0.001919, 0.002065, 0.002798, 0.002411, 0.002189, 0.003498, 0.003169, 0.002651, 0.00326, 0.003924, 0.004057, 0.002593, 0.002278, 0.002219, 0.002146, 0.002562, 0.004353, 0.005262, 0.002444, 0.002637, 0.002413, 0.004011, 0.003572, 0.002281, 0.002165, 0.002297, 0.00269, 0.003077, 0.002415, 0.002568, 0.002605, 0.003695, 0.003099, 0.006116, 0.006611, 0.007484, 0.006869, 0.009415, 0.00447, 0.00272, 0.002522, 0.003155, 0.001959, 0.002425, 0.002248, 0.002114, 0.003048, 0.002871, 0.004266, 0.003873, 0.004412, 0.002248, 0.00499, 0.005612, 0.005756, 0.003993, 0.003972, 0.003848, 0.003708, 0.004194, 0.003297, 0.002632, 0.003431, 0.002158, 0.001876, 0.002029, 0.003509, 0.003236, 0.002769, 0.001953, 0.002368, 0.004552, 0.002328, 0.002076, 0.003152, 0.00235, 0.002341, 0.003163, 0.002929, 0.002408, 0.002666, 0.002772, 0.002785, 0.002564, 0.002848, 0.002757, 0.002999, 0.003619, 0.00358, 0.002644, 0.002246, 0.001927, 0.002911, 0.003457, 0.002535, 0.003084, 0.002665, 0.002569, 0.002434, 0.003257, 0.004446, 0.002753, 0.002132, 0.002572, 0.002642, 0.002971, 0.002863, 0.003247, 0.002981, 0.002852, 0.002207, 0.002757, 0.002183, 0.002622, 0.00395, 0.002809, 0.00256, 0.003108, 0.002122, 0.003178, 0.002993, 0.002798, 0.002529, 0.002905, 0.002835, 0.002511, 0.002994, 0.002892, 0.002666, 0.002595, 0.00293, 0.002959, 0.002221, 0.001894, 0.001602, 0.002143, 0.00242, 0.003055, 0.002693, 0.002539, 0.001894, 0.002877, 0.002672, 0.002479, 0.002063, 0.002252, 0.002731, 0.003285, 0.003497, 0.002752, 0.002622, 0.002209, 0.002807, 0.002104, 0.002045, 0.002561, 0.003365, 0.002528, 0.002568, 0.00319, 0.002802, 0.00223, 0.002161, 0.002618, 0.002264, 0.002604, 0.002783, 0.003287, 0.004731, 0.003103, 0.003291, 0.003859, 0.003102, 0.002742, 0.002163, 0.002451, 0.002297, 0.002506, 0.002406, 0.002406, 0.003167, 0.002101, 0.002854, 0.002368, 0.00309, 0.003133, 0.002633, 0.002498, 0.002133, 0.00209, 0.002635, 0.003089, 0.003271, 0.002548, 0.002211, 0.002473, 0.004033, 0.002448, 0.003075, 0.002673, 0.002448, 0.002465, 0.003158, 0.002158, 0.002997, 0.003, 0.002036, 0.003012, 0.003193, 0.001963, 0.002456, 0.002233, 0.001939, 0.001883, 0.002396, 0.002119, 0.002168, 0.002293, 0.0023, 0.002236, 0.00207, 0.002396, 0.00247, 0.002316, 0.002486, 0.003989, 0.00297, 0.002199, 0.002146, 0.002366, 0.002429, 0.002299, 0.002871, 0.002697, 0.00257, 0.003042, 0.002062, 0.002216, 0.002362, 0.001664, 0.001981, 0.002146, 0.002234, 0.002678, 0.002051, 0.001639, 0.002384, 0.001727, 0.002058, 0.00259, 0.002755, 0.002739, 0.003764, 0.002064, 0.003077, 0.002974, 0.00312, 0.004868, 0.003994, 0.004956, 0.00466, 0.005073, 0.003992, 0.013586, 0.022943, 0.037874, 0.00668, 0.002768, 0.002635, 0.004045, 0.002426, 0.003314, 0.002437, 0.002918, 0.002171, 0.002958, 0.003324, 0.002737, 0.001883, 0.0023, 0.002417, 0.00161, 0.002529, 0.002529, 0.002136, 0.002035, 0.001973, 0.001863, 0.002346, 0.002688, 0.003632, 0.002942, 0.002962, 0.002255, 0.001602, 0.002149, 0.002914, 0.002617, 0.002705, 0.002199, 0.002098, 0.00211, 0.004998, 0.00256, 0.00225, 0.001909, 0.002281, 0.001541, 0.002115, 0.001847, 0.001895, 0.002538, 0.001863, 0.002211, 0.002887, 0.001767, 0.001872, 0.001794, 0.001906, 0.001932, 0.003352, 0.00197, 0.002414, 0.00294, 0.002713, 0.002439, 0.004443, 0.005317, 0.003727, 0.002803, 0.002407, 0.001939, 0.002007, 0.002204, 0.001806, 0.00172, 0.002122, 0.001929, 0.001881, 0.002183, 0.001938, 0.001702, 0.001253, 0.001401, 0.002267, 0.002282, 0.002704, 0.004155, 0.00374, 0.001628, 0.00167, 0.002148, 0.001721, 0.001942, 0.001916, 0.001678, 0.001804, 0.001396, 0.001599, 0.002335, 0.001747, 0.001898, 0.002293, 0.001994, 0.003894, 0.005795, 0.005973, 0.006239, 0.004026, 0.0025, 0.002065, 0.0021, 0.001808, 0.002022, 0.002091, 0.001938, 0.001825, 0.002018, 0.001409, 0.001666, 0.001901, 0.002011, 0.001621, 0.001519, 0.00162, 0.001333, 0.001687, 0.001955, 0.001578, 0.001757, 0.002042, 0.002089, 0.002227, 0.001718, 0.001774, 0.002276, 0.001803, 0.001681, 0.002055, 0.002142, 0.001587, 0.001618, 0.002187, 0.001815, 0.002753, 0.00223, 0.002002, 0.00199, 0.002796, 0.001951, 0.002237, 0.002038, 0.001838, 0.002058, 0.001974, 0.00171, 0.001738, 0.002474, 0.002257, 0.002167, 0.002213, 0.00184, 0.001926, 0.002251, 0.001731, 0.002176, 0.001794, 0.00227, 0.002148, 0.00157, 0.002452, 0.002192, 0.002383, 0.002318, 0.002114, 0.001791, 0.002191, 0.001954, 0.001776, 0.002209, 0.001804, 0.002007, 0.002521, 0.002144, 0.001982, 0.001935, 0.003591, 0.001994, 0.001861, 0.001741, 0.002111, 0.001906, 0.001832, 0.002047, 0.002199, 0.002344, 0.002644, 0.001857, 0.001639, 0.002097, 0.001731, 0.00191, 0.002319, 0.001864, 0.001776, 0.002027, 0.001615, 0.001981, 0.001646, 0.001563, 0.001942, 0.001763, 0.002288, 0.00229, 0.002006, 0.001749, 0.001333, 0.001938, 0.002022, 0.001851, 0.002073, 0.002212, 0.00181, 0.001912, 0.001844, 0.001838, 0.001553, 0.002165, 0.001946, 0.001825, 0.002081, 0.002348, 0.002019, 0.001757, 0.002021, 0.001912, 0.001887, 0.001994, 0.001484, 0.001778, 0.001981, 0.001876, 0.002004, 0.001643, 0.002179, 0.00198, 0.001936, 0.002016, 0.001764, 0.002557, 0.001599, 0.001901, 0.001968, 0.002271, 0.001843, 0.002108, 0.001872, 0.001809, 0.002154, 0.002148, 0.001724, 0.001753, 0.002205, 0.001929, 0.001814, 0.002102, 0.002198, 0.001498, 0.001772, 0.002232, 0.001847, 0.002636, 0.002175, 0.002155, 0.001821, 0.002021, 0.001631, 0.002074, 0.001976, 0.001974, 0.001787, 0.001697, 0.00284, 0.001931, 0.002652, 0.002339, 0.001981, 0.002332, 0.00234, 0.001721, 0.001802, 0.001931, 0.001848, 0.001732, 0.001806, 0.001592, 0.001732, 0.001983, 0.001719, 0.001737, 0.001566, 0.001614, 0.001888, 0.00168, 0.001748, 0.001686, 0.001653, 0.001489, 0.001528, 0.001404, 0.001532, 0.001797, 0.00156, 0.001829, 0.001348, 0.001144, 0.001662, 0.001871, 0.001804, 0.001646, 0.001826, 0.00161, 0.001301, 0.001579, 0.001786, 0.001693, 0.001711, 0.001648, 0.002074, 0.002449, 0.002445, 0.00195, 0.001833, 0.001544, 0.001407, 0.001774, 0.001643, 0.001633, 0.00232, 0.002526, 0.002327, 0.003161, 0.002568, 0.003593, 0.006042, 0.003305, 0.0031, 0.003367, 0.00277, 0.002092, 0.003721, 0.0037, 0.003647, 0.002384, 0.002451, 0.002061, 0.001759, 0.001784, 0.003914, 0.001756, 0.002668, 0.001543, 0.002431, 0.002229, 0.001772, 0.002284, 0.001905, 0.002256, 0.001949, 0.002479, 0.001565, 0.001969, 0.001941, 0.002036, 0.00225, 0.001722, 0.001859, 0.001913, 0.001919, 0.00217, 0.002612, 0.00194], "segments": [{"start": 25, "end": 35, "num_frames": 11, "peak": 0.039954883363679, "avg": 0.028553710928568742}], "threshold": 0.02, "stats": {"min": 0.0, "max": 0.039955, "mean": 0.0032}}