{"num_points": 93, "num_frames": 152, "magnitudes_raw": [0.0, 0.002397, 0.002812, 0.003807, 0.005323, 0.005381, 0.005114, 0.003096, 0.001874, 0.002371, 0.002081, 0.002369, 0.002931, 0.004238, 0.002135, 0.002864, 0.00509, 0.002239, 0.003353, 0.003556, 0.003568, 0.002407, 0.002825, 0.003685, 0.004045, 0.003527, 0.004023, 0.003586, 0.002804, 0.002182, 0.004511, 0.005525, 0.002325, 0.002868, 0.002137, 0.001969, 0.003216, 0.003088, 0.002621, 0.00198, 0.002869, 0.001503, 0.002245, 0.002601, 0.001788, 0.002632, 0.00173, 0.002439, 0.002076, 0.002074, 0.001961, 0.002305, 0.002047, 0.0031, 0.003947, 0.004112, 0.002516, 0.002571, 0.002936, 0.002153, 0.004348, 0.00262, 0.002903, 0.002065, 0.002156, 0.002301, 0.002362, 0.002841, 0.002275, 0.00256, 0.006025, 0.004198, 0.005148, 0.010399, 0.008605, 0.006511, 0.004263, 0.004046, 0.003528, 0.004279, 0.003173, 0.003955, 0.004021, 0.003217, 0.005527, 0.007747, 0.01478, 0.009089, 0.003401, 0.006174, 0.005678, 0.006078, 0.004314, 0.003567, 0.003107, 0.003058, 0.003958, 0.00433, 0.002865, 0.004586, 0.007212, 0.006053, 0.004163, 0.005035, 0.00322, 0.004052, 0.006342, 0.004713, 0.010291, 0.005201, 0.003251, 0.006216, 0.00504, 0.006184, 0.00333, 0.00319, 0.005812, 0.003869, 0.004577, 0.005629, 0.00421, 0.003479, 0.003123, 0.005901, 0.007256, 0.006428, 0.005003, 0.005591, 0.005879, 0.005093, 0.002773, 0.00328, 0.004452, 0.003352, 0.005473, 0.003538, 0.003479, 0.005338, 0.005107, 0.003569, 0.008334, 0.005614, 0.003218, 0.004412, 0.007066, 0.010622, 0.00854, 0.0055, 0.005379, 0.006098, 0.010311, 0.009934], "segments": [], "threshold": 0.02, "stats": {"min": 0.0, "max": 0.01478, "mean": 0.004226}}