{"num_points": 150, "num_frames": 92, "magnitudes_raw": [0.0, 0.003289, 0.005075, 0.005558, 0.009157, 0.016022, 0.015418, 0.007551, 0.013488, 0.025312, 0.031321, 0.007497, 0.00882, 0.002539, 0.005765, 0.005334, 0.013536, 0.00875, 0.004, 0.003668, 0.002315, 0.004279, 0.004598, 0.003294, 0.004541, 0.004623, 0.006788, 0.00644, 0.007211, 0.005897, 0.018667, 0.006341, 0.012517, 0.00392, 0.004878, 0.00541, 0.005393, 0.002789, 0.003643, 0.003058, 0.00324, 0.003199, 0.00362, 0.002445, 0.003685, 0.00265, 0.002009, 0.002629, 0.001971, 0.004035, 0.003601, 0.002612, 0.002656, 0.005723, 0.00243, 0.005914, 0.002251, 0.005042, 0.007113, 0.002397, 0.0046, 0.002652, 0.002764, 0.00229, 0.007087, 0.002925, 0.003298, 0.006207, 0.004139, 0.007243, 0.007211, 0.005493, 0.007138, 0.005669, 0.00401, 0.005747, 0.008031, 0.003134, 0.003799, 0.003342, 0.006837, 0.005427, 0.005449, 0.004288, 0.008445, 0.003512, 0.005297, 0.00364, 0.003915, 0.003944, 0.005294, 0.002755], "segments": [], "threshold": 0.02, "stats": {"min": 0.0, "max": 0.031321, "mean": 0.005799}}