{"num_points": 95, "num_frames": 109, "magnitudes_raw": [0.0, 0.001649, 0.001733, 0.001919, 0.002672, 0.002564, 0.002481, 0.002456, 0.00226, 0.002374, 0.003625, 0.002929, 0.002505, 0.002666, 0.002084, 0.002847, 0.003387, 0.003074, 0.002839, 0.002855, 0.004777, 0.004037, 0.007248, 0.011196, 0.0093, 0.014043, 0.026006, 0.030902, 0.054821, 0.031209, 0.156833, 0.125536, 0.05527, 0.040772, 0.076591, 0.153089, 0.179513, 0.057275, 0.089654, 0.115696, 0.032099, 0.065871, 0.231404, 0.125581, 0.021072, 0.050411, 0.161369, 0.073182, 0.041894, 0.106352, 0.163234, 0.154484, 0.109122, 0.038455, 0.038371, 0.071342, 0.106319, 0.195554, 0.028356, 0.04619, 0.025004, 0.133168, 0.048611, 0.060682, 0.049036, 0.030048, 0.063718, 0.10523, 0.054404, 0.048989, 0.030938, 0.016453, 0.015745, 0.00886, 0.009217, 0.012575, 0.005515, 0.018789, 0.061874, 0.180018, 0.109559, 0.157158, 0.028784, 0.008598, 0.013024, 0.028135, 0.01259, 0.01088, 0.018214, 0.026638, 0.028652, 0.028923, 0.167231, 0.101023, 0.140892, 0.012297, 0.007724, 0.006203, 0.01738, 0.033299, 0.08169, 0.011833, 0.041292, 0.043119, 0.006594, 0.004407, 0.003384, 0.00594, 0.00833], "segments": [{"start": 26, "end": 70, "num_frames": 45, "peak": 0.23140353550936696, "avg": 0.0823034092754799}, {"start": 78, "end": 103, "num_frames": 26, "peak": 0.18001827911165705, "avg": 0.05296260837706612}], "threshold": 0.02, "stats": {"min": 0.0, "max": 0.231404, "mean": 0.048587}}