{"num_points": 80, "num_frames": 152, "magnitudes_raw": [0.0, 0.001661, 0.001927, 0.002426, 0.002817, 0.002556, 0.002328, 0.002735, 0.002589, 0.002451, 0.003807, 0.003113, 0.004204, 0.008257, 0.03319, 0.05199, 0.040929, 0.020891, 0.015617, 0.01512, 0.007933, 0.005644, 0.008921, 0.008042, 0.006835, 0.003555, 0.004895, 0.003317, 0.003047, 0.002606, 0.004201, 0.004271, 0.004403, 0.00291, 0.00276, 0.002933, 0.002145, 0.002316, 0.002653, 0.002361, 0.003031, 0.002713, 0.003422, 0.002935, 0.00336, 0.010204, 0.014683, 0.0226, 0.024163, 0.03157, 0.056083, 0.050954, 0.037224, 0.012077, 0.007144, 0.010838, 0.010025, 0.00743, 0.005044, 0.0071, 0.004876, 0.008155, 0.006188, 0.00485, 0.007165, 0.004319, 0.018358, 0.012061, 0.006365, 0.019706, 0.027312, 0.013291, 0.031285, 0.016215, 0.017719, 0.020188, 0.025884, 0.044, 0.031331, 0.105235, 0.08604, 0.038791, 0.055736, 0.056257, 0.04292, 0.03312, 0.019341, 0.011297, 0.019713, 0.015682, 0.009607, 0.004816, 0.007295, 0.007132, 0.016862, 0.023785, 0.043839, 0.030413, 0.025645, 0.023516, 0.015238, 0.008183, 0.006687, 0.003061, 0.00598, 0.003179, 0.005478, 0.002451, 0.003674, 0.005454, 0.003409, 0.002533, 0.002756, 0.004473, 0.003105, 0.002764, 0.003795, 0.003331, 0.002481, 0.002223, 0.002317, 0.002588, 0.002563, 0.002566, 0.003768, 0.002244, 0.002744, 0.009366, 0.00652, 0.006833, 0.00322, 0.002898, 0.003258, 0.003137, 0.003518, 0.003174, 0.003035, 0.003814, 0.003106, 0.00278, 0.002442, 0.0034, 0.002546, 0.002702, 0.003469, 0.004968, 0.006144, 0.007252, 0.002893, 0.004244, 0.004128, 0.00401], "segments": [{"start": 70, "end": 85, "num_frames": 16, "peak": 0.10523484299216303, "avg": 0.04033259216830641}], "threshold": 0.02, "stats": {"min": 0.0, "max": 0.105235, "mean": 0.012073}}