{"num_points": 92, "num_frames": 152, "magnitudes_raw": [0.0, 0.001981, 0.002795, 0.003183, 0.003, 0.002575, 0.002652, 0.002784, 0.002544, 0.00349, 0.002833, 0.003805, 0.004722, 0.003695, 0.010575, 0.014484, 0.023205, 0.055477, 0.028209, 0.043682, 0.040081, 0.07148, 0.064818, 0.065562, 0.026523, 0.033091, 0.0151, 0.008989, 0.005754, 0.003807, 0.005032, 0.004333, 0.003746, 0.007606, 0.005497, 0.009702, 0.037585, 0.029742, 0.035577, 0.052449, 0.074713, 0.066809, 0.033345, 0.020849, 0.009884, 0.009781, 0.006851, 0.009682, 0.012395, 0.011543, 0.018665, 0.025766, 0.023238, 0.016175, 0.008189, 0.010039, 0.004774, 0.004766, 0.006563, 0.005436, 0.004051, 0.004501, 0.002185, 0.002687, 0.002574, 0.002864, 0.002344, 0.002384, 0.002384, 0.002316, 0.002629, 0.00277, 0.002497, 0.002762, 0.002739, 0.00212, 0.002359, 0.001983, 0.002333, 0.001703, 0.002535, 0.002036, 0.0019, 0.002773, 0.002545, 0.00361, 0.003129, 0.002569, 0.003235, 0.004501, 0.002348, 0.003309, 0.00256, 0.004907, 0.009289, 0.012799, 0.085453, 0.061648, 0.037961, 0.038713, 0.076264, 0.086283, 0.051482, 0.02356, 0.023945, 0.016066, 0.022831, 0.0149, 0.010435, 0.003773, 0.004575, 0.004786, 0.006607, 0.005366, 0.018608, 0.009226, 0.014275, 0.028362, 0.037715, 0.040044, 0.062089, 0.105132, 0.078638, 0.034318, 0.020061, 0.011084, 0.007949, 0.012904, 0.010241, 0.012416, 0.021828, 0.020053, 0.010726, 0.008233, 0.010169, 0.008802, 0.005924, 0.005051, 0.00464, 0.002704, 0.003935, 0.002571, 0.002614, 0.003628, 0.003324, 0.003979, 0.002748, 0.002746, 0.002364, 0.002731, 0.002943, 0.002282], "segments": [{"start": 16, "end": 25, "num_frames": 10, "peak": 0.07147980278547472, "avg": 0.04521282358835503}, {"start": 36, "end": 43, "num_frames": 8, "peak": 0.07471326418393064, "avg": 0.043883539259189676}, {"start": 96, "end": 106, "num_frames": 11, "peak": 0.08628318498825195, "avg": 0.047655249083629704}, {"start": 117, "end": 124, "num_frames": 8, "peak": 0.10513203417758049, "avg": 0.050794862361657256}], "threshold": 0.02, "stats": {"min": 0.0, "max": 0.105132, "mean": 0.016116}}