{"num_points": 95, "num_frames": 169, "magnitudes_raw": [0.0, 0.007053, 0.007528, 0.006953, 0.011411, 0.012343, 0.013261, 0.018397, 0.019484, 0.007981, 0.008089, 0.012748, 0.01475, 0.01399, 0.018212, 0.018804, 0.009668, 0.011595, 0.010451, 0.008698, 0.006708, 0.007811, 0.006569, 0.004532, 0.00512, 0.013901, 0.004771, 0.006516, 0.005122, 0.006611, 0.005725, 0.007565, 0.010392, 0.016719, 0.013185, 0.006792, 0.010019, 0.014225, 0.02207, 0.018475, 0.033026, 0.074438, 0.063538, 0.058685, 0.068693, 0.052068, 0.037867, 0.048223, 0.050312, 0.040379, 0.04044, 0.031539, 0.027284, 0.044677, 0.03966, 0.105318, 0.07055, 0.040315, 0.033428, 0.1035, 0.042738, 0.04594, 0.033216, 0.018593, 0.03669, 0.046138, 0.025041, 0.025578, 0.04551, 0.046839, 0.03805, 0.062439, 0.046799, 0.018, 0.021167, 0.030905, 0.020723, 0.013681, 0.024948, 0.01011, 0.009722, 0.020422, 0.014179, 0.014241, 0.020566, 0.023461, 0.028285, 0.013963, 0.01579, 0.007148, 0.018827, 0.019568, 0.039133, 0.017757, 0.011017, 0.017683, 0.031704, 0.018092, 0.02176, 0.01651, 0.006618, 0.005765, 0.010658, 0.011833, 0.010371, 0.009317, 0.010934, 0.010579, 0.012302, 0.012462, 0.007771, 0.036256, 0.036531, 0.020195, 0.025811, 0.022198, 0.015604, 0.030518, 0.015554, 0.011163, 0.013776, 0.033288, 0.035996, 0.033323, 0.03357, 0.0298, 0.082001, 0.0391, 0.029143, 0.032891, 0.0399, 0.088653, 0.037344, 0.040777, 0.021018, 0.042087, 0.025771, 0.028856, 0.021806, 0.024312, 0.014325, 0.007929, 0.007227, 0.008305, 0.005856, 0.003663, 0.004305, 0.006775, 0.005406, 0.004724, 0.007128, 0.003888, 0.007519, 0.009056, 0.014222, 0.018379, 0.015629, 0.015377, 0.013075, 0.015734, 0.024678, 0.021816, 0.018703, 0.018665, 0.01267, 0.008116, 0.002884, 0.002853, 0.004367], "segments": [{"start": 38, "end": 86, "num_frames": 49, "peak": 0.10531779619195905, "avg": 0.038540091454990856}, {"start": 111, "end": 139, "num_frames": 29, "peak": 0.08865322519322123, "avg": 0.03266363402735952}], "threshold": 0.02, "stats": {"min": 0.0, "max": 0.105318, "mean": 0.02296}}