{"num_points": 100, "num_frames": 759, "magnitudes_raw": [0.0, 0.0, 0.0, 0.0, 0.0, 0.0, 0.0, 0.0, 0.0, 0.0, 0.0, 0.006495, 0.027268, 0.025705, 0.00474, 0.005304, 0.006291, 0.004884, 0.007422, 0.005339, 0.007801, 0.003908, 0.003767, 0.008934, 0.019611, 0.028879, 0.032726, 0.030789, 0.076033, 0.142165, 0.07483, 0.069556, 0.083869, 0.038351, 0.041636, 0.046653, 0.048148, 0.055794, 0.057583, 0.041783, 0.021399, 0.013269, 0.040186, 0.042058, 0.052442, 0.018639, 0.022889, 0.026595, 0.052689, 0.035019, 0.007161, 0.090078, 0.049055, 0.049429, 0.035341, 0.024482, 0.016393, 0.016826, 0.016634, 0.011977, 0.0223, 0.020147, 0.031554, 0.016808, 0.01822, 0.067786, 0.029642, 0.047624, 0.02638, 0.012665, 0.011145, 0.007877, 0.006856, 0.011739, 0.032216, 0.022643, 0.020015, 0.009849, 0.014231, 0.007262, 0.005068, 0.011396, 0.024791, 0.012364, 0.004989, 0.007524, 0.00886, 0.015563, 0.012255, 0.007795, 0.006386, 0.00667, 0.005824, 0.003495, 0.003977, 0.006431, 0.003199, 0.006877, 0.002487, 0.003137, 0.003656, 0.005551, 0.006087, 0.003149, 0.003461, 0.005496, 0.004852, 0.007427, 0.004986, 0.002371, 0.003554, 0.00458, 0.005476, 0.006238, 0.005129, 0.004578, 0.004074, 0.005798, 0.01374, 0.007759, 0.003568, 0.003587, 0.002385, 0.002111, 0.00319, 0.006061, 0.007005, 0.008012, 0.006266, 0.0038, 0.01121, 0.012696, 0.008185, 0.002546, 0.009959, 0.01299, 0.007328, 0.002621, 0.007436, 0.011794, 0.005272, 0.010432, 0.01082, 0.003821, 0.008744, 0.00913, 0.005854, 0.003209, 0.005886, 0.011569, 0.003719, 0.006589, 0.008291, 0.003736, 0.003825, 0.009701, 0.004288, 0.02082, 0.064507, 0.053761, 0.040636, 0.029965, 0.03849, 0.051171, 0.022703, 0.015072, 0.01924, 0.007113, 0.005272, 0.007225, 0.008694, 0.00682, 0.015891, 0.01106, 0.019164, 0.005369, 0.048843, 0.027889, 0.028634, 0.016592, 0.047763, 0.019237, 0.01701, 0.087292, 0.034784, 0.006575, 0.006408, 0.00382, 0.006709, 0.004547, 0.008447, 0.017358, 0.010345, 0.007905, 0.0097, 0.008361, 0.009411, 0.009682, 0.009451, 0.006786, 0.006459, 0.00462, 0.008308, 0.008486, 0.013184, 0.01906, 0.010289, 0.006225, 0.029607, 0.029581, 0.012418, 0.00634, 0.009286, 0.009701, 0.013212, 0.008852, 0.008798, 0.005006, 0.01878, 0.007329, 0.009524, 0.007184, 0.014431, 0.024809, 0.005809, 0.00552, 0.008213, 0.006634, 0.0138, 0.005961, 0.0082, 0.006966, 0.005545, 0.002986, 0.005832, 0.004379, 0.008284, 0.004321, 0.004802, 0.00644, 0.008646, 0.005009, 0.004117, 0.003421, 0.005572, 0.00498, 0.006813, 0.014271, 0.004191, 0.008179, 0.008361, 0.004505, 0.005303, 0.010859, 0.00919, 0.013502, 0.007291, 0.003214, 0.003422, 0.00459, 0.006869, 0.008614, 0.010316, 0.004245, 0.005314, 0.014556, 0.009296, 0.005064, 0.008471, 0.009862, 0.016911, 0.01829, 0.016216, 0.012234, 0.007929, 0.007865, 0.028226, 0.095477, 0.025579, 0.030465, 0.024203, 0.010959, 0.008618, 0.013026, 0.009836, 0.007844, 0.014299, 0.017653, 0.028947, 0.010107, 0.014692, 0.01025, 0.006479, 0.011471, 0.010453, 0.006953, 0.014458, 0.012841, 0.010053, 0.009279, 0.017756, 0.003832, 0.008787, 0.017344, 0.012282, 0.011709, 0.010234, 0.005811, 0.008575, 0.006546, 0.010795, 0.00685, 0.008849, 0.01064, 0.012879, 0.010279, 0.012399, 0.018452, 0.016652, 0.013062, 0.005565, 0.010135, 0.008851, 0.006484, 0.007244, 0.012679, 0.008527, 0.005991, 0.003048, 0.00491, 0.005596, 0.010772, 0.006932, 0.009235, 0.010273, 0.016593, 0.006942, 0.007115, 0.022517, 0.006934, 0.013628, 0.019927, 0.018694, 0.018572, 0.008126, 0.007328, 0.005796, 0.006073, 0.006003, 0.006367, 0.00568, 0.004385, 0.009381, 0.022961, 0.024752, 0.026509, 0.019661, 0.013962, 0.020104, 0.011887, 0.01179, 0.030047, 0.00974, 0.009855, 0.013056, 0.019124, 0.01385, 0.025527, 0.040255, 0.028327, 0.016189, 0.025677, 0.019654, 0.018793, 0.01762, 0.011372, 0.009234, 0.009193, 0.008363, 0.01127, 0.007606, 0.016752, 0.02481, 0.012911, 0.010833, 0.008838, 0.012044, 0.010525, 0.013451, 0.013926, 0.018697, 0.013957, 0.004593, 0.005183, 0.007483, 0.008297, 0.005461, 0.007421, 0.007433, 0.007142, 0.010581, 0.005667, 0.009534, 0.013288, 0.007648, 0.009269, 0.013506, 0.003702, 0.00911, 0.006701, 0.003344, 0.007972, 0.009697, 0.003766, 0.011964, 0.00877, 0.004772, 0.005468, 0.015683, 0.008862, 0.003653, 0.01005, 0.013942, 0.003016, 0.009756, 0.010639, 0.005788, 0.003883, 0.005594, 0.007192, 0.003937, 0.013168, 0.007028, 0.012936, 0.006897, 0.003959, 0.00455, 0.007962, 0.010241, 0.004302, 0.009726, 0.008839, 0.003624, 0.003698, 0.008956, 0.00893, 0.007017, 0.007366, 0.007257, 0.006786, 0.005456, 0.009497, 0.009874, 0.004738, 0.006475, 0.004852, 0.004428, 0.008227, 0.010385, 0.004526, 0.004611, 0.00409, 0.014684, 0.002887, 0.003679, 0.00279, 0.002553, 0.003314, 0.005617, 0.00618, 0.010322, 0.010211, 0.007767, 0.007395, 0.004944, 0.005516, 0.005487, 0.004549, 0.009895, 0.014443, 0.01374, 0.009068, 0.012556, 0.005269, 0.006122, 0.006041, 0.008135, 0.012832, 0.02178, 0.039668, 0.019664, 0.017804, 0.012434, 0.009721, 0.005012, 0.004975, 0.005645, 0.007014, 0.011213, 0.003978, 0.012019, 0.015066, 0.011352, 0.01005, 0.012083, 0.015588, 0.073594, 0.008801, 0.011415, 0.00801, 0.009971, 0.010279, 0.005209, 0.006572, 0.003242, 0.002227, 0.002748, 0.002694, 0.004105, 0.00378, 0.004614, 0.003566, 0.003584, 0.003415, 0.003798, 0.002557, 0.005273, 0.006097, 0.005548, 0.005134, 0.006669, 0.012264, 0.012303, 0.018665, 0.012887, 0.004327, 0.00644, 0.007184, 0.00924, 0.009512, 0.007381, 0.004063, 0.004389, 0.003276, 0.003105, 0.002926, 0.002691, 0.00284, 0.002041, 0.002285, 0.002316, 0.002041, 0.001833, 0.002445, 0.002334, 0.001748, 0.001749, 0.001916, 0.002364, 0.00216, 0.00187, 0.001997, 0.002041, 0.002129, 0.00227, 0.002836, 0.002415, 0.002819, 0.00184, 0.002368, 0.002434, 0.002645, 0.004355, 0.005437, 0.005957, 0.004996, 0.004779, 0.007685, 0.010614, 0.006094, 0.011294, 0.009295, 0.01724, 0.007239, 0.005183, 0.009613, 0.004096, 0.004001, 0.011077, 0.015573, 0.00567, 0.00703, 0.007201, 0.004725, 0.00766, 0.007687, 0.009039, 0.015614, 0.017932, 0.014644, 0.011085, 0.005559, 0.003951, 0.002912, 0.003179, 0.004, 0.006538, 0.00584, 0.003588, 0.003754, 0.002652, 0.003592, 0.004034, 0.002808, 0.002685, 0.003628, 0.006282, 0.00366, 0.002496, 0.003637, 0.004563, 0.00247, 0.003984, 0.003817, 0.003947, 0.003118, 0.002022, 0.00148, 0.001716, 0.00237, 0.00264, 0.001913, 0.002426, 0.002793, 0.003403, 0.002754, 0.005193, 0.012326, 0.012563, 0.009777, 0.007734, 0.012877, 0.015181, 0.00796, 0.012476, 0.004154, 0.005329, 0.004589, 0.005598, 0.004914, 0.004081, 0.004769, 0.003509, 0.008922, 0.01728, 0.022759, 0.050847, 0.076745, 0.050556, 0.026989, 0.015537, 0.012199, 0.018697, 0.049738, 0.025842, 0.024013, 0.016818, 0.021098, 0.024833, 0.088735, 0.042535, 0.018073, 0.00931, 0.017354, 0.026087, 0.036979, 0.039324, 0.037098, 0.042928, 0.010453, 0.013717, 0.025208, 0.022822, 0.035449, 0.013849, 0.0106, 0.029945, 0.052327, 0.022899, 0.011122, 0.071582, 0.029761, 0.033326, 0.077088, 0.024548, 0.05328, 0.055562, 0.072972, 0.023199, 0.010475, 0.014878, 0.008574, 0.004378, 0.011802, 0.010688, 0.012166, 0.016509, 0.007602, 0.008496, 0.009337, 0.026746, 0.04778, 0.020649, 0.025069, 0.016224, 0.031053, 0.020814, 0.030026, 0.082573, 0.05003, 0.030436, 0.06372, 0.155797, 0.012884, 0.172505, 0.030826, 0.038917, 0.031809, 0.176882, 0.011562, 0.016763, 0.007141, 0.039509, 0.048073, 0.059104, 0.05332, 0.029572, 0.005291, 0.005286, 0.004507, 0.004232, 0.006157, 0.003823, 0.006012, 0.002538, 0.003666, 0.008012, 0.026287, 0.005757, 0.009491, 0.008979, 0.010816, 0.004502, 0.00434, 0.004597, 0.009365, 0.004887, 0.006, 0.004547], "segments": [{"start": 25, "end": 68, "num_frames": 44, "peak": 0.1421651859977795, "avg": 0.040723138173372926}, {"start": 157, "end": 164, "num_frames": 8, "peak": 0.06450665189951532, "avg": 0.04025640367022502}, {"start": 176, "end": 184, "num_frames": 9, "peak": 0.08729196765386169, "avg": 0.03644935971821012}, {"start": 353, "end": 361, "num_frames": 9, "peak": 0.030047412537158848, "avg": 0.020185804366686943}, {"start": 655, "end": 698, "num_frames": 44, "peak": 0.08873495309951111,