{"num_points": 97, "num_frames": 73, "magnitudes_raw": [0.0, 0.003473, 0.001759, 0.002153, 0.010944, 0.038396, 0.0, 0.065208, 0.003809, 0.002987, 0.008361, 0.002271, 0.003397, 0.004954, 0.00363, 0.00366, 0.005731, 0.004972, 0.002269, 0.002089, 0.002693, 0.002321, 0.002278, 0.002792, 0.002724, 0.002826, 0.002443, 0.00215, 0.002295, 0.003428, 0.002864, 0.00226, 0.003169, 0.004108, 0.007181, 0.013696, 0.010192, 0.035736, 0.0, 0.04296, 0.007125, 0.006061, 0.004117, 0.0067, 0.032537, 0.041803, 0.050931, 0.058794, 0.027019, 0.027773, 0.01731, 0.011584, 0.010482, 0.01043, 0.007099, 0.004439, 0.005737, 0.003074, 0.003077, 0.004932, 0.009435, 0.018881, 0.019973, 0.017803, 0.020626, 0.028306, 0.031308, 0.033852, 0.025199, 0.040887, 0.029378, 0.018381, 0.020337], "segments": [{"start": 37, "end": 49, "num_frames": 13, "peak": 0.05879403021422037, "avg": 0.026273540534452647}, {"start": 64, "end": 72, "num_frames": 9, "peak": 0.04088681656513546, "avg": 0.027585985858999976}], "threshold": 0.02, "stats": {"min": 0.0, "max": 0.065208, "mean": 0.013337}}