{"num_points": 97, "num_frames": 37, "magnitudes_raw": [0.0, 0.002678, 0.00297, 0.003502, 0.003493, 0.003426, 0.004228, 0.002382, 0.003571, 0.008491, 0.030107, 0.025526, 0.006658, 0.005853, 0.008674, 0.002968, 0.00482, 0.002897, 0.002328, 0.002928, 0.002805, 0.004122, 0.004183, 0.004594, 0.00767, 0.00751, 0.003782, 0.002827, 0.003727, 0.002991, 0.004525, 0.004761, 0.019116, 0.007076, 0.011778, 0.012338, 0.011044], "segments": [], "threshold": 0.02, "stats": {"min": 0.0, "max": 0.030107, "mean": 0.00655}}