{"num_points": 97, "num_frames": 152, "magnitudes_raw": [0.0, 0.003015, 0.002767, 0.002964, 0.005092, 0.003811, 0.003612, 0.002854, 0.003097, 0.003619, 0.001723, 0.002631, 0.002169, 0.003421, 0.00351, 0.002464, 0.002262, 0.008793, 0.003517, 0.002585, 0.002724, 0.002123, 0.002085, 0.002297, 0.003655, 0.002228, 0.003274, 0.002639, 0.003282, 0.004412, 0.001924, 0.002176, 0.002505, 0.002555, 0.003295, 0.004065, 0.003309, 0.003483, 0.002064, 0.002059, 0.002036, 0.002775, 0.002089, 0.002955, 0.00216, 0.002712, 0.004253, 0.003299, 0.002112, 0.002144, 0.002003, 0.00262, 0.003006, 0.003572, 0.007556, 0.003299, 0.00209, 0.004851, 0.004514, 0.004125, 0.002496, 0.00369, 0.00586, 0.005249, 0.003267, 0.003731, 0.002573, 0.002321, 0.003939, 0.002684, 0.002513, 0.004712, 0.003713, 0.003391, 0.005387, 0.003742, 0.018319, 0.033971, 0.03842, 0.024715, 0.021467, 0.0108, 0.025444, 0.050844, 0.051198, 0.006548, 0.021676, 0.017171, 0.019735, 0.014442, 0.016327, 0.009354, 0.01762, 0.007225, 0.015755, 0.00452, 0.018615, 0.004203, 0.018717, 0.004911, 0.017697, 0.00778, 0.012693, 0.008947, 0.017484, 0.004843, 0.023606, 0.039431, 0.011415, 0.006747, 0.019006, 0.009873, 0.006721, 0.01422, 0.01419, 0.011774, 0.006622, 0.00859, 0.007579, 0.007491, 0.003841, 0.00403, 0.002751, 0.003142, 0.003285, 0.003371, 0.00538, 0.003761, 0.003387, 0.00315, 0.003142, 0.005163, 0.006506, 0.003373, 0.00632, 0.003498, 0.003036, 0.003123, 0.004085, 0.006758, 0.010921, 0.005528, 0.002261, 0.00268, 0.003473, 0.001948, 0.002464, 0.003301, 0.00229, 0.001764, 0.002523, 0.001767], "segments": [{"start": 77, "end": 86, "num_frames": 10, "peak": 0.05119792952443406, "avg": 0.028508320372065472}], "threshold": 0.02, "stats": {"min": 0.0, "max": 0.051198, "mean": 0.007199}}