{"num_points": 98, "num_frames": 152, "magnitudes_raw": [0.0, 0.001758, 0.002262, 0.002452, 0.002653, 0.003152, 0.002887, 0.002983, 0.0028, 0.001775, 0.001702, 0.002208, 0.001701, 0.001742, 0.003175, 0.002033, 0.001771, 0.002065, 0.002264, 0.002311, 0.002162, 0.00461, 0.004998, 0.003235, 0.003997, 0.003323, 0.003611, 0.003354, 0.003423, 0.003766, 0.004854, 0.00333, 0.005053, 0.002348, 0.00215, 0.003405, 0.002778, 0.002247, 0.001732, 0.002525, 0.003277, 0.002722, 0.003082, 0.002709, 0.003031, 0.002726, 0.004452, 0.002491, 0.004656, 0.002679, 0.002921, 0.002499, 0.003627, 0.002137, 0.002176, 0.002048, 0.002796, 0.002362, 0.002977, 0.004442, 0.003803, 0.002807, 0.002269, 0.00364, 0.00219, 0.002291, 0.002721, 0.001797, 0.002328, 0.001929, 0.001959, 0.001707, 0.002048, 0.002092, 0.001954, 0.002663, 0.00232, 0.003122, 0.003421, 0.002913, 0.00358, 0.005283, 0.004156, 0.003605, 0.004495, 0.00449, 0.003527, 0.003768, 0.002979, 0.002788, 0.001903, 0.002116, 0.002585, 0.002003, 0.002406, 0.002305, 0.003937, 0.003014, 0.004367, 0.003421, 0.003915, 0.002986, 0.003558, 0.004395, 0.005837, 0.002677, 0.003648, 0.003989, 0.003679, 0.004056, 0.006455, 0.004787, 0.004223, 0.005191, 0.003479, 0.002375, 0.00218, 0.002341, 0.002053, 0.002768, 0.003421, 0.002046, 0.002328, 0.002232, 0.002119, 0.004284, 0.002715, 0.003726, 0.003375, 0.00424, 0.00283, 0.003478, 0.00215, 0.002617, 0.002453, 0.002042, 0.002902, 0.00388, 0.002225, 0.002568, 0.002458, 0.003116, 0.004051, 0.002831, 0.002848, 0.003125, 0.002736, 0.003202, 0.003468, 0.003202, 0.003012, 0.002708], "segments": [], "threshold": 0.02, "stats": {"min": 0.0, "max": 0.006455, "mean": 0.003001}}