{"num_points": 96, "num_frames": 152, "magnitudes_raw": [0.0, 0.00243, 0.001854, 0.002023, 0.00203, 0.001459, 0.002145, 0.001431, 0.001896, 0.00145, 0.00196, 0.001985, 0.001595, 0.001521, 0.002142, 0.001958, 0.001502, 0.001731, 0.001549, 0.002712, 0.002829, 0.002583, 0.002299, 0.0018, 0.00253, 0.001574, 0.002385, 0.002257, 0.001941, 0.001847, 0.001905, 0.002369, 0.002088, 0.001916, 0.001582, 0.001713, 0.001694, 0.001234, 0.001336, 0.001453, 0.00185, 0.001929, 0.001685, 0.002236, 0.002394, 0.006249, 0.005307, 0.00283, 0.001943, 0.002585, 0.001945, 0.002205, 0.002331, 0.001783, 0.001569, 0.002094, 0.002351, 0.001964, 0.002042, 0.002636, 0.002354, 0.002373, 0.002239, 0.002285, 0.002201, 0.001581, 0.0018, 0.002335, 0.001709, 0.00265, 0.002373, 0.003013, 0.002692, 0.00475, 0.003375, 0.002005, 0.001722, 0.001717, 0.00164, 0.001722, 0.001646, 0.001744, 0.001936, 0.002139, 0.002011, 0.002102, 0.001708, 0.001904, 0.002355, 0.001817, 0.001843, 0.002049, 0.002033, 0.00316, 0.002301, 0.00174, 0.002023, 0.002198, 0.001976, 0.001642, 0.002193, 0.001988, 0.002166, 0.002065, 0.001919, 0.002309, 0.002109, 0.002026, 0.002841, 0.001783, 0.002886, 0.005323, 0.004263, 0.003407, 0.001723, 0.001981, 0.001853, 0.002621, 0.003788, 0.0024, 0.002388, 0.00235, 0.002293, 0.001608, 0.002309, 0.002522, 0.004069, 0.002439, 0.001605, 0.001891, 0.00138, 0.002438, 0.001592, 0.001832, 0.002071, 0.00152, 0.001722, 0.002156, 0.001994, 0.002166, 0.001775, 0.002298, 0.001621, 0.001507, 0.002071, 0.003212, 0.002064, 0.001736, 0.001991, 0.001797, 0.002623, 0.002001], "segments": [], "threshold": 0.02, "stats": {"min": 0.0, "max": 0.006249, "mean": 0.002172}}