{"num_points": 150, "num_frames": 156, "magnitudes_raw": [0.0, 0.002605, 0.002264, 0.002138, 0.002261, 0.002139, 0.002486, 0.003185, 0.003289, 0.00344, 0.003569, 0.004961, 0.004309, 0.005519, 0.00531, 0.005062, 0.007164, 0.004271, 0.004892, 0.004392, 0.003603, 0.004171, 0.00339, 0.003852, 0.004164, 0.007604, 0.013112, 0.014236, 0.017286, 0.009488, 0.01004, 0.009292, 0.003943, 0.002486, 0.002334, 0.00243, 0.003743, 0.005132, 0.004321, 0.003378, 0.004353, 0.00438, 0.005148, 0.008899, 0.008252, 0.007316, 0.006127, 0.002679, 0.003384, 0.003286, 0.003195, 0.002343, 0.00454, 0.004596, 0.00245, 0.002497, 0.00315, 0.003019, 0.005636, 0.005315, 0.011428, 0.013344, 0.014416, 0.01599, 0.010229, 0.00842, 0.007689, 0.004975, 0.004456, 0.004015, 0.003572, 0.004114, 0.00522, 0.004972, 0.005799, 0.005054, 0.002425, 0.004764, 0.007167, 0.007824, 0.005267, 0.003952, 0.004698, 0.003473, 0.003589, 0.00492, 0.005321, 0.006531, 0.006596, 0.00835, 0.011143, 0.012803, 0.006836, 0.010488, 0.006845, 0.005956, 0.005063, 0.004324, 0.003183, 0.002395, 0.002796, 0.003312, 0.002661, 0.003237, 0.004275, 0.006193, 0.004642, 0.0044, 0.007382, 0.004569, 0.007604, 0.007918, 0.011842, 0.005502, 0.003644, 0.005244, 0.007623, 0.009554, 0.006688, 0.006592, 0.004974, 0.004281, 0.003552, 0.005633, 0.0077, 0.017105, 0.020255, 0.020563, 0.032186, 0.032259, 0.019346, 0.016762, 0.007985, 0.010078, 0.007572, 0.005144, 0.004669, 0.003296, 0.004154, 0.003825, 0.004215, 0.005197, 0.003373, 0.004848, 0.004456, 0.004015, 0.003365, 0.003482, 0.004161, 0.003907, 0.002578, 0.00292, 0.003718, 0.003978, 0.005949, 0.007657], "segments": [], "threshold": 0.02, "stats": {"min": 0.0, "max": 0.032259, "mean": 0.006245}}