{"num_points": 93, "num_frames": 152, "magnitudes_raw": [0.0, 0.002106, 0.001915, 0.002448, 0.002531, 0.00302, 0.002562, 0.003044, 0.002488, 0.001998, 0.002211, 0.001943, 0.00254, 0.002972, 0.002087, 0.001518, 0.002383, 0.002453, 0.00177, 0.002013, 0.001798, 0.002403, 0.001996, 0.002485, 0.001982, 0.002552, 0.002601, 0.005331, 0.006984, 0.004384, 0.009649, 0.006495, 0.005, 0.002418, 0.002849, 0.00299, 0.020251, 0.016106, 0.013188, 0.010407, 0.011874, 0.008203, 0.005844, 0.075057, 0.082802, 0.062064, 0.0495, 0.064531, 0.019004, 0.017747, 0.033846, 0.022849, 0.012713, 0.016231, 0.00642, 0.00519, 0.013138, 0.009687, 0.036929, 0.028608, 0.041923, 0.056067, 0.081276, 0.035756, 0.006868, 0.015262, 0.002514, 0.001975, 0.002338, 0.002052, 0.005132, 0.001701, 0.005966, 0.003343, 0.002413, 0.002816, 0.003036, 0.003613, 0.003184, 0.007258, 0.002838, 0.006347, 0.004105, 0.001974, 0.001499, 0.002766, 0.001602, 0.003355, 0.002735, 0.00319, 0.001364, 0.001941, 0.001951, 0.004706, 0.001891, 0.002252, 0.002993, 0.001987, 0.002521, 0.001873, 0.002075, 0.001859, 0.002006, 0.001698, 0.002064, 0.005171, 0.002404, 0.00225, 0.002879, 0.002969, 0.002653, 0.002211, 0.002905, 0.002871, 0.006034, 0.007639, 0.004729, 0.013473, 0.018925, 0.042074, 0.082841, 0.067591, 0.042474, 0.048671, 0.027308, 0.033282, 0.009985, 0.01658, 0.005232, 0.004587, 0.014834, 0.012452, 0.017948, 0.049946, 0.032105, 0.063382, 0.052652, 0.054565, 0.067313, 0.040596, 0.017778, 0.013467, 0.005259, 0.00219, 0.002213, 0.005146, 0.002676, 0.003112, 0.004773, 0.004595, 0.001681, 0.012245], "segments": [{"start": 43, "end": 51, "num_frames": 9, "peak": 0.0828019186996384, "avg": 0.047488854140164606}], "threshold": 0.02, "stats": {"min": 0.0, "max": 0.082841, "mean": 0.013387}}