{"num_points": 97, "num_frames": 152, "magnitudes_raw": [0.0, 0.006355, 0.004716, 0.003834, 0.006454, 0.006952, 0.007915, 0.009191, 0.010309, 0.024239, 0.026625, 0.017936, 0.004809, 0.02007, 0.053705, 0.031082, 0.007137, 0.002792, 0.003757, 0.00372, 0.00514, 0.010207, 0.02706, 0.036994, 0.020869, 0.004923, 0.019502, 0.045347, 0.035684, 0.011895, 0.003701, 0.006326, 0.007835, 0.014964, 0.021289, 0.017741, 0.01133, 0.006223, 0.036674, 0.013133, 0.003827, 0.002409, 0.002522, 0.002879, 0.003225, 0.005105, 0.003891, 0.003877, 0.004827, 0.003607, 0.004253, 0.005401, 0.002834, 0.004374, 0.004035, 0.002564, 0.004202, 0.005422, 0.00545, 0.003099, 0.002621, 0.006089, 0.005562, 0.004827, 0.006489, 0.004413, 0.004085, 0.004779, 0.014678, 0.015138, 0.003935, 0.022666, 0.007558, 0.003682, 0.00316, 0.003079, 0.003103, 0.002919, 0.003174, 0.002647, 0.004823, 0.004209, 0.00336, 0.002898, 0.003802, 0.003982, 0.003596, 0.005391, 0.003376, 0.010572, 0.017425, 0.0157, 0.00578, 0.019945, 0.0161, 0.010705, 0.004049, 0.003903, 0.006153, 0.007894, 0.009935, 0.012612, 0.009992, 0.010768, 0.021143, 0.0087, 0.004508, 0.003319, 0.004782, 0.003934, 0.004475, 0.011775, 0.016982, 0.007088, 0.023319, 0.004569, 0.003397, 0.005367, 0.006948, 0.003126, 0.010556, 0.012335, 0.006413, 0.019221, 0.019882, 0.003731, 0.007619, 0.007068, 0.010594, 0.015116, 0.009724, 0.009778, 0.021678, 0.003679, 0.003295, 0.003009, 0.00737, 0.0174, 0.016865, 0.006786, 0.021099, 0.019447, 0.004438, 0.003524, 0.004454, 0.006262, 0.003449, 0.004398, 0.015985, 0.012986, 0.018774, 0.023545], "segments": [], "threshold": 0.02, "stats": {"min": 0.0, "max": 0.053705, "mean": 0.009814}}