{"num_points": 93, "num_frames": 57, "magnitudes_raw": [0.0, 0.985416, 1.685406, 1.535228, 1.262863, 0.215982, 0.69998, 5.935338, 5.828557, 3.050339, 3.092852, 3.267129, 10.349859, 27.302943, 29.5692, 27.494435, 45.703362, 43.11635, 2.678676, 2.430471, 1.786194, 1.701739, 1.671704, 1.75036, 1.751376, 1.745, 1.742459, 1.758015, 1.756956, 1.685016, 1.763814, 1.712759, 1.788015, 1.699396, 1.755766, 1.717974, 1.67312, 1.70712, 1.721294, 1.742135, 1.814906, 1.736477, 1.720728, 1.685867, 1.744555, 1.735243, 1.734752, 1.729963, 1.743822, 1.731032, 1.72563, 1.697444, 1.751385, 1.693878, 1.735833, 1.892647, 1.615448], "segments": [{"start": 1, "end": 56, "num_frames": 56, "peak": 45.7033617892977, "avg": 5.005789442186928}], "threshold": 0.02, "stats": {"min": 0.0, "max": 45.703362, "mean": 4.917969}}