{"num_points": 150, "num_frames": 27, "magnitudes_raw": [0.0, 0.002879, 0.003253, 0.006628, 0.009523, 0.007183, 0.005647, 0.004043, 0.008847, 0.009019, 0.010558, 0.011716, 0.011386, 0.009438, 0.007106, 0.0067, 0.007413, 0.005619, 0.003473, 0.003859, 0.004691, 0.006472, 0.019532, 0.022011, 0.013441, 0.017392, 0.011365], "segments": [], "threshold": 0.02, "stats": {"min": 0.0, "max": 0.022011, "mean": 0.008489}}