{"num_points": 91, "num_frames": 37, "magnitudes_raw": [0.0, 0.003579, 0.002051, 0.003139, 0.006386, 0.00712, 0.002279, 0.002753, 0.004181, 0.004292, 0.005892, 0.005773, 0.003892, 0.020035, 0.021539, 0.043486, 0.015636, 0.018161, 0.010084, 0.051644, 0.022797, 0.069229, 0.035778, 0.025889, 0.014522, 0.007618, 0.008063, 0.004457, 0.003254, 0.003361, 0.002861, 0.004094, 0.003612, 0.002804, 0.00421, 0.003033, 0.002128], "segments": [{"start": 13, "end": 23, "num_frames": 11, "peak": 0.06922915964229166, "avg": 0.03038890698694652}], "threshold": 0.02, "stats": {"min": 0.0, "max": 0.069229, "mean": 0.012152}}