{"num_points": 88, "num_frames": 69, "magnitudes_raw": [0.0, 0.00151, 0.001147, 0.001637, 0.001805, 0.00219, 0.001771, 0.002143, 0.002334, 0.003994, 0.00386, 0.005758, 0.007233, 0.008102, 0.007578, 0.010155, 0.008146, 0.009618, 0.020142, 0.013979, 0.010499, 0.012628, 0.030816, 0.027734, 0.032713, 0.016049, 0.009803, 0.008324, 0.008317, 0.008332, 0.00981, 0.011558, 0.00399, 0.003973, 0.002433, 0.002534, 0.002075, 0.00283, 0.002908, 0.002853, 0.002105, 0.002595, 0.002897, 0.00224, 0.003411, 0.003783, 0.004507, 0.004856, 0.004782, 0.003841, 0.004031, 0.004205, 0.003921, 0.003992, 0.002699, 0.003028, 0.005665, 0.011097, 0.003815, 0.003842, 0.006153, 0.005912, 0.006605, 0.008821, 0.006539, 0.004289, 0.002411, 0.00301, 0.007313], "segments": [], "threshold": 0.02, "stats": {"min": 0.0, "max": 0.032713, "mean": 0.006604}}