{"num_points": 91, "num_frames": 152, "magnitudes_raw": [0.0, 0.034981, 0.033487, 0.012942, 0.013649, 0.015718, 0.013193, 0.002252, 0.003789, 0.006524, 0.008551, 0.013351, 0.003892, 0.003588, 0.002931, 0.0043, 0.007244, 0.00809, 0.016065, 0.057437, 0.04456, 0.049612, 0.025871, 0.015005, 0.004527, 0.015238, 0.004036, 0.002051, 0.003272, 0.00223, 0.001998, 0.002097, 0.002389, 0.001566, 0.002872, 0.003853, 0.005638, 0.003161, 0.002933, 0.002114, 0.002578, 0.001707, 0.002393, 0.001553, 0.002043, 0.00187, 0.002391, 0.001847, 0.002945, 0.01154, 0.260511, 0.103692, 0.070594, 0.020312, 0.012083, 0.004899, 0.0, 0.0, 0.0, 0.0, 0.0, 0.0, 0.0, 0.0, 0.0, 0.0, 0.0, 0.0, 0.0, 0.0, 0.0, 0.0, 0.0, 0.0, 0.0, 0.0, 0.0, 0.0, 0.107562, 0.044771, 0.012003, 0.010357, 0.005705, 0.009441, 0.014287, 0.005271, 0.003743, 0.002909, 0.002491, 0.002187, 0.002775, 0.002256, 0.003963, 0.005885, 0.100389, 0.028111, 0.024639, 0.011455, 0.005085, 0.005136, 0.024228, 0.004221, 0.009368, 0.221734, 0.087622, 0.078174, 0.154578, 0.118744, 0.028527, 0.040694, 0.007784, 0.003952, 0.003617, 0.003227, 0.006781, 0.005435, 0.004848, 0.005055, 0.003585, 0.00233, 0.006748, 0.028863, 0.087503, 0.061151, 0.035797, 0.030772, 0.023706, 0.028812, 0.002364, 0.003508, 0.002949, 0.002909, 0.002503, 0.002198, 0.001821, 0.002417, 0.004949, 0.002917, 0.003825, 0.002996, 0.003867, 0.002245, 0.001734, 0.00356, 0.008909, 0.276764, 0.042462, 0.109091, 0.05987, 0.0, 0.0, 0.0], "segments": [{"start": 94, "end": 109, "num_frames": 16, "peak": 0.2217337464481089, "avg": 0.05891907504415417}], "threshold": 0.02, "stats": {"min": 0.0, "max": 0.276764, "mean": 0.019948}}