{"num_points": 99, "num_frames": 152, "magnitudes_raw": [0.0, 0.001508, 0.00166, 0.001388, 0.001476, 0.001961, 0.002111, 0.00141, 0.001435, 0.001476, 0.002022, 0.001838, 0.002146, 0.002203, 0.002585, 0.002372, 0.002213, 0.002452, 0.002761, 0.002188, 0.004647, 0.020397, 0.039291, 0.084912, 0.031154, 0.021235, 0.017469, 0.009199, 0.008561, 0.010193, 0.00609, 0.009023, 0.009075, 0.0163, 0.023456, 0.018245, 0.011539, 0.008893, 0.005865, 0.00435, 0.004825, 0.004984, 0.007753, 0.007635, 0.018198, 0.032698, 0.039898, 0.036021, 0.039386, 0.020577, 0.013706, 0.00899, 0.004696, 0.00382, 0.0028, 0.002958, 0.002566, 0.00231, 0.002233, 0.001863, 0.002131, 0.00237, 0.002118, 0.001802, 0.002359, 0.002498, 0.003156, 0.002105, 0.002286, 0.001776, 0.002328, 0.002061, 0.003016, 0.002222, 0.00262, 0.003251, 0.002298, 0.002393, 0.002432, 0.003259, 0.003644, 0.004658, 0.00259, 0.002526, 0.003776, 0.002468, 0.002451, 0.002563, 0.003971, 0.002792, 0.002779, 0.00319, 0.005217, 0.003966, 0.004197, 0.006681, 0.006499, 0.015148, 0.014738, 0.0133, 0.019506, 0.012528, 0.004822, 0.005743, 0.004553, 0.004765, 0.006556, 0.004047, 0.007775, 0.005134, 0.006589, 0.005675, 0.00465, 0.004818, 0.00305, 0.005093, 0.003415, 0.002474, 0.001993, 0.002513, 0.002505, 0.001973, 0.003412, 0.001678, 0.001794, 0.001892, 0.002279, 0.001766, 0.002259, 0.00172, 0.001935, 0.001872, 0.002481, 0.002173, 0.002191, 0.001755, 0.001853, 0.001667, 0.002224, 0.001801, 0.002486, 0.003383, 0.005786, 0.00349, 0.003793, 0.00228, 0.002359, 0.002309, 0.001752, 0.002569, 0.002031, 0.002022], "segments": [], "threshold": 0.02, "stats": {"min": 0.0, "max": 0.084912, "mean": 0.006591}}