{"num_points": 93, "num_frames": 195, "magnitudes_raw": [0.0, 0.003048, 0.003722, 0.004645, 0.003098, 0.003315, 0.003971, 0.005238, 0.005026, 0.004474, 0.008086, 0.004961, 0.007985, 0.005948, 0.008929, 0.007511, 0.00384, 0.008463, 0.005533, 0.007969, 0.004773, 0.004503, 0.00507, 0.004631, 0.003782, 0.005874, 0.010297, 0.00622, 0.002972, 0.007902, 0.00403, 0.005804, 0.011997, 0.00913, 0.00913, 0.009595, 0.011918, 0.014587, 0.018551, 0.026049, 0.01624, 0.017688, 0.02858, 0.044997, 0.035221, 0.045444, 0.021126, 0.014962, 0.02146, 0.062123, 0.01827, 0.01739, 0.006534, 0.013609, 0.012415, 0.012297, 0.009112, 0.004422, 0.006109, 0.004809, 0.006119, 0.011954, 0.00794, 0.007054, 0.007922, 0.017764, 0.012104, 0.016069, 0.013849, 0.017588, 0.020501, 0.019961, 0.017516, 0.009541, 0.014562, 0.007681, 0.006466, 0.007353, 0.006838, 0.004221, 0.005554, 0.005876, 0.010996, 0.0062, 0.014359, 0.02466, 0.030184, 0.044199, 0.042976, 0.037015, 0.020703, 0.030282, 0.012462, 0.015077, 0.02344, 0.021783, 0.021441, 0.016668, 0.003615, 0.004895, 0.006548, 0.016356, 0.008957, 0.00543, 0.005979, 0.008067, 0.007039, 0.005006, 0.003612, 0.004948, 0.005736, 0.006198, 0.005585, 0.009145, 0.008009, 0.004546, 0.004691, 0.004459, 0.004734, 0.004747, 0.004075, 0.006378, 0.009358, 0.008278, 0.013507, 0.011818, 0.009663, 0.015715, 0.00833, 0.00899, 0.011265, 0.012442, 0.006455, 0.005987, 0.011902, 0.01217, 0.011861, 0.007292, 0.006862, 0.01883, 0.025401, 0.019563, 0.006144, 0.013493, 0.012713, 0.012353, 0.005472, 0.007386, 0.004426, 0.006388, 0.007601, 0.005018, 0.00517, 0.003111, 0.007488, 0.009556, 0.009943, 0.011098, 0.009974, 0.007007, 0.009318, 0.009148, 0.004166, 0.005393, 0.004622, 0.003484, 0.006774, 0.008818, 0.015098, 0.012258, 0.018883, 0.01565, 0.043805, 0.045529, 0.0282, 0.015291, 0.021977, 0.015595, 0.025724, 0.021773, 0.009759, 0.01144, 0.006774, 0.01361, 0.011317, 0.017329, 0.01701, 0.006844, 0.024462, 0.025292, 0.029305, 0.004365, 0.010428, 0.008145, 0.008819], "segments": [{"start": 39, "end": 49, "num_frames": 11, "peak": 0.062123492217639666, "avg": 0.030353673406723358}, {"start": 85, "end": 96, "num_frames": 12, "peak": 0.04419921891731862, "avg": 0.027018580406848874}, {"start": 172, "end": 179, "num_frames": 8, "peak": 0.04552939952602818, "avg": 0.027236685899184813}], "threshold": 0.02, "stats": {"min": 0.0, "max": 0.062123, "mean": 0.012192}}