{"num_points": 83, "num_frames": 229, "magnitudes_raw": [0.0, 0.001483, 0.00112, 0.001277, 0.0012, 0.001194, 0.001115, 0.001448, 0.001398, 0.001325, 0.001133, 0.001593, 0.001757, 0.002681, 0.005728, 0.005014, 0.014144, 0.012736, 0.008291, 0.0, 0.0, 0.0, 0.0, 0.0, 0.0, 0.0, 0.0, 0.0, 0.0, 0.0, 0.0, 0.0, 0.0, 0.017142, 0.004706, 0.034418, 0.019988, 0.003225, 0.032078, 0.026589, 0.022639, 0.004246, 0.004457, 0.006523, 0.013862, 0.009542, 0.004982, 0.011815, 0.015014, 0.013605, 0.028054, 0.020752, 0.085023, 0.023015, 0.04204, 0.030608, 0.025065, 0.024365, 0.01302, 0.04046, 0.041701, 0.03798, 0.049471, 0.028663, 0.062149, 0.048942, 0.057065, 0.049321, 0.061671, 0.053188, 0.01065, 0.005243, 0.010194, 0.009639, 0.015111, 0.026441, 0.018177, 0.00837, 0.006796, 0.004327, 0.002957, 0.002501, 0.002395, 0.002511, 0.002385, 0.002238, 0.003472, 0.002966, 0.003295, 0.002309, 0.002986, 0.002534, 0.002827, 0.007064, 0.003354, 0.005637, 0.006155, 0.009273, 0.002702, 0.002252, 0.002197, 0.002553, 0.003819, 0.002329, 0.00265, 0.003392, 0.002468, 0.003293, 0.002383, 0.002927, 0.0023, 0.003424, 0.006843, 0.005314, 0.002348, 0.0, 0.0, 0.0, 0.0, 0.0, 0.0, 0.0, 0.0, 0.0, 0.030934, 0.017613, 0.004558, 0.004519, 0.004404, 0.010677, 0.020748, 0.090289, 0.023952, 0.020838, 0.018914, 0.011809, 0.006397, 0.007963, 0.00671, 0.005003, 0.010094, 0.005966, 0.003747, 0.003416, 0.006799, 0.003112, 0.003899, 0.002968, 0.003926, 0.003584, 0.003582, 0.00659, 0.006547, 0.002307, 0.003811, 0.003546, 0.006876, 0.006945, 0.01249, 0.015476, 0.011414, 0.016425, 0.008355, 0.008414, 0.004799, 0.00711, 0.002675, 0.002642, 0.003034, 0.003816, 0.002407, 0.002823, 0.002555, 0.001938, 0.001922, 0.00195, 0.002086, 0.001988, 0.002339, 0.001825, 0.002363, 0.001787, 0.001417, 0.002241, 0.003445, 0.002961, 0.001937, 0.001814, 0.002117, 0.001611, 0.00171, 0.003055, 0.001888, 0.00161, 0.00219, 0.001514, 0.001743, 0.002003, 0.002139, 0.002067, 0.001998, 0.002159, 0.00239, 0.001893, 0.001736, 0.00201, 0.00355, 0.001936, 0.00251, 0.002204, 0.002022, 0.002419, 0.002423, 0.001829, 0.002894, 0.002211, 0.002026, 0.001766, 0.00256, 0.002947, 0.003047, 0.003656, 0.002521, 0.003468, 0.00293, 0.001944, 0.001513, 0.001793, 0.00218], "segments": [{"start": 50, "end": 69, "num_frames": 20, "peak": 0.08502313380478452, "avg": 0.04112765539764822}], "threshold": 0.02, "stats": {"min": 0.0, "max": 0.090289, "mean": 0.008597}}