{"num_points": 93, "num_frames": 252, "magnitudes_raw": [0.0, 0.001886, 0.001994, 0.002622, 0.0025, 0.001879, 0.003334, 0.0019, 0.002677, 0.002393, 0.003729, 0.003176, 0.00881, 0.012103, 0.004865, 0.0085, 0.005929, 0.003996, 0.005441, 0.004469, 0.010041, 0.012889, 0.006808, 0.00473, 0.003794, 0.004291, 0.012711, 0.059106, 0.043994, 0.051026, 0.061885, 0.054626, 0.044194, 0.019029, 0.010046, 0.003978, 0.003841, 0.002895, 0.013928, 0.011223, 0.009675, 0.006871, 0.013378, 0.010035, 0.010041, 0.011372, 0.017965, 0.025427, 0.02517, 0.011704, 0.008769, 0.007483, 0.003498, 0.002138, 0.003282, 0.005665, 0.012783, 0.013681, 0.006629, 0.011182, 0.016288, 0.01023, 0.010313, 0.010662, 0.006814, 0.007946, 0.003744, 0.002874, 0.006074, 0.005432, 0.003098, 0.004295, 0.00371, 0.012887, 0.013915, 0.018973, 0.015706, 0.012628, 0.020008, 0.012096, 0.010658, 0.007349, 0.00393, 0.015906, 0.008306, 0.006906, 0.010458, 0.007595, 0.007489, 0.005968, 0.002991, 0.007493, 0.00883, 0.013578, 0.015003, 0.018486, 0.005377, 0.004532, 0.004986, 0.016592, 0.013173, 0.005194, 0.011076, 0.006969, 0.014306, 0.008473, 0.009265, 0.004337, 0.003439, 0.002704, 0.003894, 0.003858, 0.0031, 0.003284, 0.003016, 0.002661, 0.003269, 0.009944, 0.006129, 0.008476, 0.011371, 0.010996, 0.003918, 0.005297, 0.007439, 0.003174, 0.003731, 0.005222, 0.008698, 0.012375, 0.003693, 0.008501, 0.005839, 0.00649, 0.00256, 0.002695, 0.002665, 0.005645, 0.00569, 0.006252, 0.004544, 0.004183, 0.003889, 0.003205, 0.004151, 0.013239, 0.010449, 0.0045, 0.003069, 0.00372, 0.003164, 0.005632, 0.004932, 0.009385, 0.008996, 0.024788, 0.00428, 0.00411, 0.004921, 0.006633, 0.002828, 0.003415, 0.003136, 0.005927, 0.002903, 0.0031, 0.004595, 0.002982, 0.003472, 0.006691, 0.018334, 0.016521, 0.008521, 0.009175, 0.003516, 0.003738, 0.005757, 0.006786, 0.026308, 0.004782, 0.011546, 0.006178, 0.022777, 0.011512, 0.00521, 0.005692, 0.004812, 0.004164, 0.002491, 0.006227, 0.002658, 0.002154, 0.009963, 0.015813, 0.009537, 0.006288, 0.00277, 0.005345, 0.010579, 0.0046, 0.006713, 0.006004, 0.007029, 0.007491, 0.008881, 0.003379, 0.006016, 0.003344, 0.002616, 0.002599, 0.002729, 0.002832, 0.002735, 0.003565, 0.002667, 0.00283, 0.003172, 0.003158, 0.002527, 0.003323, 0.00478, 0.016748, 0.007804, 0.009481, 0.005398, 0.006523, 0.007373, 0.005363, 0.005377, 0.013145, 0.023328, 0.034727, 0.037887, 0.051349, 0.06509, 0.072705, 0.057972, 0.088248, 0.027308, 0.009307, 0.008311, 0.004413, 0.003054, 0.006503, 0.004386, 0.002623, 0.00333, 0.007545, 0.002919, 0.002241, 0.003163, 0.002921], "segments": [{"start": 230, "end": 238, "num_frames": 9, "peak": 0.0882480978184594, "avg": 0.05095715275351836}], "threshold": 0.02, "stats": {"min": 0.0, "max": 0.088248, "mean": 0.009811}}