{"num_points": 97, "num_frames": 613, "magnitudes_raw": [0.0, 0.003662, 0.003317, 0.005012, 0.005472, 0.004843, 0.007641, 0.004456, 0.00279, 0.008476, 0.018231, 0.004174, 0.036831, 0.254382, 0.024515, 0.154615, 0.007272, 0.004401, 0.005891, 0.009109, 0.025028, 0.058623, 0.039192, 0.036799, 0.035756, 0.043156, 0.044045, 0.063661, 0.066804, 0.027387, 0.006331, 0.004458, 0.00522, 0.003255, 0.003012, 0.00538, 0.004779, 0.008537, 0.003708, 0.003881, 0.003321, 0.002103, 0.003384, 0.002405, 0.003157, 0.004416, 0.004969, 0.010448, 0.007825, 0.006068, 0.008183, 0.04248, 0.045321, 0.047412, 0.034511, 0.031446, 0.02006, 0.01016, 0.009056, 0.014457, 0.0, 0.010954, 0.019575, 0.035028, 0.022334, 0.038138, 0.043963, 0.036377, 0.036942, 0.019053, 0.00572, 0.005325, 0.003555, 0.003538, 0.005994, 0.003676, 0.003055, 0.005599, 0.004807, 0.003318, 0.005708, 0.003544, 0.002825, 0.003537, 0.003702, 0.003251, 0.007817, 0.00261, 0.004071, 0.002143, 0.003096, 0.003715, 0.003404, 0.002542, 0.006852, 0.004639, 0.00414, 0.005883, 0.007347, 0.006349, 0.00383, 0.003514, 0.008016, 0.008133, 0.008975, 0.006719, 0.004336, 0.005754, 0.002271, 0.005036, 0.010818, 0.009625, 0.004758, 0.003572, 0.003714, 0.002117, 0.005045, 0.003026, 0.00541, 0.002861, 0.002435, 0.004544, 0.00479, 0.004884, 0.002535, 0.002849, 0.00387, 0.002901, 0.002835, 0.002285, 0.002986, 0.00532, 0.002799, 0.003109, 0.004822, 0.004256, 0.004801, 0.003689, 0.003704, 0.002634, 0.003327, 0.002614, 0.00456, 0.040372, 0.039157, 0.003114, 0.00237, 0.002882, 0.002784, 0.00278, 0.003913, 0.00494, 0.003085, 0.001885, 0.002587, 0.003566, 0.004355, 0.002881, 0.008648, 0.031744, 0.007137, 0.00705, 0.003078, 0.005104, 0.003379, 0.004518, 0.004953, 0.003524, 0.006173, 0.008037, 0.005206, 0.003735, 0.002105, 0.003879, 0.007963, 0.002704, 0.003328, 0.00466, 0.0, 0.0, 0.0, 0.0, 0.0, 0.0, 0.0, 0.0, 0.0, 0.0, 0.0, 0.0, 0.0, 0.0, 0.0, 0.0, 0.0, 0.0, 0.0, 0.0, 0.0, 0.0, 0.0, 0.0, 0.005302, 0.010062, 0.074812, 0.075903, 0.031167, 0.080265, 0.009424, 0.005544, 0.005557, 0.006832, 0.0, 0.0, 0.025159, 0.009487, 0.005099, 0.013601, 0.007874, 0.002236, 0.011045, 0.016583, 0.014107, 0.014118, 0.001414, 0.002236, 0.006403, 0.004123, 0.006083, 0.002828, 0.003, 0.001732, 0.006164, 0.004243, 0.003742, 0.002, 0.005385, 0.002, 0.003, 0.002449, 0.002236, 0.002828, 0.003162, 0.003742, 0.001414, 0.003742, 0.0, 0.005475, 0.003946, 0.003932, 0.004097, 0.004291, 0.001914, 0.006164, 0.011286, 0.003674, 0.007549, 0.005696, 0.006743, 0.005967, 0.003146, 0.002679, 0.006389, 0.005866, 0.003239, 0.004515, 0.004611, 0.005072, 0.013483, 0.004162, 0.006445, 0.002887, 0.002776, 0.002343, 0.004583, 0.004359, 0.003162, 0.009055, 0.064699, 0.007348, 0.003606, 0.006, 0.002449, 0.011662, 0.013, 0.00728, 0.026907, 0.080833, 0.013379, 0.004243, 0.001414, 0.003162, 0.002699, 0.004241, 0.005872, 0.00604, 0.003516, 0.003081, 0.002776, 0.004366, 0.005612, 0.008301, 0.010924, 0.004202, 0.009288, 0.055047, 0.04802, 0.042637, 0.009542, 0.019769, 0.035522, 0.01116, 0.015522, 0.008064, 0.005849, 0.005573, 0.00366, 0.004876, 0.008458, 0.027653, 0.037847, 0.441831, 0.008462, 0.01023, 0.015005, 0.011939, 0.00726, 0.01133, 0.026778, 0.181475, 0.15724, 0.017047, 0.004698, 0.006529, 0.017304, 0.009784, 0.005549, 0.008807, 0.012768, 0.005694, 0.01044, 0.004723, 0.005734, 0.005805, 0.002594, 0.00274, 0.005085, 0.005096, 0.004909, 0.004352, 0.011124, 0.00554, 0.031375, 0.0, 0.0, 0.012382, 0.010407, 0.003407, 0.005546, 0.003018, 0.003704, 0.002296, 0.003179, 0.002604, 0.002663, 0.001813, 0.003302, 0.002508, 0.002397, 0.002296, 0.002083, 0.001863, 0.001888, 0.001962, 0.003129, 0.002485, 0.002113, 0.001725, 0.003105, 0.003118, 0.002668, 0.003428, 0.002711, 0.003824, 0.003038, 0.002533, 0.003701, 0.002502, 0.00312, 0.003622, 0.005569, 0.003057, 0.003016, 0.004071, 0.003382, 0.00873, 0.003143, 0.002388, 0.01836, 0.0, 0.0, 0.0, 0.0, 0.0, 0.051726, 0.008345, 0.007064, 0.004027, 0.007258, 0.006462, 0.021878, 0.046547, 0.135389, 0.032711, 0.044118, 0.026252, 0.030501, 0.029747, 0.025157, 0.021129, 0.018987, 0.018717, 0.008789, 0.011177, 0.012939, 0.003464, 0.030332, 0.010543, 0.028536, 0.021395, 0.053997, 0.043159, 0.027646, 0.017531, 0.009914, 0.009351, 0.015759, 0.023702, 0.026416, 0.008972, 0.017607, 0.045166, 0.0, 0.0, 0.0, 0.0, 0.0, 0.0, 0.0, 0.0, 0.0, 0.048811, 0.079483, 0.0, 0.0, 0.0, 0.0, 0.0, 0.0, 0.0, 0.0, 0.066783, 0.045432, 0.005328, 0.007298, 0.00679, 0.005128, 0.006776, 0.008425, 0.012702, 0.005839, 0.004056, 0.003495, 0.002779, 0.002922, 0.003578, 0.002711, 0.00386, 0.00516, 0.003104, 0.003149, 0.005116, 0.004611, 0.003284, 0.002997, 0.003065, 0.005896, 0.004161, 0.01323, 0.011284, 0.011743, 0.007602, 0.015291, 0.002876, 0.009288, 0.032381, 0.031794, 0.005295, 0.005147, 0.003832, 0.005972, 0.006427, 0.141898, 0.139728, 0.003486, 0.005206, 0.004307, 0.00501, 0.004557, 0.003099, 0.010576, 0.005798, 0.00397, 0.004227, 0.003253, 0.00293, 0.00375, 0.005696, 0.009667, 0.017572, 0.043281, 0.087187, 0.103876, 0.007871, 0.028227, 0.007116, 0.022416, 0.087432, 0.102403, 0.070855, 0.095908, 0.049581, 0.028826, 0.022773, 0.066092, 0.111081, 0.15454, 0.039371, 0.027355, 0.111032, 0.199492, 0.056221, 0.026071, 0.031262, 0.0, 0.0, 0.0, 0.0, 0.0, 0.0, 0.070349, 0.10628, 0.089539, 0.028865, 0.016953, 0.017211, 0.077076, 0.089366, 0.027906, 0.029798, 0.03084, 0.076278, 0.13159, 0.020981, 0.115982, 0.0, 0.0, 0.0, 0.0, 0.0, 0.0, 0.0, 0.0, 0.0, 0.0, 0.0, 0.0, 0.0, 0.0, 0.0, 0.0, 0.0, 0.0, 0.0, 0.001732, 0.004243, 0.004472, 0.003742, 0.002236, 0.002, 0.002236, 0.003742, 0.004472, 0.001414, 0.002, 0.001732, 0.007461, 0.006341, 0.002343, 0.00285, 0.003665, 0.002366, 0.002, 0.002236, 0.0, 0.0, 0.0, 0.0, 0.020598, 0.009695, 0.010198, 0.007071, 0.006324], "segments": [{"start": 12, "end": 29, "num_frames": 18, "peak": 0.25438160310840097, "avg": 0.052081425887399065}, {"start": 410, "end": 419, "num_frames": 10, "peak": 0.13538891354359156, "avg": 0.041342735984695185}, {"start": 426, "end": 441, "num_frames": 16, "peak": 0.0539969710373158, "avg": 0.02437656628406571}, {"start": 520, "end": 543, "num_frames": 24, "peak": 0.19949201507930434, "avg": 0.06584460785849444}, {"start": 550, "end": 564, "num_frames": 15, "peak": 0.13158968904081225, "avg": 0.06193435573240442}], "threshold": 0.02, "stats": {"min": 0.0, "max": 0.441831, "mean": 0.015051}}