{"num_points": 96, "num_frames": 152, "magnitudes_raw": [0.0, 0.002936, 0.002163, 0.002988, 0.003151, 0.002525, 0.002028, 0.002173, 0.003155, 0.005379, 0.00347, 0.002542, 0.002384, 0.00243, 0.003286, 0.002164, 0.001935, 0.002176, 0.001861, 0.002444, 0.002218, 0.00212, 0.002275, 0.00256, 0.002013, 0.002432, 0.002884, 0.002615, 0.002311, 0.001741, 0.00206, 0.002118, 0.001786, 0.001649, 0.002085, 0.002621, 0.002517, 0.002669, 0.002457, 0.002222, 0.002378, 0.002755, 0.004149, 0.004148, 0.002681, 0.002796, 0.002787, 0.002666, 0.002419, 0.00233, 0.002007, 0.00232, 0.001871, 0.002414, 0.002572, 0.00232, 0.001894, 0.002589, 0.002641, 0.002349, 0.002768, 0.00245, 0.002091, 0.001922, 0.001862, 0.002266, 0.001831, 0.001856, 0.002194, 0.002523, 0.002404, 0.002784, 0.002708, 0.002348, 0.002098, 0.002059, 0.001848, 0.002433, 0.001949, 0.001686, 0.002227, 0.002391, 0.002265, 0.002704, 0.002319, 0.002235, 0.001919, 0.001749, 0.002974, 0.002585, 0.002354, 0.002638, 0.002477, 0.002534, 0.002565, 0.002148, 0.00199, 0.002539, 0.001819, 0.00224, 0.002738, 0.002734, 0.002764, 0.003211, 0.002461, 0.002502, 0.002233, 0.002148, 0.002841, 0.002181, 0.001876, 0.001766, 0.001934, 0.002269, 0.001849, 0.00266, 0.001881, 0.002603, 0.002052, 0.002614, 0.002574, 0.002631, 0.002402, 0.002356, 0.001899, 0.002683, 0.002522, 0.001993, 0.00232, 0.001701, 0.001847, 0.001753, 0.001932, 0.002674, 0.002344, 0.002281, 0.002042, 0.002045, 0.002837, 0.002663, 0.00329, 0.003963, 0.004124, 0.001697, 0.001987, 0.002151, 0.0023, 0.002419, 0.002004, 0.002256, 0.002185, 0.002143], "segments": [], "threshold": 0.02, "stats": {"min": 0.0, "max": 0.005379, "mean": 0.002386}}