{"num_points": 96, "num_frames": 112, "magnitudes_raw": [0.0, 0.002246, 0.005266, 0.006364, 0.009681, 0.008118, 0.00655, 0.004353, 0.003756, 0.022178, 0.092393, 0.062221, 0.035701, 0.019414, 0.024865, 0.038306, 0.05484, 0.080223, 0.077362, 0.024648, 0.003966, 0.00555, 0.017636, 0.015185, 0.005129, 0.005576, 0.005221, 0.004907, 0.002353, 0.002779, 0.003721, 0.016836, 0.040404, 0.036533, 0.023379, 0.018914, 0.008722, 0.010927, 0.012364, 0.009864, 0.010434, 0.013504, 0.02002, 0.02583, 0.021824, 0.017525, 0.005534, 0.004589, 0.005278, 0.006858, 0.008451, 0.00813, 0.008377, 0.004409, 0.002488, 0.002347, 0.004601, 0.011165, 0.023891, 0.033116, 0.026213, 0.022157, 0.030384, 0.023181, 0.014098, 0.009739, 0.017437, 0.018242, 0.019402, 0.022435, 0.014759, 0.010704, 0.009887, 0.006711, 0.008807, 0.008248, 0.006868, 0.007273, 0.005722, 0.004533, 0.003722, 0.00293, 0.003972, 0.003964, 0.004037, 0.007731, 0.0188, 0.022537, 0.024241, 0.023307, 0.02494, 0.014864, 0.01423, 0.012897, 0.008055, 0.008438, 0.02507, 0.016549, 0.008331, 0.010426, 0.01226, 0.011047, 0.013344, 0.015293, 0.011597, 0.011844, 0.009579, 0.006649, 0.004101, 0.005764, 0.005145, 0.007842], "segments": [{"start": 9, "end": 19, "num_frames": 11, "peak": 0.0923927841825099, "avg": 0.04837736981371159}], "threshold": 0.02, "stats": {"min": 0.0, "max": 0.092393, "mean": 0.015421}}