{"num_points": 89, "num_frames": 790, "magnitudes_raw": [0.0, 0.002411, 0.001865, 0.001637, 0.002192, 0.001813, 0.002084, 0.002261, 0.002185, 0.001889, 0.001726, 0.001882, 0.001831, 0.001729, 0.001856, 0.001579, 0.001491, 0.001648, 0.00179, 0.001665, 0.001684, 0.002066, 0.002998, 0.002711, 0.002981, 0.003794, 0.002646, 0.002604, 0.002647, 0.002472, 0.003508, 0.002201, 0.00207, 0.002489, 0.0021, 0.001727, 0.002038, 0.002526, 0.002023, 0.001884, 0.001873, 0.002026, 0.002089, 0.002149, 0.021055, 0.006683, 0.014007, 0.047115, 0.008585, 0.041376, 0.008414, 0.009428, 0.007657, 0.006152, 0.00437, 0.005104, 0.00593, 0.004792, 0.012818, 0.011488, 0.010288, 0.007848, 0.003553, 0.004107, 0.004349, 0.00595, 0.004443, 0.00408, 0.005131, 0.009379, 0.01062, 0.008113, 0.009547, 0.007166, 0.006022, 0.005447, 0.004633, 0.008054, 0.005734, 0.008496, 0.008648, 0.014758, 0.022911, 0.029425, 0.021252, 0.010847, 0.007455, 0.00793, 0.00811, 0.004928, 0.006246, 0.006029, 0.00413, 0.004509, 0.002848, 0.003474, 0.004586, 0.002885, 0.002315, 0.00324, 0.003396, 0.003024, 0.003032, 0.002058, 0.002842, 0.002339, 0.003056, 0.002415, 0.003094, 0.002576, 0.002749, 0.002295, 0.002298, 0.002715, 0.0031, 0.002814, 0.002994, 0.002501, 0.002917, 0.003459, 0.00213, 0.002211, 0.00276, 0.00287, 0.002182, 0.002714, 0.00312, 0.004384, 0.00587, 0.004554, 0.005068, 0.00443, 0.003555, 0.005143, 0.006891, 0.007961, 0.00588, 0.004148, 0.002988, 0.003375, 0.007154, 0.010443, 0.006388, 0.008867, 0.007054, 0.004764, 0.004895, 0.003568, 0.003118, 0.002884, 0.002204, 0.003029, 0.002691, 0.002363, 0.00279, 0.002523, 0.002562, 0.002579, 0.002907, 0.002646, 0.003058, 0.002791, 0.002275, 0.002567, 0.002277, 0.0023, 0.002116, 0.002231, 0.002183, 0.002325, 0.002426, 0.002022, 0.002564, 0.00234, 0.002734, 0.002702, 0.003012, 0.002318, 0.003264, 0.004935, 0.005453, 0.004074, 0.00434, 0.006732, 0.017845, 0.008083, 0.013012, 0.011125, 0.003983, 0.003942, 0.002348, 0.004274, 0.002573, 0.005173, 0.004245, 0.002176, 0.002275, 0.002979, 0.004844, 0.003262, 0.002547, 0.003346, 0.00624, 0.00366, 0.007073, 0.007955, 0.014245, 0.017019, 0.008189, 0.003315, 0.005352, 0.004551, 0.003987, 0.002555, 0.002561, 0.003108, 0.003333, 0.005278, 0.0125, 0.024958, 0.033309, 0.035015, 0.019146, 0.007472, 0.005152, 0.008917, 0.005889, 0.004072, 0.011753, 0.013648, 0.019451, 0.017576, 0.010484, 0.016996, 0.019243, 0.003222, 0.004535, 0.003001, 0.002998, 0.004489, 0.004339, 0.00474, 0.004166, 0.006208, 0.003967, 0.004937, 0.003644, 0.004581, 0.00701, 0.009082, 0.005843, 0.004418, 0.003772, 0.005713, 0.005506, 0.007659, 0.005109, 0.003988, 0.004221, 0.003287, 0.003664, 0.007818, 0.008027, 0.003491, 0.003659, 0.003154, 0.002455, 0.002986, 0.002062, 0.002683, 0.002356, 0.003353, 0.003688, 0.004232, 0.002578, 0.002289, 0.002706, 0.003129, 0.00295, 0.010311, 0.008304, 0.00357, 0.004021, 0.003858, 0.005171, 0.007141, 0.013247, 0.006556, 0.005313, 0.004793, 0.003304, 0.003658, 0.002806, 0.002428, 0.003074, 0.003482, 0.00446, 0.005257, 0.009895, 0.007292, 0.004702, 0.007102, 0.006369, 0.013561, 0.005448, 0.005115, 0.01284, 0.004024, 0.00909, 0.004558, 0.004254, 0.006313, 0.011555, 0.013817, 0.00518, 0.008945, 0.003746, 0.002738, 0.002981, 0.002159, 0.003, 0.002602, 0.002186, 0.002236, 0.002757, 0.002804, 0.002271, 0.002194, 0.002021, 0.001837, 0.002582, 0.002115, 0.003047, 0.003151, 0.003333, 0.003459, 0.004879, 0.004706, 0.003466, 0.004629, 0.004729, 0.00458, 0.008264, 0.011918, 0.003259, 0.003123, 0.00313, 0.003658, 0.003933, 0.00375, 0.002705, 0.002692, 0.002424, 0.003133, 0.003036, 0.003626, 0.004424, 0.003396, 0.002937, 0.003025, 0.012816, 0.014238, 0.002298, 0.002826, 0.010056, 0.006561, 0.004689, 0.005933, 0.003478, 0.003185, 0.002716, 0.003596, 0.002667, 0.003189, 0.002824, 0.003275, 0.003726, 0.002413, 0.001973, 0.001833, 0.002764, 0.002822, 0.003459, 0.003248, 0.001478, 0.001905, 0.002108, 0.002135, 0.002478, 0.002395, 0.002718, 0.002727, 0.003912, 0.002768, 0.004861, 0.008791, 0.003779, 0.007402, 0.014143, 0.017377, 0.013805, 0.009877, 0.005973, 0.008844, 0.004394, 0.008902, 0.00544, 0.004768, 0.007089, 0.004515, 0.003566, 0.003783, 0.004575, 0.005327, 0.003834, 0.004601, 0.005596, 0.004452, 0.003061, 0.00254, 0.003811, 0.003852, 0.003915, 0.00295, 0.002809, 0.003, 0.002639, 0.002491, 0.00287, 0.002476, 0.00344, 0.003335, 0.002966, 0.003147, 0.002743, 0.002641, 0.002111, 0.002704, 0.003584, 0.006175, 0.011553, 0.020026, 0.008151, 0.003812, 0.004839, 0.012196, 0.006165, 0.004725, 0.005326, 0.005622, 0.003039, 0.004068, 0.004792, 0.011939, 0.007968, 0.004887, 0.003395, 0.003908, 0.003896, 0.002739, 0.002929, 0.003459, 0.002895, 0.006781, 0.004504, 0.004211, 0.003355, 0.004091, 0.004124, 0.004606, 0.006257, 0.007855, 0.00717, 0.003485, 0.004245, 0.002595, 0.002342, 0.002484, 0.002094, 0.002806, 0.003276, 0.004025, 0.002597, 0.003932, 0.004607, 0.003175, 0.003857, 0.003644, 0.002686, 0.002737, 0.002809, 0.003546, 0.003146, 0.003412, 0.002855, 0.002612, 0.001819, 0.002749, 0.002959, 0.0026, 0.003338, 0.003307, 0.005476, 0.008451, 0.003792, 0.003558, 0.003295, 0.003044, 0.003641, 0.006588, 0.004869, 0.004709, 0.005777, 0.003308, 0.004345, 0.003205, 0.002496, 0.002005, 0.002481, 0.002471, 0.002166, 0.002235, 0.002868, 0.002428, 0.003648, 0.003747, 0.00252, 0.002423, 0.002172, 0.002289, 0.002437, 0.002632, 0.00344, 0.002323, 0.004294, 0.002257, 0.002428, 0.003915, 0.002991, 0.002885, 0.003334, 0.002467, 0.002574, 0.003064, 0.002735, 0.002693, 0.002529, 0.002595, 0.004206, 0.002417, 0.002444, 0.00443, 0.002582, 0.002771, 0.004374, 0.002866, 0.002286, 0.002335, 0.002496, 0.003015, 0.003872, 0.002444, 0.002601, 0.003182, 0.002824, 0.002951, 0.002287, 0.001891, 0.00254, 0.002435, 0.002506, 0.002212, 0.001916, 0.002403, 0.002185, 0.002168, 0.002286, 0.005164, 0.002394, 0.002019, 0.004473, 0.002476, 0.002888, 0.002322, 0.003112, 0.002664, 0.002587, 0.002129, 0.002493, 0.002305, 0.002243, 0.002136, 0.002518, 0.002467, 0.001982, 0.002239, 0.00261, 0.003873, 0.004252, 0.002963, 0.003088, 0.004169, 0.004352, 0.002469, 0.002007, 0.003145, 0.003912, 0.00294, 0.002381, 0.003123, 0.004697, 0.004239, 0.006033, 0.004376, 0.004149, 0.002533, 0.002443, 0.002129, 0.00222, 0.002897, 0.004026, 0.004261, 0.0056, 0.003634, 0.0031, 0.002876, 0.003105, 0.006464, 0.004669, 0.003483, 0.002971, 0.002514, 0.002536, 0.002691, 0.002801, 0.002878, 0.00264, 0.001893, 0.002741, 0.002531, 0.002356, 0.003063, 0.003012, 0.002503, 0.003142, 0.002135, 0.002438, 0.002405, 0.002165, 0.00215, 0.002214, 0.002106, 0.002636, 0.002242, 0.002415, 0.00245, 0.00255, 0.001902, 0.002304, 0.002142, 0.002564, 0.002302, 0.002365, 0.003509, 0.004078, 0.003473, 0.004614, 0.003713, 0.003976, 0.003303, 0.001946, 0.003618, 0.002956, 0.003909, 0.003113, 0.004212, 0.006066, 0.00418, 0.006477, 0.006484, 0.004021, 0.003811, 0.00533, 0.005692, 0.003093, 0.003424, 0.00453, 0.005174, 0.003457, 0.003145, 0.002498, 0.003586, 0.002242, 0.002964, 0.002623, 0.00258, 0.002425, 0.002385, 0.002182, 0.002522, 0.002634, 0.002214, 0.002439, 0.002379, 0.003119, 0.003494, 0.002456, 0.002438, 0.002356, 0.002444, 0.002315, 0.002731, 0.002464, 0.00214, 0.002348, 0.002321, 0.002535, 0.002481, 0.002161, 0.002168, 0.002057, 0.002131, 0.002269, 0.002609, 0.002602, 0.002222, 0.00207, 0.002102, 0.002404, 0.002226, 0.002304, 0.001927, 0.002288, 0.002031, 0.00243, 0.002371, 0.002936, 0.002472, 0.001833, 0.001824, 0.002078, 0.002432, 0.002322, 0.002422, 0.002452, 0.0022, 0.002263, 0.002419, 0.002026, 0.002302, 0.001717, 0.002435, 0.002947, 0.00286, 0.002068, 0.002869, 0.003329, 0.003393, 0.002342, 0.002452, 0.002331, 0.002538, 0.00215, 0.002709, 0.003449, 0.002583, 0.002466, 0.002803, 0.002047, 0.002322, 0.002951, 0.003486, 0.003326, 0.005196, 0.004385, 0.003719, 0.002972, 0.003141, 0.003015, 0.003434, 0.00208, 0.003134, 0.003801, 0.003662, 0.002899, 0.003787, 0.002314, 0.004879, 0.004004, 0.008586], "segments": [], "threshold": 0.02, "stats": {"min": 0.0, "max": 0.047115, "mean": 0.004398}}