{"num_points": 150, "num_frames": 152, "magnitudes_raw": [0.0, 0.002605, 0.002367, 0.002379, 0.00234, 0.002827, 0.002589, 0.002315, 0.002903, 0.002668, 0.003087, 0.002633, 0.00623, 0.004106, 0.003794, 0.00404, 0.005342, 0.005369, 0.004815, 0.003575, 0.003153, 0.002827, 0.002721, 0.002724, 0.003024, 0.002894, 0.003652, 0.002729, 0.00287, 0.002682, 0.003062, 0.003587, 0.003355, 0.002321, 0.002541, 0.002818, 0.004351, 0.005089, 0.004904, 0.003557, 0.002511, 0.003527, 0.003331, 0.00297, 0.005023, 0.003185, 0.003833, 0.003042, 0.002508, 0.003896, 0.003532, 0.003343, 0.00295, 0.002844, 0.002681, 0.002388, 0.002676, 0.002615, 0.002624, 0.002126, 0.002122, 0.002622, 0.002461, 0.002247, 0.00247, 0.003065, 0.002833, 0.004532, 0.00288, 0.003032, 0.003593, 0.002874, 0.00322, 0.004325, 0.004077, 0.003424, 0.00313, 0.002393, 0.003984, 0.003759, 0.002717, 0.00257, 0.002628, 0.002599, 0.002209, 0.002726, 0.003194, 0.003416, 0.002924, 0.002787, 0.002447, 0.003106, 0.003316, 0.002547, 0.00327, 0.002638, 0.003186, 0.003119, 0.003086, 0.003482, 0.002855, 0.003942, 0.003099, 0.002742, 0.002775, 0.002525, 0.002179, 0.002096, 0.002382, 0.002991, 0.003782, 0.003515, 0.003129, 0.002986, 0.003366, 0.002614, 0.002749, 0.002963, 0.003306, 0.003622, 0.002905, 0.003179, 0.002639, 0.002863, 0.002985, 0.002656, 0.002837, 0.002377, 0.003208, 0.003277, 0.003936, 0.003157, 0.005429, 0.005498, 0.009325, 0.003554, 0.003342, 0.002937, 0.004679, 0.003581, 0.004744, 0.003397, 0.003199, 0.003393, 0.00281, 0.004171, 0.002981, 0.002665, 0.003498, 0.003979, 0.002959, 0.003232], "segments": [], "threshold": 0.02, "stats": {"min": 0.0, "max": 0.009325, "mean": 0.003214}}