{"num_points": 94, "num_frames": 53, "magnitudes_raw": [0.0, 0.001671, 0.001666, 0.00175, 0.001709, 0.001802, 0.001764, 0.001835, 0.003585, 0.0044, 0.004297, 0.004766, 0.006413, 0.029781, 0.014234, 0.0124, 0.007903, 0.015619, 0.021245, 0.010595, 0.004912, 0.013608, 0.004366, 0.004298, 0.00383, 0.004001, 0.006624, 0.004039, 0.006291, 0.004793, 0.012001, 0.016499, 0.013337, 0.010102, 0.006814, 0.01429, 0.007086, 0.015088, 0.012488, 0.009379, 0.011639, 0.004528, 0.0036, 0.005707, 0.00389, 0.006683, 0.008396, 0.007683, 0.007077, 0.00304, 0.005615, 0.003676, 0.004081], "segments": [], "threshold": 0.02, "stats": {"min": 0.0, "max": 0.029781, "mean": 0.007489}}