{"num_points": 96, "num_frames": 97, "magnitudes_raw": [0.0, 0.001289, 0.001504, 0.002015, 0.002086, 0.002127, 0.002413, 0.002281, 0.001895, 0.002265, 0.002154, 0.001876, 0.002951, 0.002477, 0.002154, 0.002145, 0.002345, 0.002524, 0.002718, 0.001915, 0.001785, 0.002655, 0.002503, 0.003076, 0.003218, 0.002077, 0.002744, 0.002816, 0.002326, 0.00263, 0.002899, 0.007618, 0.004774, 0.002137, 0.002426, 0.002239, 0.002104, 0.002401, 0.002914, 0.002485, 0.002109, 0.002811, 0.002515, 0.001752, 0.00167, 0.001758, 0.001845, 0.002235, 0.002208, 0.002285, 0.001933, 0.002961, 0.003823, 0.002037, 0.002677, 0.00302, 0.00214, 0.002598, 0.002374, 0.002925, 0.002783, 0.002192, 0.002183, 0.002973, 0.0036, 0.003243, 0.004916, 0.003226, 0.002442, 0.002934, 0.004183, 0.003792, 0.003664, 0.002662, 0.003424, 0.011053, 0.02714, 0.0388, 0.03025, 0.03308, 0.017199, 0.00745, 0.018076, 0.050894, 0.015067, 0.01614, 0.007487, 0.011564, 0.011226, 0.004173, 0.005015, 0.006788, 0.004076, 0.002807, 0.004741, 0.003726, 0.00343], "segments": [{"start": 76, "end": 83, "num_frames": 8, "peak": 0.05089405240948052, "avg": 0.027861137754017107}], "threshold": 0.02, "stats": {"min": 0.0, "max": 0.050894, "mean": 0.005413}}