{"num_points": 86, "num_frames": 542, "magnitudes_raw": [0.0, 0.004473, 0.004689, 0.002632, 0.003324, 0.004702, 0.009651, 0.012367, 0.010846, 0.008163, 0.012782, 0.018519, 0.021868, 0.01196, 0.02479, 0.059885, 0.060103, 0.015541, 0.008907, 0.008331, 0.006548, 0.00689, 0.008165, 0.005526, 0.004232, 0.002659, 0.00394, 0.003767, 0.002375, 0.002839, 0.002456, 0.002871, 0.003617, 0.002991, 0.002721, 0.003398, 0.003019, 0.002409, 0.002837, 0.003288, 0.006227, 0.005193, 0.007171, 0.005899, 0.006565, 0.004954, 0.003621, 0.008743, 0.010427, 0.007772, 0.005776, 0.004882, 0.013528, 0.012348, 0.007176, 0.005736, 0.007904, 0.007063, 0.006023, 0.005973, 0.004335, 0.002069, 0.002524, 0.003525, 0.006326, 0.003928, 0.003256, 0.003158, 0.002779, 0.002824, 0.003573, 0.002764, 0.00639, 0.005402, 0.007772, 0.008569, 0.007541, 0.009277, 0.004234, 0.007803, 0.013429, 0.01223, 0.009012, 0.004036, 0.002701, 0.010096, 0.016609, 0.005854, 0.008495, 0.006832, 0.00785, 0.006936, 0.009512, 0.005514, 0.007458, 0.009982, 0.008612, 0.006208, 0.004659, 0.00471, 0.004616, 0.004154, 0.004311, 0.002614, 0.005944, 0.002539, 0.002764, 0.005265, 0.007931, 0.004954, 0.005011, 0.00706, 0.006697, 0.003626, 0.003438, 0.003471, 0.002434, 0.002443, 0.002719, 0.002568, 0.008076, 0.006215, 0.007982, 0.007768, 0.011012, 0.009137, 0.004914, 0.011181, 0.036539, 0.018864, 0.011726, 0.006841, 0.013301, 0.013638, 0.013166, 0.008767, 0.011736, 0.009123, 0.011068, 0.010878, 0.009013, 0.006603, 0.006105, 0.006806, 0.004522, 0.003726, 0.005932, 0.003712, 0.002988, 0.002207, 0.002687, 0.006752, 0.012718, 0.00893, 0.007868, 0.007104, 0.006734, 0.009699, 0.012543, 0.019262, 0.018672, 0.007089, 0.012554, 0.013075, 0.018836, 0.028436, 0.013709, 0.01094, 0.021535, 0.014334, 0.011239, 0.008693, 0.010996, 0.015948, 0.009511, 0.007572, 0.006598, 0.004481, 0.0043, 0.005042, 0.004308, 0.006108, 0.009436, 0.007212, 0.010603, 0.007628, 0.006115, 0.011145, 0.013757, 0.018852, 0.017989, 0.009953, 0.008575, 0.009621, 0.014185, 0.020858, 0.010226, 0.01029, 0.009533, 0.009453, 0.009889, 0.006941, 0.005609, 0.003347, 0.003502, 0.003096, 0.004915, 0.007747, 0.017737, 0.012186, 0.018084, 0.007963, 0.008845, 0.011167, 0.022862, 0.022261, 0.013178, 0.003756, 0.012983, 0.019309, 0.020847, 0.009244, 0.006316, 0.006673, 0.01215, 0.005999, 0.006814, 0.005693, 0.005853, 0.007728, 0.006749, 0.00468, 0.006724, 0.004955, 0.008949, 0.009834, 0.010368, 0.007416, 0.006176, 0.004829, 0.017706, 0.021064, 0.0229, 0.018813, 0.005402, 0.00754, 0.022276, 0.020954, 0.019202, 0.005261, 0.01275, 0.005579, 0.005738, 0.006906, 0.004651, 0.003052, 0.005069, 0.00248, 0.003933, 0.006258, 0.009009, 0.006697, 0.012732, 0.010592, 0.010168, 0.009331, 0.016002, 0.016149, 0.013131, 0.007301, 0.007302, 0.006938, 0.007255, 0.009316, 0.011634, 0.012894, 0.011044, 0.009671, 0.010937, 0.006194, 0.008689, 0.008634, 0.005698, 0.005176, 0.007626, 0.010225, 0.012864, 0.008715, 0.014001, 0.009561, 0.010795, 0.013971, 0.012732, 0.017584, 0.010946, 0.02503, 0.030389, 0.015375, 0.008125, 0.010758, 0.009017, 0.006757, 0.007294, 0.008974, 0.013558, 0.00857, 0.006949, 0.004649, 0.006394, 0.005058, 0.004191, 0.008084, 0.009325, 0.008857, 0.009926, 0.008579, 0.008052, 0.007569, 0.011433, 0.01615, 0.012386, 0.018284, 0.03782, 0.016677, 0.00957, 0.004837, 0.009548, 0.016372, 0.023047, 0.005555, 0.007793, 0.007974, 0.005044, 0.004066, 0.006301, 0.005928, 0.010935, 0.00668, 0.00562, 0.004018, 0.002727, 0.005478, 0.006961, 0.008597, 0.012566, 0.034943, 0.014069, 0.022329, 0.041948, 0.018248, 0.012908, 0.006813, 0.01363, 0.007685, 0.004279, 0.006841, 0.014021, 0.039329, 0.052294, 0.021116, 0.09534, 0.039236, 0.019909, 0.012049, 0.025302, 0.008265, 0.008507, 0.011101, 0.01277, 0.009366, 0.0066, 0.001988, 0.002157, 0.003838, 0.005619, 0.011089, 0.030613, 0.080839, 0.018953, 0.015072, 0.040148, 0.034506, 0.019957, 0.010467, 0.014526, 0.008419, 0.015278, 0.023966, 0.017805, 0.028531, 0.009763, 0.013125, 0.025329, 0.009218, 0.009975, 0.006909, 0.007592, 0.003204, 0.003301, 0.010427, 0.009456, 0.00797, 0.005954, 0.004735, 0.007849, 0.003807, 0.003275, 0.004256, 0.007067, 0.00279, 0.00295, 0.004662, 0.012546, 0.006889, 0.019852, 0.011352, 0.057257, 0.066183, 0.009294, 0.013682, 0.034687, 0.069707, 0.018781, 0.012719, 0.00872, 0.015138, 0.015784, 0.027694, 0.019137, 0.008471, 0.022209, 0.037811, 0.032469, 0.024301, 0.017444, 0.006531, 0.006041, 0.003011, 0.00827, 0.014085, 0.043555, 0.045915, 0.027269, 0.009423, 0.008275, 0.005762, 0.014469, 0.023244, 0.03392, 0.011621, 0.022562, 0.006376, 0.010318, 0.014749, 0.020163, 0.021739, 0.049743, 0.01198, 0.011409, 0.017837, 0.014567, 0.012534, 0.008298, 0.006855, 0.020082, 0.0142, 0.012961, 0.010382, 0.00958, 0.010061, 0.010574, 0.005202, 0.023846, 0.009605, 0.005918, 0.008282, 0.010026, 0.008043, 0.00463, 0.003157, 0.0278, 0.004219, 0.004597, 0.006083, 0.02131, 0.019699, 0.015407, 0.009929, 0.036348, 0.038704, 0.032764, 0.014654, 0.009883, 0.014548, 0.014727, 0.008798, 0.013258, 0.031595, 0.066233, 0.074161, 0.038346, 0.029015, 0.034541, 0.039157, 0.036769, 0.019995, 0.031721, 0.009916, 0.012092, 0.010309, 0.008155, 0.007315, 0.023402, 0.020032, 0.022369, 0.011831, 0.01626, 0.052783, 0.032336, 0.013442, 0.015757, 0.024574, 0.034711, 0.032039, 0.029559, 0.017138, 0.015787, 0.013822, 0.01267, 0.010095, 0.00694, 0.014836, 0.026985, 0.049252, 0.044334, 0.052352, 0.047356, 0.030546, 0.015275, 0.018751, 0.019751, 0.00735], "segments": [{"start": 357, "end": 364, "num_frames": 8, "peak": 0.0953404154497337, "avg": 0.03807204513698587}, {"start": 440, "end": 456, "num_frames": 17, "peak": 0.0497434352860627, "avg": 0.021711943082899275}, {"start": 480, "end": 490, "num_frames": 11, "peak": 0.03870356341864636, "avg": 0.019714400191560465}, {"start": 497, "end": 506, "num_frames": 10, "peak": 0.07416064575904129, "avg": 0.04015328915695746}, {"start": 512, "end": 524, "num_frames": 13, "peak": 0.052782903943501026, "avg": 0.025314990963016665}], "threshold": 0.02, "stats": {"min": 0.0, "max": 0.09534, "mean": 0.012859}}