{"num_points": 90, "num_frames": 125, "magnitudes_raw": [0.0, 0.007201, 0.005749, 0.005646, 0.006758, 0.00505, 0.003785, 0.003671, 0.005896, 0.004566, 0.004962, 0.008647, 0.007832, 0.016762, 0.008845, 0.006791, 0.002836, 0.006508, 0.004936, 0.003549, 0.003683, 0.005484, 0.004175, 0.003733, 0.006133, 0.006775, 0.008556, 0.002748, 0.003209, 0.003628, 0.004496, 0.005468, 0.004475, 0.005187, 0.003439, 0.0048, 0.003451, 0.004283, 0.004643, 0.003622, 0.003511, 0.004044, 0.003676, 0.004282, 0.006796, 0.006254, 0.004341, 0.009102, 0.003258, 0.003979, 0.006376, 0.005571, 0.004148, 0.00353, 0.004112, 0.004853, 0.007128, 0.005051, 0.006907, 0.004331, 0.003273, 0.005701, 0.005148, 0.006553, 0.006637, 0.008185, 0.004235, 0.003805, 0.003643, 0.00425, 0.006437, 0.006028, 0.005719, 0.003794, 0.005365, 0.006826, 0.003948, 0.004164, 0.003355, 0.004335, 0.007424, 0.00744, 0.005009, 0.003856, 0.003184, 0.002478, 0.003641, 0.003188, 0.002747, 0.00457, 0.004698, 0.005236, 0.003315, 0.003606, 0.002979, 0.003731, 0.003813, 0.002848, 0.004403, 0.004458, 0.00355, 0.003075, 0.003507, 0.003405, 0.00469, 0.003776, 0.004028, 0.003205, 0.003287, 0.002479, 0.003005, 0.004492, 0.006779, 0.004829, 0.005558, 0.005611, 0.005296, 0.005324, 0.004654, 0.006487, 0.008927, 0.013278, 0.012658, 0.006773, 0.01064], "segments": [], "threshold": 0.02, "stats": {"min": 0.0, "max": 0.016762, "mean": 0.005093}}