{"num_points": 89, "num_frames": 152, "magnitudes_raw": [0.0, 0.002647, 0.012969, 0.0238, 0.022225, 0.012319, 0.03666, 0.049162, 0.046711, 0.033555, 0.012389, 0.016166, 0.03031, 0.023153, 0.031397, 0.043647, 0.032486, 0.003486, 0.020401, 0.033565, 0.02803, 0.015453, 0.019617, 0.025789, 0.009724, 0.018952, 0.033211, 0.024866, 0.018197, 0.021585, 0.009691, 0.015449, 0.011537, 0.017305, 0.023607, 0.011889, 0.021542, 0.011587, 0.01483, 0.029886, 0.038893, 0.011601, 0.013989, 0.033758, 0.03402, 0.005113, 0.026338, 0.033875, 0.012902, 0.007518, 0.005751, 0.009709, 0.035884, 0.034059, 0.0092, 0.036656, 0.022822, 0.020269, 0.035328, 0.026127, 0.006075, 0.019424, 0.020003, 0.01525, 0.018388, 0.020566, 0.018547, 0.00422, 0.020534, 0.026522, 0.024304, 0.026736, 0.016182, 0.017988, 0.047095, 0.010522, 0.027895, 0.036886, 0.011844, 0.01222, 0.024896, 0.030827, 0.030596, 0.031212, 0.003842, 0.021545, 0.016261, 0.031743, 0.002642, 0.020931, 0.036108, 0.043818, 0.030898, 0.018365, 0.003751, 0.017153, 0.024542, 0.02031, 0.023286, 0.03187, 0.012683, 0.005561, 0.01081, 0.015106, 0.038348, 0.039003, 0.023361, 0.013671, 0.030117, 0.023046, 0.006719, 0.012813, 0.023489, 0.014999, 0.010555, 0.022345, 0.010502, 0.021767, 0.026854, 0.003598, 0.016343, 0.038137, 0.029297, 0.035253, 0.007259, 0.02148, 0.004296, 0.026735, 0.015732, 0.017255, 0.045817, 0.026242, 0.031001, 0.035373, 0.033466, 0.020568, 0.016922, 0.014763, 0.011477, 0.008155, 0.008985, 0.008225, 0.015082, 0.017706, 0.016203, 0.012116, 0.005994, 0.010999, 0.017506, 0.024649, 0.027315, 0.033453], "segments": [{"start": 3, "end": 135, "num_frames": 133, "peak": 0.04916231137125979, "avg": 0.022130712865424743}], "threshold": 0.02, "stats": {"min": 0.0, "max": 0.049162, "mean": 0.021109}}