{"num_points": 150, "num_frames": 57, "magnitudes_raw": [0.0, 0.002686, 0.002736, 0.002664, 0.005071, 0.003468, 0.004614, 0.00475, 0.00684, 0.00398, 0.003463, 0.004212, 0.011617, 0.027408, 0.049467, 0.024838, 0.012924, 0.009079, 0.007899, 0.007632, 0.007026, 0.00713, 0.006828, 0.004603, 0.005081, 0.006241, 0.006857, 0.006324, 0.003618, 0.007256, 0.013936, 0.025439, 0.0208, 0.011908, 0.007825, 0.007842, 0.007856, 0.006598, 0.009024, 0.009047, 0.006545, 0.004459, 0.006138, 0.00542, 0.00522, 0.00488, 0.008894, 0.011198, 0.01205, 0.013109, 0.021696, 0.018975, 0.009282, 0.004179, 0.003022, 0.004971, 0.00363], "segments": [], "threshold": 0.02, "stats": {"min": 0.0, "max": 0.049467, "mean": 0.009127}}