{"num_points": 80, "num_frames": 193, "magnitudes_raw": [0.0, 0.001736, 0.00165, 0.001693, 0.001505, 0.002571, 0.002087, 0.002262, 0.004276, 0.002225, 0.002718, 0.003063, 0.003341, 0.001968, 0.00194, 0.001956, 0.00208, 0.002418, 0.002231, 0.003241, 0.00235, 0.00216, 0.001824, 0.002682, 0.004067, 0.001762, 0.002225, 0.001836, 0.002924, 0.002241, 0.002132, 0.002447, 0.001811, 0.002158, 0.001834, 0.001692, 0.001971, 0.001901, 0.001546, 0.001681, 0.001754, 0.001851, 0.001938, 0.005788, 0.007192, 0.005821, 0.002303, 0.005715, 0.004533, 0.004187, 0.004548, 0.002404, 0.001866, 0.003187, 0.00169, 0.002007, 0.002258, 0.002057, 0.002628, 0.003573, 0.002591, 0.002082, 0.001933, 0.001996, 0.00228, 0.002648, 0.002448, 0.002561, 0.008003, 0.008579, 0.00454, 0.00346, 0.00292, 0.003044, 0.003856, 0.003906, 0.002941, 0.002855, 0.002277, 0.002695, 0.002088, 0.001727, 0.001887, 0.002992, 0.002191, 0.002432, 0.003472, 0.003748, 0.002037, 0.002923, 0.005729, 0.002609, 0.004288, 0.002858, 0.001792, 0.002216, 0.004283, 0.015407, 0.03041, 0.049424, 0.026276, 0.025903, 0.031662, 0.060444, 0.044498, 0.01419, 0.013889, 0.017576, 0.010219, 0.007027, 0.007185, 0.016419, 0.008268, 0.0095, 0.010883, 0.014081, 0.028909, 0.049543, 0.021247, 0.029669, 0.045203, 0.079923, 0.056911, 0.092072, 0.112301, 0.021858, 0.022409, 0.005349, 0.003808, 0.024434, 0.025135, 0.034381, 0.043771, 0.032056, 0.039995, 0.024922, 0.013044, 0.015853, 0.01415, 0.010818, 0.008221, 0.010493, 0.009399, 0.006711, 0.010649, 0.009762, 0.007461, 0.006356, 0.005994, 0.005648, 0.006276, 0.005778, 0.008364, 0.011216, 0.007914, 0.009939, 0.01053, 0.012208, 0.010762, 0.026532, 0.011679, 0.015299, 0.018935, 0.023691, 0.033901, 0.011998, 0.032012, 0.015803, 0.013731, 0.135013, 0.0, 0.0, 0.0, 0.0, 0.046977, 0.056042, 0.079665, 0.027012, 0.008342, 0.01677, 0.025415, 0.019426, 0.017778, 0.010306, 0.005815, 0.003658, 0.004202, 0.006637, 0.003428, 0.005628, 0.00435, 0.004354, 0.003094], "segments": [{"start": 116, "end": 135, "num_frames": 20, "peak": 0.1123008815042805, "avg": 0.03969471234935892}, {"start": 159, "end": 180, "num_frames": 22, "peak": 0.135012592844632, "avg": 0.027218956165415708}], "threshold": 0.02, "stats": {"min": 0.0, "max": 0.135013, "mean": 0.012355}}