{"num_points": 95, "num_frames": 152, "magnitudes_raw": [0.0, 0.002917, 0.00477, 0.006588, 0.009489, 0.007104, 0.004609, 0.005075, 0.009527, 0.009472, 0.017762, 0.022094, 0.075084, 0.060624, 0.023395, 0.025871, 0.031482, 0.030422, 0.024848, 0.004045, 0.004552, 0.002622, 0.002094, 0.002321, 0.002449, 0.003492, 0.002865, 0.004704, 0.006686, 0.003933, 0.009881, 0.003731, 0.002986, 0.002282, 0.002071, 0.00256, 0.002418, 0.001641, 0.001774, 0.001988, 0.002593, 0.002362, 0.002433, 0.002458, 0.001455, 0.003017, 0.002068, 0.002001, 0.001991, 0.005269, 0.007532, 0.009161, 0.013923, 0.007289, 0.008637, 0.006436, 0.003145, 0.003074, 0.005149, 0.005705, 0.002667, 0.002516, 0.002342, 0.002435, 0.002504, 0.001909, 0.00379, 0.00198, 0.002203, 0.002259, 0.002714, 0.00269, 0.003019, 0.067281, 0.047247, 0.016277, 0.051248, 0.005311, 0.004575, 0.004271, 0.016849, 0.007395, 0.012835, 0.031993, 0.01609, 0.011671, 0.006035, 0.005436, 0.003207, 0.002829, 0.002663, 0.002935, 0.003528, 0.003979, 0.004488, 0.003723, 0.002267, 0.002508, 0.004195, 0.003381, 0.002366, 0.002246, 0.002977, 0.003252, 0.003341, 0.006869, 0.005536, 0.004631, 0.003199, 0.003724, 0.002276, 0.002659, 0.002965, 0.003062, 0.005362, 0.005668, 0.005005, 0.0082, 0.006883, 0.004701, 0.004098, 0.004272, 0.00278, 0.003486, 0.004847, 0.002719, 0.001881, 0.002218, 0.011988, 0.008551, 0.005542, 0.004493, 0.003956, 0.005619, 0.002714, 0.003612, 0.007244, 0.004523, 0.003092, 0.002842, 0.00405, 0.00636, 0.005491, 0.005838, 0.004425, 0.003685, 0.003284, 0.00276, 0.002254, 0.002527, 0.006612, 0.007394], "segments": [{"start": 11, "end": 18, "num_frames": 8, "peak": 0.07508415841243604, "avg": 0.03672762327667109}], "threshold": 0.02, "stats": {"min": 0.0, "max": 0.075084, "mean": 0.007535}}