{"num_points": 90, "num_frames": 60, "magnitudes_raw": [0.0, 0.002365, 0.002797, 0.002961, 0.00601, 0.00515, 0.00611, 0.006747, 0.015172, 0.005664, 0.01337, 0.008189, 0.006396, 0.009369, 0.003924, 0.003895, 0.004653, 0.005206, 0.003919, 0.004217, 0.006139, 0.01265, 0.009303, 0.009751, 0.011342, 0.020113, 0.049417, 0.025379, 0.018945, 0.012756, 0.00496, 0.00876, 0.012014, 0.00905, 0.022592, 0.174672, 0.159838, 0.017981, 0.04731, 0.02344, 0.043565, 0.016179, 0.013667, 0.017352, 0.010953, 0.023785, 0.00806, 0.032244, 0.025824, 0.023227, 0.015357, 0.019292, 0.010654, 0.014452, 0.021039, 0.008337, 0.009289, 0.007328, 0.008096, 0.009922], "segments": [{"start": 34, "end": 54, "num_frames": 21, "peak": 0.17467179845192077, "avg": 0.035308674298236066}], "threshold": 0.02, "stats": {"min": 0.0, "max": 0.174672, "mean": 0.018519}}