{"num_points": 99, "num_frames": 152, "magnitudes_raw": [0.0, 0.001531, 0.001305, 0.001571, 0.002004, 0.002063, 0.001914, 0.001848, 0.001732, 0.001968, 0.001696, 0.001906, 0.001428, 0.002026, 0.00221, 0.001729, 0.001781, 0.00205, 0.004687, 0.002399, 0.004251, 0.003149, 0.003659, 0.003183, 0.004505, 0.002765, 0.004129, 0.003864, 0.005174, 0.005218, 0.013163, 0.02782, 0.026621, 0.02514, 0.035049, 0.013817, 0.182562, 0.038296, 0.021971, 0.018966, 0.020696, 0.015519, 0.018795, 0.007927, 0.010982, 0.007071, 0.005208, 0.006677, 0.002663, 0.003359, 0.002722, 0.005354, 0.012301, 0.009311, 0.007883, 0.021695, 0.017735, 0.014219, 0.036393, 0.026343, 0.036333, 0.041108, 0.012527, 0.007796, 0.029999, 0.005244, 0.01045, 0.012969, 0.016293, 0.019107, 0.013255, 0.004993, 0.00823, 0.003208, 0.004482, 0.005895, 0.002274, 0.002077, 0.002136, 0.003044, 0.002413, 0.002116, 0.002585, 0.003242, 0.002703, 0.002841, 0.001991, 0.00278, 0.002234, 0.001644, 0.003341, 0.003896, 0.003876, 0.001915, 0.003849, 0.002746, 0.004155, 0.002157, 0.001986, 0.003644, 0.005019, 0.006382, 0.001976, 0.00235, 0.00269, 0.002398, 0.001737, 0.001543, 0.002234, 0.002748, 0.001905, 0.002682, 0.002373, 0.005792, 0.00452, 0.003093, 0.002767, 0.003124, 0.002872, 0.003105, 0.00268, 0.003428, 0.001967, 0.002982, 0.00688, 0.003179, 0.0039, 0.002903, 0.004494, 0.00759, 0.014658, 0.02096, 0.026422, 0.030176, 0.038124, 0.050743, 0.030707, 0.020305, 0.010077, 0.026874, 0.023524, 0.029216, 0.014208, 0.003501, 0.003884, 0.002326, 0.003636, 0.00474, 0.004239, 0.009486, 0.01808, 0.01547], "segments": [{"start": 31, "end": 40, "num_frames": 10, "peak": 0.1825619224578036, "avg": 0.04109369581339785}, {"start": 55, "end": 64, "num_frames": 10, "peak": 0.04110795745471385, "avg": 0.024414851815155333}, {"start": 131, "end": 141, "num_frames": 11, "peak": 0.05074251209440844, "avg": 0.027920825487135457}], "threshold": 0.02, "stats": {"min": 0.0, "max": 0.182562, "mean": 0.010093}}