{"num_points": 96, "num_frames": 121, "magnitudes_raw": [0.0, 0.001687, 0.002181, 0.001931, 0.001894, 0.002282, 0.002116, 0.002071, 0.00333, 0.002016, 0.001683, 0.001676, 0.002701, 0.002713, 0.002049, 0.00215, 0.002376, 0.001882, 0.002036, 0.00238, 0.004333, 0.002541, 0.003269, 0.001736, 0.002096, 0.002208, 0.003594, 0.003862, 0.004351, 0.006039, 0.007357, 0.006128, 0.005098, 0.004546, 0.004441, 0.004914, 0.00403, 0.002583, 0.002581, 0.004718, 0.004623, 0.002829, 0.002227, 0.002495, 0.002194, 0.004003, 0.00301, 0.002971, 0.005641, 0.002991, 0.004133, 0.002611, 0.005555, 0.008944, 0.003235, 0.002753, 0.003511, 0.00269, 0.002558, 0.002485, 0.003643, 0.002237, 0.002073, 0.001839, 0.00275, 0.002045, 0.00235, 0.002075, 0.002567, 0.002635, 0.002515, 0.002635, 0.002494, 0.001718, 0.001789, 0.002182, 0.001954, 0.001846, 0.002556, 0.002245, 0.002241, 0.002166, 0.003181, 0.002115, 0.002081, 0.002443, 0.001885, 0.001846, 0.003032, 0.002046, 0.002332, 0.002902, 0.002651, 0.002623, 0.002307, 0.004433, 0.007613, 0.002843, 0.00423, 0.005166, 0.005831, 0.008052, 0.013, 0.004147, 0.006291, 0.00263, 0.00303, 0.004294, 0.005819, 0.005499, 0.006178, 0.004046, 0.004905, 0.002761, 0.005601, 0.003112, 0.002835, 0.002701, 0.002688, 0.002538, 0.002943], "segments": [], "threshold": 0.02, "stats": {"min": 0.0, "max": 0.013, "mean": 0.003291}}