{"num_points": 80, "num_frames": 188, "magnitudes_raw": [0.0, 0.001576, 0.001445, 0.001522, 0.001706, 0.001522, 0.00158, 0.001709, 0.001622, 0.002073, 0.001999, 0.001726, 0.002059, 0.001584, 0.002166, 0.002232, 0.00462, 0.005126, 0.004916, 0.003276, 0.003751, 0.004037, 0.002693, 0.002589, 0.002543, 0.002641, 0.003447, 0.004688, 0.004824, 0.002692, 0.002752, 0.003168, 0.00577, 0.003938, 0.006147, 0.005966, 0.006919, 0.005247, 0.01179, 0.010833, 0.004131, 0.005427, 0.006165, 0.008868, 0.007584, 0.011525, 0.006403, 0.014774, 0.009199, 0.007511, 0.005862, 0.005538, 0.005634, 0.010958, 0.00947, 0.009247, 0.011508, 0.009527, 0.007876, 0.007509, 0.009864, 0.015922, 0.011459, 0.0131, 0.017352, 0.009758, 0.026343, 0.011243, 0.017824, 0.009088, 0.022692, 0.021813, 0.010775, 0.004691, 0.005961, 0.040608, 0.022262, 0.041909, 0.03846, 0.003959, 0.003766, 0.005993, 0.006087, 0.006494, 0.008058, 0.019054, 0.030782, 0.042202, 0.019709, 0.004391, 0.007916, 0.006493, 0.010097, 0.002934, 0.004887, 0.002792, 0.004321, 0.009446, 0.002938, 0.002434, 0.007981, 0.010534, 0.003832, 0.002557, 0.010719, 0.006076, 0.004003, 0.002786, 0.002863, 0.003049, 0.003761, 0.003363, 0.005511, 0.004318, 0.007105, 0.003272, 0.008113, 0.008629, 0.007809, 0.006488, 0.005356, 0.003418, 0.002488, 0.002311, 0.001974, 0.00221, 0.002887, 0.00258, 0.005734, 0.003085, 0.002684, 0.002744, 0.004683, 0.005723, 0.00335, 0.003289, 0.002581, 0.002917, 0.00256, 0.004999, 0.005352, 0.003459, 0.003028, 0.002078, 0.003664, 0.009048, 0.004509, 0.001548, 0.002042, 0.004781, 0.001886, 0.002607, 0.007463, 0.002877, 0.003445, 0.00411, 0.002593, 0.003447, 0.003648, 0.006675, 0.008433, 0.010728, 0.012344, 0.003431, 0.003589, 0.005859, 0.00235, 0.002958, 0.003013, 0.003119, 0.004138, 0.00363, 0.002496, 0.00369, 0.003819, 0.004672, 0.013941, 0.00204, 0.002392, 0.004726, 0.002076, 0.002123, 0.002174, 0.002422, 0.002065, 0.002661, 0.00239, 0.002272], "segments": [{"start": 66, "end": 78, "num_frames": 13, "peak": 0.04190940705777841, "avg": 0.021051509432445183}], "threshold": 0.02, "stats": {"min": 0.0, "max": 0.042202, "mean": 0.006594}}