{"num_points": 150, "num_frames": 152, "magnitudes_raw": [0.0, 0.001385, 0.00218, 0.002073, 0.002232, 0.001886, 0.002603, 0.005321, 0.007116, 0.007288, 0.016611, 0.004859, 0.002842, 0.002627, 0.005098, 0.001557, 0.002239, 0.002227, 0.002122, 0.001559, 0.001943, 0.001093, 0.001431, 0.001792, 0.001508, 0.004139, 0.006451, 0.013569, 0.013422, 0.008029, 0.005064, 0.002111, 0.001428, 0.00115, 0.001202, 0.00131, 0.0, 0.0, 0.0, 0.007331, 0.008493, 0.005445, 0.003195, 0.002671, 0.002861, 0.001312, 0.001461, 0.002505, 0.0, 0.0, 0.0, 0.003203, 0.002658, 0.00249, 0.002444, 0.001505, 0.001552, 0.001281, 0.001598, 0.002666, 0.001549, 0.002043, 0.001642, 0.001607, 0.001462, 0.002562, 0.003893, 0.001938, 0.002792, 0.00849, 0.00682, 0.001674, 0.002799, 0.001939, 0.002424, 0.002714, 0.001475, 0.004345, 0.002188, 0.001419, 0.002339, 0.002052, 0.00166, 0.00158, 0.002456, 0.003933, 0.002299, 0.002618, 0.002788, 0.00335, 0.006323, 0.01136, 0.007823, 0.005583, 0.001883, 0.0017, 0.002102, 0.001138, 0.00284, 0.002215, 0.001859, 0.002378, 0.001876, 0.017175, 0.015426, 0.015042, 0.005587, 0.003103, 0.004656, 0.002877, 0.00633, 0.0, 0.0, 0.027684, 0.005836, 0.015755, 0.022334, 0.025027, 0.00296, 0.028947, 0.027372, 0.014421, 0.005507, 0.027328, 0.025434, 0.006761, 0.006116, 0.002889, 0.019307, 0.03547, 0.004472, 0.021369, 0.011873, 0.014468, 0.016554, 0.008169, 0.005377, 0.00216, 0.002262, 0.002089, 0.003379, 0.00225, 0.002149, 0.003515, 0.004723, 0.00708, 0.007177, 0.007122, 0.004621, 0.0, 0.0, 0.0], "segments": [{"start": 113, "end": 131, "num_frames": 19, "peak": 0.03546996201869376, "avg": 0.017104685929986603}], "threshold": 0.02, "stats": {"min": 0.0, "max": 0.03547, "mean": 0.005423}}