{"num_points": 150, "num_frames": 249, "magnitudes_raw": [0.0, 0.003703, 0.003479, 0.00353, 0.007597, 0.009739, 0.012843, 0.011028, 0.011888, 0.009062, 0.00587, 0.009521, 0.004054, 0.004299, 0.008296, 0.00737, 0.004438, 0.007857, 0.005787, 0.005258, 0.00478, 0.005349, 0.015356, 0.016685, 0.016409, 0.014467, 0.016683, 0.017904, 0.01154, 0.013372, 0.011231, 0.010962, 0.004243, 0.005958, 0.006105, 0.004356, 0.006219, 0.00537, 0.005211, 0.005666, 0.004844, 0.004921, 0.006105, 0.006277, 0.006186, 0.00501, 0.00461, 0.005462, 0.006101, 0.00584, 0.004623, 0.005794, 0.00514, 0.005493, 0.003509, 0.005153, 0.006018, 0.005427, 0.007086, 0.00598, 0.005471, 0.004787, 0.004888, 0.004332, 0.003629, 0.003715, 0.003202, 0.003569, 0.004531, 0.005302, 0.005256, 0.008094, 0.00596, 0.011879, 0.014778, 0.01589, 0.01809, 0.014984, 0.015813, 0.018295, 0.020353, 0.01215, 0.00776, 0.008506, 0.005949, 0.008554, 0.00519, 0.006236, 0.004548, 0.004712, 0.005056, 0.003699, 0.006546, 0.004456, 0.005937, 0.005857, 0.012357, 0.009828, 0.004234, 0.008174, 0.008561, 0.009576, 0.004255, 0.00987, 0.01115, 0.003971, 0.003659, 0.005569, 0.003104, 0.010049, 0.008087, 0.008847, 0.011658, 0.007076, 0.008893, 0.007351, 0.008742, 0.010215, 0.010639, 0.012561, 0.008898, 0.008336, 0.00461, 0.004829, 0.002891, 0.002664, 0.002144, 0.003401, 0.004327, 0.004454, 0.003414, 0.003992, 0.004294, 0.004668, 0.003106, 0.003097, 0.002897, 0.002923, 0.003771, 0.005415, 0.007302, 0.012163, 0.015727, 0.013556, 0.00818, 0.005965, 0.006543, 0.004809, 0.006763, 0.008675, 0.008277, 0.009496, 0.009165, 0.006479, 0.005969, 0.004684, 0.008083, 0.005774, 0.004741, 0.006057, 0.004982, 0.003343, 0.003757, 0.003427, 0.003709, 0.005525, 0.004467, 0.007137, 0.004121, 0.003639, 0.004144, 0.003401, 0.003426, 0.004518, 0.00429, 0.004522, 0.005806, 0.005436, 0.004699, 0.006963, 0.009637, 0.006213, 0.005681, 0.005409, 0.005584, 0.006839, 0.004159, 0.003784, 0.003749, 0.004603, 0.007173, 0.010302, 0.010882, 0.007302, 0.009342, 0.006791, 0.006614, 0.004814, 0.007961, 0.010251, 0.005937, 0.00514, 0.004849, 0.00401, 0.004699, 0.007182, 0.007762, 0.011151, 0.007033, 0.004147, 0.00391, 0.003838, 0.003336, 0.003258, 0.006787, 0.007188, 0.005705, 0.006019, 0.006211, 0.005611, 0.005095, 0.008041, 0.009301, 0.016962, 0.006391, 0.010684, 0.00862, 0.008771, 0.004767, 0.007585, 0.008693, 0.008046, 0.005555, 0.004776, 0.005939, 0.004995, 0.005851, 0.003689, 0.003475, 0.010155, 0.003909, 0.003927, 0.00345, 0.003646, 0.006128, 0.004848, 0.006764, 0.007833, 0.004494], "segments": [], "threshold": 0.02, "stats": {"min": 0.0, "max": 0.020353, "mean": 0.006854}}