{"num_points": 96, "num_frames": 152, "magnitudes_raw": [0.0, 0.003067, 0.00379, 0.004519, 0.00882, 0.010176, 0.008462, 0.006207, 0.00506, 0.004943, 0.002936, 0.003086, 0.003252, 0.00509, 0.003672, 0.002643, 0.004265, 0.003611, 0.003053, 0.003138, 0.006901, 0.007135, 0.004509, 0.009874, 0.005815, 0.003183, 0.0079, 0.004864, 0.003071, 0.004759, 0.01664, 0.00285, 0.005079, 0.010905, 0.007306, 0.004597, 0.005857, 0.003796, 0.005568, 0.013221, 0.010418, 0.008243, 0.004009, 0.00271, 0.004152, 0.004844, 0.005991, 0.005519, 0.00574, 0.005155, 0.005123, 0.00615, 0.006347, 0.005407, 0.006329, 0.003613, 0.004631, 0.004065, 0.004761, 0.005752, 0.003415, 0.006501, 0.008003, 0.008649, 0.013028, 0.016001, 0.010256, 0.010125, 0.020442, 0.021539, 0.010725, 0.013232, 0.005643, 0.011387, 0.011438, 0.01457, 0.01882, 0.012362, 0.007428, 0.005303, 0.004057, 0.005043, 0.00342, 0.004343, 0.002518, 0.003907, 0.002714, 0.002858, 0.003202, 0.003966, 0.002447, 0.004345, 0.00526, 0.00648, 0.008502, 0.010444, 0.012969, 0.014465, 0.02228, 0.015787, 0.007344, 0.013546, 0.007754, 0.015547, 0.036673, 0.014438, 0.011486, 0.009066, 0.014526, 0.014588, 0.009587, 0.007046, 0.009422, 0.005225, 0.006493, 0.006085, 0.005091, 0.004995, 0.011815, 0.003917, 0.007818, 0.002747, 0.005952, 0.00695, 0.006534, 0.009731, 0.004216, 0.003255, 0.008593, 0.009675, 0.004202, 0.007985, 0.020401, 0.015787, 0.020485, 0.017946, 0.015217, 0.011239, 0.012328, 0.0044, 0.005266, 0.005688, 0.011828, 0.025733, 0.0171, 0.006604, 0.006617, 0.004898, 0.002969, 0.004494, 0.003141, 0.0028], "segments": [], "threshold": 0.02, "stats": {"min": 0.0, "max": 0.036673, "mean": 0.007945}}