{"num_points": 150, "num_frames": 232, "magnitudes_raw": [0.0, 0.001415, 0.001436, 0.001561, 0.001375, 0.001629, 0.001339, 0.001696, 0.00178, 0.001726, 0.00164, 0.001554, 0.001648, 0.00144, 0.001515, 0.001464, 0.001479, 0.001555, 0.001729, 0.001571, 0.001519, 0.001622, 0.001582, 0.001444, 0.001317, 0.00281, 0.002672, 0.003349, 0.002847, 0.003819, 0.002612, 0.002941, 0.001445, 0.001516, 0.001435, 0.001474, 0.001575, 0.001805, 0.001669, 0.00161, 0.001689, 0.001316, 0.001415, 0.001467, 0.001615, 0.001351, 0.001536, 0.001908, 0.001936, 0.002121, 0.001543, 0.00227, 0.001599, 0.001693, 0.001481, 0.001544, 0.001524, 0.001457, 0.001353, 0.001372, 0.001429, 0.001396, 0.001601, 0.001502, 0.001445, 0.001642, 0.001206, 0.001245, 0.001525, 0.001279, 0.001793, 0.001557, 0.001362, 0.001626, 0.001345, 0.001201, 0.00132, 0.001527, 0.001789, 0.00153, 0.00128, 0.001562, 0.001573, 0.001547, 0.001524, 0.001477, 0.001672, 0.001412, 0.001372, 0.001715, 0.001657, 0.001759, 0.001738, 0.001687, 0.002151, 0.001469, 0.002097, 0.001522, 0.001681, 0.001612, 0.001564, 0.001298, 0.001521, 0.00152, 0.001554, 0.001425, 0.001645, 0.001824, 0.001833, 0.001536, 0.00207, 0.002182, 0.00207, 0.002361, 0.002925, 0.003283, 0.004576, 0.002287, 0.002793, 0.003231, 0.00427, 0.00665, 0.00666, 0.005291, 0.002971, 0.00234, 0.014051, 0.004494, 0.003608, 0.003257, 0.00284, 0.002734, 0.002251, 0.002102, 0.002606, 0.002498, 0.002258, 0.003119, 0.003137, 0.002722, 0.00282, 0.003516, 0.003242, 0.00251, 0.002775, 0.002797, 0.002917, 0.003101, 0.003636, 0.004086, 0.008922, 0.004389, 0.007017, 0.008998, 0.008132, 0.006491, 0.005187, 0.003613, 0.003021, 0.001804, 0.002421, 0.002157, 0.003164, 0.001684, 0.002508, 0.002016, 0.002327, 0.002035, 0.001671, 0.001807, 0.001801, 0.001769, 0.002087, 0.002177, 0.002042, 0.0018, 0.001628, 0.001427, 0.002058, 0.002558, 0.002255, 0.001495, 0.002003, 0.002452, 0.003305, 0.002382, 0.002033, 0.003789, 0.005061, 0.002355, 0.002309, 0.001626, 0.001719, 0.001648, 0.001641, 0.001785, 0.001866, 0.002055, 0.002087, 0.001611, 0.001348, 0.001607, 0.00181, 0.001651, 0.001742, 0.002139, 0.001674, 0.001417, 0.00156, 0.001808, 0.001669, 0.002082, 0.001863, 0.002451, 0.002429, 0.003936, 0.002416, 0.00186, 0.00171, 0.001816, 0.001933, 0.001823, 0.001666, 0.003066, 0.00215, 0.001789, 0.002936, 0.002413, 0.002139, 0.001864, 0.001753, 0.002319], "segments": [], "threshold": 0.02, "stats": {"min": 0.0, "max": 0.014051, "mean": 0.002278}}