{"num_points": 83, "num_frames": 256, "magnitudes_raw": [0.0, 0.001982, 0.001742, 0.002002, 0.002104, 0.002581, 0.002819, 0.003357, 0.0026, 0.004013, 0.007307, 0.004492, 0.006023, 0.005428, 0.007516, 0.005156, 0.007864, 0.017417, 0.011344, 0.012056, 0.013215, 0.01593, 0.015038, 0.011075, 0.019227, 0.010169, 0.00789, 0.007726, 0.016483, 0.019553, 0.018526, 0.007987, 0.01038, 0.006488, 0.008772, 0.020694, 0.025, 0.010726, 0.016545, 0.019617, 0.013051, 0.010299, 0.009806, 0.009263, 0.019299, 0.013536, 0.014655, 0.011728, 0.011439, 0.014281, 0.016479, 0.01406, 0.011773, 0.006783, 0.006632, 0.007486, 0.013886, 0.004935, 0.005845, 0.005166, 0.00521, 0.016573, 0.004259, 0.006146, 0.004251, 0.005177, 0.004031, 0.005333, 0.008886, 0.003066, 0.00849, 0.003123, 0.005441, 0.004125, 0.004615, 0.006499, 0.002912, 0.003645, 0.004858, 0.003982, 0.002881, 0.004087, 0.004088, 0.00427, 0.002706, 0.006139, 0.003322, 0.003815, 0.004379, 0.008297, 0.005567, 0.007246, 0.003886, 0.005128, 0.012652, 0.007862, 0.010808, 0.012843, 0.025396, 0.014437, 0.012457, 0.018357, 0.013513, 0.004556, 0.01111, 0.013381, 0.009297, 0.004715, 0.010725, 0.007794, 0.012603, 0.004108, 0.003683, 0.006677, 0.010055, 0.005752, 0.006204, 0.006875, 0.007515, 0.004251, 0.005956, 0.00625, 0.005093, 0.005312, 0.005542, 0.004811, 0.011129, 0.003795, 0.004195, 0.005874, 0.008825, 0.010806, 0.008005, 0.005752, 0.008354, 0.012269, 0.006203, 0.007797, 0.008982, 0.002894, 0.003868, 0.004153, 0.007537, 0.00251, 0.005265, 0.003082, 0.003733, 0.004385, 0.008519, 0.006615, 0.012733, 0.02019, 0.025084, 0.004707, 0.008114, 0.0043, 0.005144, 0.010013, 0.013036, 0.009128, 0.008764, 0.006983, 0.008378, 0.005935, 0.011094, 0.008937, 0.006053, 0.004253, 0.005108, 0.007356, 0.007462, 0.004908, 0.007657, 0.004412, 0.011459, 0.011188, 0.009845, 0.003924, 0.004983, 0.004447, 0.005799, 0.005796, 0.007499, 0.004374, 0.007099, 0.008152, 0.005538, 0.002676, 0.003249, 0.004329, 0.002659, 0.003856, 0.003779, 0.003651, 0.007649, 0.00887, 0.014117, 0.019237, 0.005067, 0.004851, 0.005872, 0.00932, 0.005663, 0.010663, 0.010403, 0.007993, 0.006958, 0.005023, 0.003777, 0.003345, 0.00631, 0.002747, 0.002721, 0.026631, 0.024784, 0.004745, 0.003805, 0.004872, 0.004625, 0.002172, 0.004321, 0.002135, 0.002775, 0.00272, 0.003511, 0.002217, 0.003369, 0.005811, 0.003251, 0.010426, 0.015737, 0.005727, 0.010299, 0.010848, 0.00449, 0.003043, 0.001849, 0.007071, 0.0, 0.03263, 0.01146, 0.002531, 0.004332, 0.002433, 0.003799, 0.004392, 0.002074, 0.002894, 0.003809, 0.002548, 0.002303, 0.002926, 0.002023, 0.003053, 0.003507, 0.003134], "segments": [], "threshold": 0.02, "stats": {"min": 0.0, "max": 0.03263, "mean": 0.007643}}