{"num_points": 88, "num_frames": 152, "magnitudes_raw": [0.0, 0.003055, 0.003434, 0.002786, 0.003241, 0.004061, 0.003673, 0.00425, 0.008093, 0.016414, 0.021877, 0.017001, 0.0186, 0.012944, 0.006261, 0.004536, 0.004787, 0.00683, 0.009118, 0.013834, 0.009745, 0.031392, 0.019577, 0.014959, 0.01489, 0.006114, 0.008858, 0.008507, 0.009777, 0.007659, 0.005865, 0.002525, 0.004127, 0.003475, 0.006085, 0.005108, 0.003458, 0.0034, 0.00321, 0.003464, 0.002505, 0.003945, 0.003797, 0.007073, 0.012586, 0.024371, 0.018512, 0.010853, 0.004453, 0.006832, 0.019415, 0.02299, 0.009595, 0.007672, 0.013958, 0.005312, 0.007699, 0.016366, 0.025255, 0.008979, 0.012482, 0.017415, 0.01828, 0.013516, 0.018887, 0.052819, 0.084736, 0.114464, 0.129786, 0.150552, 0.119071, 0.0, 0.0, 0.0, 0.0, 0.037691, 0.031645, 0.013889, 0.027039, 0.01201, 0.007544, 0.013656, 0.011126, 0.012929, 0.029485, 0.03363, 0.066771, 0.01758, 0.009605, 0.019525, 0.020455, 0.023575, 0.0281, 0.018314, 0.028661, 0.011001, 0.01424, 0.01702, 0.022375, 0.011841, 0.019476, 0.022579, 0.04741, 0.022463, 0.021267, 0.03056, 0.036944, 0.025733, 0.039873, 0.014498, 0.005385, 0.022934, 0.033971, 0.029058, 0.099158, 0.036457, 0.025203, 0.041387, 0.050538, 0.019265, 0.045674, 0.050092, 0.062708, 0.051852, 0.029004, 0.022591, 0.022704, 0.015754, 0.012486, 0.043803, 0.084977, 0.103622, 0.116521, 0.100165, 0.091979, 0.098206, 0.047705, 0.036641, 0.028749, 0.022536, 0.016284, 0.017308, 0.021467, 0.011906, 0.015674, 0.014417, 0.016767, 0.021593, 0.048152, 0.046014, 0.104968, 0.068398], "segments": [{"start": 65, "end": 78, "num_frames": 14, "peak": 0.15055171047058644, "avg": 0.05440654638061455}, {"start": 84, "end": 151, "num_frames": 68, "peak": 0.11652086116771448, "avg": 0.03686844962619561}], "threshold": 0.02, "stats": {"min": 0.0, "max": 0.150552, "mean": 0.026156}}