{"num_points": 150, "num_frames": 216, "magnitudes_raw": [0.0, 0.002363, 0.002461, 0.002967, 0.012164, 0.020163, 0.017519, 0.011872, 0.011907, 0.007872, 0.013091, 0.027082, 0.023393, 0.014777, 0.00763, 0.00949, 0.004795, 0.003823, 0.002813, 0.00239, 0.002919, 0.004557, 0.00565, 0.002275, 0.002152, 0.003187, 0.003238, 0.002919, 0.003063, 0.004306, 0.003675, 0.003445, 0.003394, 0.003324, 0.003569, 0.002065, 0.002204, 0.001915, 0.003264, 0.001859, 0.003397, 0.003965, 0.0037, 0.003136, 0.002996, 0.0029, 0.002581, 0.002211, 0.002441, 0.002043, 0.001642, 0.001908, 0.002458, 0.00223, 0.002265, 0.001892, 0.001871, 0.001772, 0.001803, 0.001773, 0.002081, 0.002817, 0.003291, 0.003936, 0.004924, 0.010595, 0.012498, 0.007344, 0.002862, 0.00229, 0.003112, 0.002573, 0.003487, 0.002141, 0.002976, 0.002686, 0.002915, 0.002531, 0.002363, 0.005116, 0.005012, 0.007589, 0.002517, 0.003627, 0.004346, 0.002367, 0.00249, 0.002354, 0.003083, 0.003734, 0.003313, 0.003278, 0.002593, 0.002128, 0.001955, 0.002907, 0.002496, 0.00312, 0.003972, 0.002424, 0.002834, 0.002954, 0.00303, 0.002598, 0.005675, 0.004776, 0.00249, 0.002398, 0.00374, 0.006959, 0.005469, 0.005509, 0.00428, 0.002618, 0.002078, 0.002112, 0.003845, 0.002785, 0.003589, 0.003113, 0.002283, 0.004538, 0.003536, 0.003631, 0.004217, 0.002464, 0.002677, 0.00398, 0.004753, 0.004429, 0.00366, 0.003538, 0.002926, 0.004188, 0.003183, 0.003215, 0.003735, 0.002485, 0.006781, 0.007726, 0.003673, 0.0066, 0.006861, 0.003815, 0.003944, 0.002617, 0.002833, 0.004254, 0.004448, 0.00342, 0.004714, 0.007776, 0.003873, 0.003462, 0.005234, 0.005499, 0.003755, 0.004823, 0.004302, 0.003302, 0.004076, 0.005072, 0.003003, 0.003923, 0.002854, 0.003418, 0.004044, 0.004203, 0.002872, 0.004439, 0.003003, 0.005164, 0.002394, 0.006572, 0.00245, 0.003579, 0.00368, 0.003765, 0.005331, 0.005416, 0.003302, 0.003284, 0.002882, 0.00306, 0.00391, 0.004082, 0.004743, 0.004671, 0.00301, 0.005355, 0.005065, 0.005967, 0.008467, 0.006843, 0.004984, 0.004572, 0.003002, 0.004013, 0.003117, 0.004551, 0.002079, 0.00409, 0.002169, 0.002844, 0.003122, 0.005518, 0.004822, 0.003699, 0.004962, 0.007653, 0.006931, 0.009808, 0.002413, 0.004287, 0.001617, 0.001844], "segments": [], "threshold": 0.02, "stats": {"min": 0.0, "max": 0.027082, "mean": 0.004326}}