{"num_points": 95, "num_frames": 288, "magnitudes_raw": [0.0, 0.003587, 0.003358, 0.003371, 0.003733, 0.003829, 0.003462, 0.003563, 0.007917, 0.005078, 0.008215, 0.009529, 0.00755, 0.009355, 0.008381, 0.017415, 0.01999, 0.017911, 0.088683, 0.101725, 0.054264, 0.123282, 0.112568, 0.030487, 0.025455, 0.053698, 0.090398, 0.049034, 0.020505, 0.018766, 0.011063, 0.023307, 0.017085, 0.009051, 0.021169, 0.012846, 0.010532, 0.034619, 0.040942, 0.076341, 0.034461, 0.059431, 0.026389, 0.016794, 0.039508, 0.097638, 0.043506, 0.030208, 0.035899, 0.099599, 0.133534, 0.017364, 0.007798, 0.005287, 0.004298, 0.003432, 0.0043, 0.004528, 0.005131, 0.006294, 0.005531, 0.007286, 0.004463, 0.004857, 0.007735, 0.007669, 0.005325, 0.002689, 0.003536, 0.005839, 0.005053, 0.002619, 0.003517, 0.003408, 0.007597, 0.004544, 0.002799, 0.004714, 0.003115, 0.003041, 0.003808, 0.005279, 0.004104, 0.004587, 0.006854, 0.004641, 0.006087, 0.003228, 0.002892, 0.004348, 0.003178, 0.003085, 0.003993, 0.005512, 0.004551, 0.003507, 0.003899, 0.005632, 0.004772, 0.005446, 0.013433, 0.023564, 0.044074, 0.017869, 0.011383, 0.007501, 0.006822, 0.004676, 0.004515, 0.004622, 0.004686, 0.003833, 0.003999, 0.004397, 0.003725, 0.00629, 0.004341, 0.002804, 0.003223, 0.003758, 0.002784, 0.003193, 0.003086, 0.003003, 0.003309, 0.00465, 0.003353, 0.003729, 0.003563, 0.002963, 0.004292, 0.002949, 0.003211, 0.002446, 0.002168, 0.002922, 0.004741, 0.004375, 0.002821, 0.002951, 0.003717, 0.003337, 0.002844, 0.002874, 0.002692, 0.003072, 0.002713, 0.00245, 0.002304, 0.002684, 0.002482, 0.002211, 0.002758, 0.002468, 0.002335, 0.002795, 0.002657, 0.00285, 0.004694, 0.003843, 0.005904, 0.003104, 0.003976, 0.004798, 0.003195, 0.002752, 0.003173, 0.002522, 0.002409, 0.003001, 0.002759, 0.002907, 0.002906, 0.002482, 0.002903, 0.002684, 0.002961, 0.003102, 0.003491, 0.003501, 0.003516, 0.002591, 0.003012, 0.002697, 0.00256, 0.002641, 0.002912, 0.003215, 0.003303, 0.004103, 0.003797, 0.00347, 0.002996, 0.003259, 0.004096, 0.002629, 0.003644, 0.002086, 0.002849, 0.002557, 0.003859, 0.002809, 0.004935, 0.006627, 0.014064, 0.00975, 0.024178, 0.013198, 0.010741, 0.007089, 0.00501, 0.005843, 0.002663, 0.003397, 0.004759, 0.006929, 0.006382, 0.005087, 0.005798, 0.018103, 0.063708, 0.072148, 0.052078, 0.059705, 0.039907, 0.035052, 0.03458, 0.013237, 0.005666, 0.004572, 0.006207, 0.007641, 0.013417, 0.012368, 0.009352, 0.007261, 0.006348, 0.002826, 0.002752, 0.002739, 0.003664, 0.003352, 0.004711, 0.003968, 0.00296, 0.003818, 0.002686, 0.002694, 0.003061, 0.003906, 0.004307, 0.003611, 0.005011, 0.008293, 0.006938, 0.012903, 0.022733, 0.042957, 0.058085, 0.078825, 0.043554, 0.04947, 0.043401, 0.072927, 0.064791, 0.050716, 0.071805, 0.037043, 0.011301, 0.007389, 0.011544, 0.013136, 0.005171, 0.006489, 0.012657, 0.009492, 0.026675, 0.051914, 0.011934, 0.007439, 0.013623, 0.004796, 0.00318, 0.007796, 0.005695, 0.009186, 0.006307, 0.004351], "segments": [{"start": 18, "end": 50, "num_frames": 33, "peak": 0.13353359935131512, "avg": 0.04978144083477777}, {"start": 256, "end": 267, "num_frames": 12, "peak": 0.07882492560622008, "avg": 0.053025625154304784}], "threshold": 0.02, "stats": {"min": 0.0, "max": 0.133534, "mean": 0.013915}}