{"num_points": 98, "num_frames": 152, "magnitudes_raw": [0.0, 0.003372, 0.005184, 0.003951, 0.014675, 0.007801, 0.003344, 0.008215, 0.006737, 0.003951, 0.01762, 0.00831, 0.006422, 0.012787, 0.010642, 0.005772, 0.00407, 0.002169, 0.003817, 0.014265, 0.010899, 0.009015, 0.006659, 0.006899, 0.008807, 0.008407, 0.10019, 0.089158, 0.028066, 0.012192, 0.004876, 0.010677, 0.010467, 0.004224, 0.010023, 0.004835, 0.005408, 0.004934, 0.001967, 0.007151, 0.006061, 0.004051, 0.009746, 0.008525, 0.011163, 0.005819, 0.008295, 0.014315, 0.006097, 0.005516, 0.00792, 0.009954, 0.014942, 0.006131, 0.009512, 0.004742, 0.009475, 0.008286, 0.006837, 0.005912, 0.005839, 0.003861, 0.004036, 0.002253, 0.010594, 0.021571, 0.023217, 0.009046, 0.012198, 0.025384, 0.020207, 0.007891, 0.009122, 0.010862, 0.006892, 0.005329, 0.008318, 0.011114, 0.013259, 0.017875, 0.00932, 0.005439, 0.011557, 0.011652, 0.003617, 0.002403, 0.003567, 0.003981, 0.00585, 0.006082, 0.006402, 0.010543, 0.00899, 0.009803, 0.009527, 0.007528, 0.002642, 0.003394, 0.00529, 0.002636, 0.005014, 0.009932, 0.011301, 0.013954, 0.008428, 0.005708, 0.011112, 0.005624, 0.007514, 0.011515, 0.012257, 0.004685, 0.004006, 0.003691, 0.003585, 0.004568, 0.027152, 0.004542, 0.003281, 0.008979, 0.006418, 0.003981, 0.002847, 0.016179, 0.01413, 0.01144, 0.00521, 0.005915, 0.00898, 0.020622, 0.012078, 0.004021, 0.009548, 0.003814, 0.005203, 0.006477, 0.023809, 0.004105, 0.006404, 0.004482, 0.009877, 0.011583, 0.012286, 0.017585, 0.006787, 0.003535, 0.013025, 0.005369, 0.008932, 0.002742, 0.005963, 0.007327], "segments": [], "threshold": 0.02, "stats": {"min": 0.0, "max": 0.10019, "mean": 0.009591}}