{"num_points": 95, "num_frames": 81, "magnitudes_raw": [0.0, 0.003218, 0.002713, 0.013478, 0.016385, 0.006857, 0.007546, 0.007787, 0.002905, 0.001831, 0.002235, 0.006293, 0.015818, 0.012108, 0.010859, 0.012925, 0.012478, 0.01197, 0.008988, 0.035042, 0.009523, 0.002947, 0.004123, 0.002275, 0.004108, 0.002363, 0.001781, 0.002172, 0.00377, 0.002542, 0.002079, 0.002179, 0.002112, 0.002045, 0.002006, 0.002483, 0.002828, 0.004131, 0.002336, 0.002012, 0.002016, 0.002105, 0.003718, 0.002406, 0.00336, 0.00621, 0.002927, 0.004322, 0.004143, 0.003489, 0.005003, 0.002867, 0.001932, 0.002418, 0.002296, 0.004463, 0.005929, 0.002528, 0.003298, 0.004329, 0.001736, 0.005275, 0.002673, 0.002141, 0.002616, 0.001806, 0.001756, 0.001306, 0.00149, 0.001424, 0.002498, 0.00192, 0.00185, 0.001425, 0.001423, 0.001531, 0.002112, 0.001914, 0.001341, 0.00145, 0.002753], "segments": [], "threshold": 0.02, "stats": {"min": 0.0, "max": 0.035042, "mean": 0.004487}}