{"num_points": 98, "num_frames": 89, "magnitudes_raw": [0.0, 0.00455, 0.002885, 0.002992, 0.002604, 0.003961, 0.003015, 0.003319, 0.003639, 0.005314, 0.007413, 0.013681, 0.034667, 0.034772, 0.042059, 0.035173, 0.031601, 0.022915, 0.013601, 0.004583, 0.00469, 0.011103, 0.002549, 0.002619, 0.002521, 0.002874, 0.002261, 0.002714, 0.003836, 0.012734, 0.017349, 0.020834, 0.010357, 0.005363, 0.004102, 0.004954, 0.002443, 0.006202, 0.005464, 0.006289, 0.004944, 0.00513, 0.004862, 0.003332, 0.002964, 0.004126, 0.00993, 0.024547, 0.026397, 0.012596, 0.035102, 0.052935, 0.057127, 0.044268, 0.037069, 0.021884, 0.015101, 0.015443, 0.029224, 0.022947, 0.012744, 0.014124, 0.014162, 0.014167, 0.0067, 0.006977, 0.023102, 0.0, 0.0, 0.0, 0.0, 0.0, 0.0, 0.0, 0.0, 0.0, 0.017972, 0.0, 0.0, 0.094783, 0.096817, 0.01733, 0.007441, 0.016364, 0.012913, 0.021723, 0.041491, 0.08831, 0.0419], "segments": [{"start": 47, "end": 59, "num_frames": 13, "peak": 0.057126876777597695, "avg": 0.030356914823564927}, {"start": 79, "end": 88, "num_frames": 10, "peak": 0.09681733864522964, "avg": 0.04390725414121695}], "threshold": 0.02, "stats": {"min": 0.0, "max": 0.096817, "mean": 0.015539}}