{"num_points": 94, "num_frames": 152, "magnitudes_raw": [0.0, 0.006519, 0.009984, 0.004576, 0.003227, 0.006747, 0.002293, 0.019147, 0.029796, 0.036901, 0.025057, 0.045079, 0.038547, 0.026027, 0.008913, 0.003854, 0.006674, 0.008068, 0.003131, 0.00275, 0.00646, 0.002583, 0.004081, 0.005285, 0.017624, 0.018729, 0.03159, 0.026599, 0.020389, 0.017153, 0.006657, 0.00624, 0.015656, 0.007503, 0.005903, 0.011985, 0.020312, 0.030975, 0.013576, 0.009503, 0.006771, 0.00617, 0.027762, 0.043864, 0.027703, 0.022281, 0.07387, 0.055209, 0.021116, 0.012323, 0.023345, 0.012707, 0.017024, 0.010849, 0.008713, 0.027498, 0.014888, 0.008673, 0.046952, 0.059159, 0.025736, 0.04983, 0.036877, 0.015503, 0.008432, 0.004715, 0.007378, 0.015056, 0.012357, 0.00617, 0.003762, 0.00593, 0.016375, 0.023884, 0.037596, 0.032088, 0.032329, 0.025058, 0.013809, 0.018651, 0.013051, 0.019657, 0.026965, 0.006853, 0.012036, 0.012315, 0.019764, 0.007901, 0.009576, 0.007122, 0.011732, 0.014372, 0.018296, 0.002617, 0.011385, 0.045674, 0.022827, 0.032803, 0.029254, 0.028722, 0.031175, 0.031709, 0.003905, 0.007126, 0.01257, 0.010079, 0.005947, 0.006232, 0.032702, 0.04693, 0.044092, 0.053882, 0.024255, 0.021042, 0.008098, 0.013045, 0.010659, 0.0494, 0.027233, 0.009192, 0.005814, 0.003298, 0.020034, 0.036223, 0.02011, 0.03294, 0.026803, 0.035448, 0.024266, 0.021532, 0.013957, 0.003737, 0.017331, 0.020726, 0.013528, 0.01204, 0.013913, 0.03268, 0.067552, 0.03566, 0.038587, 0.036914, 0.010003, 0.00801, 0.016571, 0.011378, 0.006193, 0.004341, 0.003353, 0.013893, 0.029899, 0.025209], "segments": [{"start": 36, "end": 62, "num_frames": 27, "peak": 0.07386997794562547, "avg": 0.0264328560687545}, {"start": 73, "end": 82, "num_frames": 10, "peak": 0.03759636341936296, "avg": 0.024308826942427496}, {"start": 108, "end": 141, "num_frames": 34, "peak": 0.06755175861206072, "avg": 0.02569481471360025}], "threshold": 0.02, "stats": {"min": 0.0, "max": 0.07387, "mean": 0.019399}}