{"num_points": 72, "num_frames": 152, "magnitudes_raw": [0.0, 0.077243, 0.021707, 0.00614, 0.003393, 0.01038, 0.009318, 0.009999, 0.008188, 0.005107, 0.100036, 0.216884, 0.0887, 0.157696, 0.048734, 0.022311, 0.003355, 0.003197, 0.002384, 0.005364, 0.008935, 0.006186, 0.004667, 0.006978, 0.006348, 0.005714, 0.014108, 0.121499, 0.182388, 0.128332, 0.099992, 0.022378, 0.009457, 0.009118, 0.030195, 0.011267, 0.003355, 0.117321, 0.100954, 0.093038, 0.265849, 0.029461, 0.011342, 0.00854, 0.007361, 0.010791, 0.00304, 0.002591, 0.007537, 0.040008, 0.215326, 0.165055, 0.077371, 0.094389, 0.006321, 0.016207, 0.010859, 0.011893, 0.114456, 0.042083, 0.003059, 0.028588, 0.07016, 0.130355, 0.228388, 0.040227, 0.005812, 0.009138, 0.012948, 0.008058, 0.008278, 0.005106, 0.004539, 0.039653, 0.228064, 0.115345, 0.31784, 0.010841, 0.003082, 0.006902, 0.015658, 0.026924, 0.012735, 0.007269, 0.232237, 0.088982, 0.078829, 0.094073, 0.218618, 0.006068, 0.004149, 0.003799, 0.012366, 0.00647, 0.004843, 0.002714, 0.093631, 0.187453, 0.089112, 0.326577, 0.024134, 0.007189, 0.008592, 0.023203, 0.037127, 0.004754, 0.006593, 0.139389, 0.068519, 0.027944, 0.030746, 0.034003, 0.026478, 0.162102, 0.02593, 0.059178, 0.007416, 0.009646, 0.009646, 0.02419, 0.015898, 0.002784, 0.003852, 0.011466, 0.119004, 0.075952, 0.134875, 0.275077, 0.023201, 0.006028, 0.012129, 0.043967, 0.060705, 0.018536, 0.151318, 0.073907, 0.04669, 0.050537, 0.160587, 0.016701, 0.004246, 0.006457, 0.023323, 0.010077, 0.002835, 0.008602, 0.073601, 0.099365, 0.095325, 0.26762, 0.014871, 0.002711], "segments": [{"start": 27, "end": 41, "num_frames": 15, "peak": 0.26584870851385095, "avg": 0.08164024275982958}, {"start": 49, "end": 65, "num_frames": 17, "peak": 0.22838801892947033, "avg": 0.07616153882354798}, {"start": 73, "end": 88, "num_frames": 16, "peak": 0.31784022817624813, "avg": 0.09356577574012659}, {"start": 96, "end": 149, "num_frames": 54, "peak": 0.3265767239419915, "avg": 0.06163368338644841}], "threshold": 0.02, "stats": {"min": 0.0, "max": 0.326577, "mean": 0.055005}}