{"num_points": 97, "num_frames": 37, "magnitudes_raw": [0.0, 0.002054, 0.001907, 0.002283, 0.002252, 0.002384, 0.004086, 0.003002, 0.00311, 0.003077, 0.002732, 0.002603, 0.002165, 0.002257, 0.002745, 0.002241, 0.004569, 0.00413, 0.00359, 0.004661, 0.004909, 0.006774, 0.004273, 0.005161, 0.002843, 0.002063, 0.004451, 0.002821, 0.00231, 0.002142, 0.002516, 0.0032, 0.002831, 0.0027, 0.003045, 0.003938, 0.003729], "segments": [], "threshold": 0.02, "stats": {"min": 0.0, "max": 0.006774, "mean": 0.003123}}