{"num_points": 93, "num_frames": 152, "magnitudes_raw": [0.0, 0.004498, 0.005594, 0.007443, 0.01017, 0.024301, 0.028528, 0.018339, 0.006843, 0.019195, 0.014568, 0.006817, 0.019185, 0.015184, 0.00629, 0.027277, 0.038781, 0.016159, 0.028334, 0.010351, 0.011486, 0.014015, 0.00612, 0.012638, 0.015242, 0.005635, 0.02282, 0.006062, 0.012362, 0.016991, 0.007215, 0.017361, 0.015266, 0.013186, 0.010098, 0.015587, 0.01576, 0.004113, 0.017418, 0.013772, 0.004279, 0.012444, 0.018119, 0.008097, 0.018122, 0.032241, 0.007414, 0.02018, 0.019276, 0.021987, 0.00384, 0.010682, 0.018194, 0.019695, 0.009492, 0.014191, 0.014447, 0.009247, 0.006809, 0.005811, 0.002896, 0.002761, 0.00675, 0.003954, 0.002302, 0.003985, 0.003003, 0.002261, 0.001346, 0.002279, 0.004859, 0.003426, 0.006555, 0.009309, 0.007801, 0.006015, 0.010004, 0.00794, 0.005673, 0.005094, 0.004152, 0.002947, 0.002774, 0.003634, 0.002802, 0.002321, 0.003168, 0.003, 0.002868, 0.002928, 0.002481, 0.004242, 0.002995, 0.003844, 0.006708, 0.00485, 0.003521, 0.002467, 0.003128, 0.003077, 0.00279, 0.003571, 0.003877, 0.003933, 0.002436, 0.00256, 0.002545, 0.003445, 0.002895, 0.003277, 0.006106, 0.005107, 0.003445, 0.003026, 0.002345, 0.001977, 0.001201, 0.001815, 0.002987, 0.002431, 0.003261, 0.003395, 0.004601, 0.009503, 0.01136, 0.03786, 0.029119, 0.027852, 0.064603, 0.028934, 0.016515, 0.016149, 0.025087, 0.01422, 0.026008, 0.014861, 0.008881, 0.014693, 0.01432, 0.00368, 0.006589, 0.007036, 0.009443, 0.007762, 0.008859, 0.007625, 0.012647, 0.016452, 0.013726, 0.009733, 0.012962, 0.010494], "segments": [{"start": 125, "end": 134, "num_frames": 10, "peak": 0.06460302247096524, "avg": 0.028634712120073326}], "threshold": 0.02, "stats": {"min": 0.0, "max": 0.064603, "mean": 0.010274}}