{"num_points": 92, "num_frames": 23, "magnitudes_raw": [0.0, 0.004061, 0.007358, 0.005178, 0.007873, 0.011277, 0.006996, 0.013973, 0.008617, 0.011481, 0.005476, 0.015506, 0.004589, 0.006858, 0.004305, 0.006535, 0.007027, 0.005962, 0.003321, 0.003461, 0.004635, 0.003096, 0.007604], "segments": [], "threshold": 0.02, "stats": {"min": 0.0, "max": 0.015506, "mean": 0.006747}}