{"num_points": 87, "num_frames": 294, "magnitudes_raw": [0.0, 0.001405, 0.001427, 0.001763, 0.00375, 0.0029, 0.001562, 0.001899, 0.001439, 0.002319, 0.001872, 0.001413, 0.002288, 0.002807, 0.003329, 0.001445, 0.002302, 0.002374, 0.002315, 0.001763, 0.001957, 0.001942, 0.001699, 0.001973, 0.004764, 0.005182, 0.002446, 0.007139, 0.028918, 0.020062, 0.008716, 0.005796, 0.007946, 0.058216, 0.024134, 0.021735, 0.014876, 0.020608, 0.049565, 0.022725, 0.015694, 0.031685, 0.003559, 0.007878, 0.004183, 0.005477, 0.025637, 0.017343, 0.01493, 0.014408, 0.003992, 0.005821, 0.035026, 0.019714, 0.024974, 0.009226, 0.025659, 0.006332, 0.002542, 0.004073, 0.003577, 0.00237, 0.002119, 0.002358, 0.002155, 0.002354, 0.001615, 0.001914, 0.001844, 0.001659, 0.00207, 0.001682, 0.001663, 0.001534, 0.001608, 0.001451, 0.001645, 0.00273, 0.001644, 0.001156, 0.001629, 0.001838, 0.001603, 0.001916, 0.001702, 0.001502, 0.002077, 0.001958, 0.002487, 0.00228, 0.002565, 0.002405, 0.002352, 0.0036, 0.002095, 0.002386, 0.00257, 0.002129, 0.003605, 0.005538, 0.002982, 0.002681, 0.004371, 0.00271, 0.002666, 0.00204, 0.002856, 0.002385, 0.003133, 0.001296, 0.001317, 0.002047, 0.002188, 0.003115, 0.00165, 0.001273, 0.001393, 0.00305, 0.002902, 0.003503, 0.003898, 0.002156, 0.002087, 0.002204, 0.001507, 0.002013, 0.001656, 0.002064, 0.001561, 0.002002, 0.002074, 0.001956, 0.00282, 0.001998, 0.002172, 0.001883, 0.004949, 0.003174, 0.002283, 0.001849, 0.003482, 0.001958, 0.002331, 0.00312, 0.001998, 0.001979, 0.001881, 0.001966, 0.001801, 0.002098, 0.002871, 0.002696, 0.003184, 0.002878, 0.002889, 0.002118, 0.002668, 0.002148, 0.002609, 0.002104, 0.00201, 0.002477, 0.003981, 0.006118, 0.005662, 0.003712, 0.001653, 0.001543, 0.001247, 0.002648, 0.001711, 0.001359, 0.00211, 0.001739, 0.00166, 0.00133, 0.002119, 0.002342, 0.001828, 0.001994, 0.001749, 0.001016, 0.001919, 0.001696, 0.002533, 0.001761, 0.001345, 0.001638, 0.001396, 0.001638, 0.001818, 0.001914, 0.003902, 0.004139, 0.001526, 0.002575, 0.002318, 0.00188, 0.001552, 0.002653, 0.003126, 0.003068, 0.002484, 0.001558, 0.001917, 0.00194, 0.002475, 0.001964, 0.001765, 0.001486, 0.00196, 0.002, 0.002482, 0.001878, 0.001982, 0.001939, 0.001803, 0.001648, 0.001675, 0.001664, 0.001788, 0.001601, 0.00213, 0.001686, 0.002147, 0.001609, 0.001613, 0.001819, 0.002326, 0.001638, 0.002817, 0.001384, 0.001566, 0.001729, 0.001806, 0.001405, 0.001859, 0.001958, 0.001722, 0.001712, 0.001857, 0.00198, 0.001691, 0.002239, 0.002113, 0.002241, 0.001521, 0.002286, 0.001974, 0.003353, 0.001739, 0.001763, 0.003179, 0.003974, 0.004839, 0.002634, 0.001648, 0.001817, 0.001557, 0.001822, 0.002614, 0.001351, 0.002189, 0.001943, 0.002101, 0.002365, 0.002163, 0.001515, 0.001954, 0.003195, 0.002754, 0.005184, 0.00334, 0.003727, 0.002095, 0.001576, 0.001888, 0.002319, 0.001778, 0.001491, 0.00186, 0.001848, 0.00192, 0.002056, 0.001991, 0.001639, 0.001788, 0.001679, 0.001531, 0.002159, 0.004505, 0.003062, 0.002389, 0.002912], "segments": [{"start": 28, "end": 46, "num_frames": 19, "peak": 0.05821587219070312, "avg": 0.019863645348410123}], "threshold": 0.02, "stats": {"min": 0.0, "max": 0.058216, "mean": 0.003923}}