{"num_points": 98, "num_frames": 254, "magnitudes_raw": [0.0, 0.001512, 0.00154, 0.001922, 0.001672, 0.002386, 0.003392, 0.002281, 0.003283, 0.003084, 0.001758, 0.002469, 0.002896, 0.003858, 0.003682, 0.006209, 0.009546, 0.024101, 0.011994, 0.004942, 0.007816, 0.00595, 0.003196, 0.006624, 0.003988, 0.007345, 0.005918, 0.008265, 0.008277, 0.009114, 0.009272, 0.005114, 0.004455, 0.003023, 0.006434, 0.008199, 0.008808, 0.00408, 0.005646, 0.003265, 0.008628, 0.005066, 0.004891, 0.00291, 0.002252, 0.002521, 0.002846, 0.002113, 0.003764, 0.00263, 0.002814, 0.002537, 0.002175, 0.003043, 0.004539, 0.006259, 0.00779, 0.006076, 0.004688, 0.002947, 0.002445, 0.002552, 0.002223, 0.002371, 0.003755, 0.002324, 0.003006, 0.002571, 0.002582, 0.002285, 0.002426, 0.002142, 0.004091, 0.002514, 0.002694, 0.006732, 0.009368, 0.005398, 0.003798, 0.002614, 0.004481, 0.003691, 0.00471, 0.004328, 0.002822, 0.002046, 0.00319, 0.002279, 0.003619, 0.004352, 0.003651, 0.00582, 0.005291, 0.004151, 0.003035, 0.002318, 0.002789, 0.002381, 0.00228, 0.002787, 0.004036, 0.0027, 0.002122, 0.002949, 0.002758, 0.003354, 0.003826, 0.002177, 0.002325, 0.001897, 0.001679, 0.004603, 0.004786, 0.003424, 0.002664, 0.00313, 0.00479, 0.002572, 0.00252, 0.002679, 0.00306, 0.002617, 0.001694, 0.002118, 0.00176, 0.001625, 0.001785, 0.002589, 0.009417, 0.019049, 0.004083, 0.002432, 0.002125, 0.003491, 0.004366, 0.003059, 0.003759, 0.002734, 0.00236, 0.008707, 0.004541, 0.007264, 0.006416, 0.005757, 0.01059, 0.004351, 0.002742, 0.002087, 0.001703, 0.00226, 0.004784, 0.014834, 0.027796, 0.034255, 0.035149, 0.028117, 0.016774, 0.014594, 0.013681, 0.020537, 0.047143, 0.054471, 0.0216, 0.026132, 0.016561, 0.006642, 0.004696, 0.004743, 0.016855, 0.007198, 0.003198, 0.007508, 0.00973, 0.030017, 0.033342, 0.021141, 0.008057, 0.015099, 0.021587, 0.01637, 0.009363, 0.005087, 0.003712, 0.004488, 0.006639, 0.004087, 0.002492, 0.003127, 0.003592, 0.002852, 0.002901, 0.002881, 0.006712, 0.005769, 0.008081, 0.013572, 0.013708, 0.006445, 0.003477, 0.003408, 0.011865, 0.005364, 0.005059, 0.005705, 0.006339, 0.00603, 0.005959, 0.006096, 0.009486, 0.004401, 0.003323, 0.005205, 0.002889, 0.003063, 0.003444, 0.003556, 0.008083, 0.003085, 0.006811, 0.01317, 0.007864, 0.005852, 0.008305, 0.00524, 0.009771, 0.00571, 0.00451, 0.003404, 0.002968, 0.002305, 0.00247, 0.002383, 0.005751, 0.005271, 0.003305, 0.002136, 0.002156, 0.001947, 0.002161, 0.002495, 0.00414, 0.002787, 0.002362, 0.002122, 0.003246, 0.004008, 0.004305, 0.005404, 0.00772, 0.016557, 0.038029, 0.09933, 0.042544, 0.005511], "segments": [{"start": 152, "end": 163, "num_frames": 12, "peak": 0.054470672800643286, "avg": 0.02835410802218237}], "threshold": 0.02, "stats": {"min": 0.0, "max": 0.09933, "mean": 0.00695}}