{"num_points": 94, "num_frames": 203, "magnitudes_raw": [0.0, 0.00313, 0.00302, 0.002401, 0.003882, 0.002792, 0.002483, 0.002425, 0.002586, 0.003482, 0.003279, 0.002963, 0.002912, 0.002748, 0.005356, 0.003042, 0.00279, 0.008843, 0.006727, 0.009269, 0.007313, 0.013999, 0.005127, 0.004055, 0.004674, 0.004805, 0.004598, 0.003897, 0.004875, 0.004983, 0.004262, 0.004931, 0.003173, 0.00293, 0.003736, 0.005248, 0.002615, 0.003848, 0.003181, 0.002818, 0.003095, 0.00295, 0.002841, 0.002989, 0.003163, 0.003508, 0.002876, 0.002485, 0.002995, 0.003248, 0.002489, 0.002256, 0.003445, 0.002711, 0.002949, 0.00283, 0.00355, 0.004271, 0.004079, 0.002812, 0.002386, 0.00272, 0.003107, 0.002765, 0.003244, 0.002322, 0.002407, 0.003248, 0.002713, 0.002237, 0.002439, 0.002956, 0.003279, 0.003685, 0.004114, 0.002672, 0.002547, 0.002458, 0.002419, 0.002474, 0.002853, 0.00263, 0.002282, 0.003148, 0.002619, 0.003608, 0.003322, 0.003262, 0.002955, 0.004319, 0.003379, 0.01156, 0.011109, 0.009303, 0.008561, 0.007574, 0.006518, 0.00408, 0.00248, 0.003177, 0.002951, 0.003232, 0.002505, 0.003586, 0.004309, 0.00471, 0.004453, 0.004538, 0.00286, 0.003508, 0.002849, 0.004188, 0.00244, 0.003049, 0.004569, 0.004409, 0.005437, 0.004446, 0.004653, 0.00467, 0.003553, 0.003025, 0.004934, 0.004568, 0.006133, 0.003292, 0.003809, 0.004095, 0.003461, 0.0046, 0.004242, 0.00554, 0.00409, 0.003578, 0.003771, 0.003683, 0.002864, 0.002977, 0.003748, 0.002923, 0.004026, 0.003612, 0.0027, 0.003282, 0.003446, 0.002435, 0.003221, 0.002825, 0.00455, 0.003014, 0.002779, 0.002971, 0.002466, 0.003038, 0.002524, 0.003068, 0.003706, 0.002581, 0.002677, 0.002956, 0.004496, 0.002846, 0.002566, 0.003491, 0.003102, 0.002369, 0.002935, 0.00316, 0.002771, 0.004645, 0.003047, 0.003776, 0.005476, 0.004035, 0.004427, 0.003837, 0.005728, 0.00637, 0.004274, 0.007591, 0.006882, 0.006103, 0.004807, 0.00431, 0.005385, 0.005305, 0.002939, 0.002613, 0.003473, 0.003436, 0.002519, 0.003093, 0.003376, 0.002961, 0.002744, 0.002605, 0.002542, 0.002885, 0.003517, 0.00263, 0.002664, 0.004278, 0.004006], "segments": [], "threshold": 0.02, "stats": {"min": 0.0, "max": 0.013999, "mean": 0.003792}}