{"num_points": 94, "num_frames": 39, "magnitudes_raw": [0.0, 0.001112, 0.00133, 0.001447, 0.002098, 0.002542, 0.001917, 0.00249, 0.002894, 0.001483, 0.003417, 0.004149, 0.003275, 0.003169, 0.003658, 0.003412, 0.003872, 0.006748, 0.00462, 0.004396, 0.003321, 0.004327, 0.004651, 0.003912, 0.006286, 0.004878, 0.003462, 0.003526, 0.003209, 0.002737, 0.003164, 0.004769, 0.004639, 0.002055, 0.002786, 0.002335, 0.002042, 0.002217, 0.002321], "segments": [], "threshold": 0.02, "stats": {"min": 0.0, "max": 0.006748, "mean": 0.003197}}