{"num_points": 100, "num_frames": 152, "magnitudes_raw": [0.0, 0.001047, 0.001269, 0.001428, 0.001559, 0.00131, 0.001365, 0.001446, 0.001537, 0.001285, 0.001773, 0.00159, 0.001397, 0.001707, 0.00163, 0.001067, 0.001203, 0.001135, 0.001066, 0.001165, 0.001272, 0.00096, 0.001472, 0.001353, 0.001441, 0.00177, 0.001624, 0.001523, 0.001485, 0.00143, 0.001267, 0.001153, 0.001489, 0.001763, 0.001669, 0.001866, 0.001456, 0.00154, 0.001694, 0.00196, 0.001876, 0.002148, 0.00271, 0.001878, 0.002961, 0.002282, 0.001562, 0.001741, 0.00185, 0.001857, 0.001702, 0.001641, 0.001734, 0.001894, 0.001901, 0.001578, 0.001623, 0.001919, 0.00243, 0.002289, 0.002064, 0.002321, 0.001915, 0.0016, 0.001518, 0.001686, 0.001573, 0.0017, 0.001401, 0.001649, 0.001516, 0.002168, 0.001998, 0.001687, 0.001932, 0.00162, 0.002078, 0.002399, 0.002316, 0.002599, 0.00318, 0.002616, 0.002045, 0.00179, 0.002057, 0.001929, 0.001624, 0.002125, 0.001627, 0.002064, 0.002365, 0.002771, 0.002506, 0.003346, 0.001456, 0.004088, 0.005687, 0.002733, 0.0018, 0.001973, 0.001917, 0.002143, 0.002435, 0.002917, 0.002027, 0.00277, 0.00265, 0.002595, 0.002898, 0.002599, 0.002308, 0.002321, 0.005151, 0.003768, 0.005087, 0.010753, 0.010383, 0.0031, 0.004339, 0.003727, 0.00603, 0.026306, 0.042383, 0.026777, 0.016505, 0.013151, 0.029433, 0.04372, 0.051287, 0.05172, 0.034338, 0.017815, 0.00984, 0.013252, 0.008368, 0.003715, 0.004313, 0.010354, 0.010094, 0.003, 0.012895, 0.012347, 0.011325, 0.018263, 0.012474, 0.005837, 0.002929, 0.002798, 0.003782, 0.00192, 0.002133, 0.001705], "segments": [{"start": 121, "end": 130, "num_frames": 10, "peak": 0.051719528051227884, "avg": 0.0335620849173861}], "threshold": 0.02, "stats": {"min": 0.0, "max": 0.05172, "mean": 0.005066}}