{"num_points": 87, "num_frames": 245, "magnitudes_raw": [0.0, 0.001628, 0.002174, 0.002237, 0.002654, 0.003785, 0.00327, 0.00405, 0.005119, 0.006788, 0.009949, 0.01379, 0.018857, 0.025414, 0.029905, 0.032672, 0.032259, 0.03085, 0.024962, 0.020827, 0.022643, 0.017428, 0.014429, 0.008002, 0.010858, 0.007316, 0.00756, 0.00958, 0.003461, 0.005092, 0.00432, 0.002806, 0.015072, 0.013431, 0.019243, 0.023885, 0.027313, 0.033387, 0.037732, 0.03972, 0.036951, 0.034837, 0.031429, 0.029926, 0.023638, 0.021534, 0.011439, 0.009791, 0.004794, 0.00314, 0.00339, 0.003274, 0.004328, 0.006008, 0.009811, 0.015473, 0.030789, 0.034384, 0.033934, 0.033637, 0.03395, 0.032646, 0.030583, 0.028435, 0.026558, 0.021916, 0.015664, 0.009822, 0.006117, 0.005123, 0.004478, 0.002943, 0.004502, 0.009834, 0.015815, 0.025076, 0.034738, 0.042114, 0.043446, 0.042537, 0.034667, 0.020323, 0.013784, 0.010908, 0.008078, 0.006394, 0.0061, 0.006803, 0.004748, 0.00492, 0.008373, 0.011731, 0.011382, 0.011864, 0.011748, 0.010728, 0.011685, 0.013676, 0.015117, 0.022013, 0.019942, 0.020565, 0.023363, 0.024328, 0.022966, 0.021487, 0.019278, 0.016622, 0.011905, 0.007039, 0.004076, 0.006058, 0.006836, 0.010405, 0.017898, 0.028747, 0.032234, 0.033318, 0.033661, 0.032974, 0.03526, 0.037167, 0.02211, 0.015089, 0.007745, 0.006318, 0.005697, 0.004836, 0.003446, 0.003111, 0.002837, 0.004429, 0.005316, 0.007766, 0.014418, 0.026067, 0.042468, 0.037058, 0.035662, 0.034087, 0.031131, 0.026085, 0.020825, 0.013273, 0.009687, 0.00588, 0.007638, 0.009554, 0.009204, 0.008372, 0.00413, 0.012709, 0.008958, 0.010189, 0.013564, 0.015649, 0.018302, 0.02501, 0.033059, 0.036788, 0.040425, 0.041972, 0.043497, 0.043372, 0.03909, 0.036014, 0.027848, 0.024443, 0.021506, 0.022598, 0.026502, 0.024295, 0.023533, 0.012006, 0.005606, 0.006606, 0.006273, 0.003851, 0.003379, 0.005338, 0.014446, 0.018952, 0.03242, 0.041267, 0.041811, 0.063651, 0.044622, 0.045705, 0.043796, 0.042553, 0.042065, 0.037155, 0.029133, 0.024702, 0.021149, 0.012429, 0.009227, 0.007997, 0.005746, 0.011296, 0.009012, 0.011618, 0.009643, 0.008436, 0.007828, 0.006411, 0.003359, 0.008199, 0.015427, 0.018401, 0.023605, 0.032621, 0.036975, 0.040946, 0.042799, 0.046425, 0.047219, 0.041606, 0.028331, 0.020581, 0.015229, 0.009348, 0.004417, 0.005808, 0.004629, 0.008167, 0.007444, 0.004591, 0.006182, 0.003873, 0.003243, 0.004905, 0.009071, 0.01464, 0.020118, 0.02018, 0.017241, 0.013975, 0.010667, 0.006942, 0.007775, 0.006104, 0.004819, 0.004249, 0.003192], "segments": [{"start": 13, "end": 20, "num_frames": 8, "peak": 0.032671644370204755, "avg": 0.027441522222176388}, {"start": 35, "end": 45, "num_frames": 11, "peak": 0.039719799776197266, "avg": 0.030941004537900454}, {"start": 56, "end": 65, "num_frames": 10, "peak": 0.034384202291551244, "avg": 0.030683278366120104}, {"start": 115, "end": 122, "num_frames": 8, "peak": 0.037167283112807876, "avg": 0.03193386141662194}, {"start": 135, "end": 142, "num_frames": 8, "peak": 0.04246824182059188, "avg": 0.03167286026416863}, {"start": 157, "end": 172, "num_frames": 16, "peak": 0.04349697098807343, "avg": 0.03187198816401075}, {"start": 182, "end": 194, "num_frames": 13, "peak": 0.0636508950285622, "avg": 0.03923285746651321}, {"start": 210, "end": 219, "num_frames": 10, "peak": 0.047218792749659816, "avg": 0.036110710125932324}], "threshold": 0.02, "stats": {"min": 0.0, "max": 0.063651, "mean": 0.018153}}