{"num_points": 150, "num_frames": 97, "magnitudes_raw": [0.0, 0.007573, 0.010475, 0.004875, 0.021678, 0.014631, 0.022024, 0.021413, 0.108414, 0.026241, 0.009417, 0.019431, 0.009036, 0.016761, 0.005704, 0.008073, 0.02388, 0.017588, 0.016419, 0.010525, 0.033207, 0.037793, 0.017672, 0.025327, 0.01743, 0.016004, 0.015446, 0.008459, 0.015783, 0.008841, 0.005539, 0.008546, 0.010175, 0.008701, 0.020989, 0.017455, 0.010282, 0.0049, 0.005, 0.003632, 0.005278, 0.012654, 0.015454, 0.004095, 0.005675, 0.015978, 0.008349, 0.008059, 0.013494, 0.008193, 0.02886, 0.006186, 0.007917, 0.004761, 0.00719, 0.005978, 0.017062, 0.002049, 0.003876, 0.00351, 0.008317, 0.045722, 0.072516, 0.029979, 0.031806, 0.027122, 0.020013, 0.016907, 0.028413, 0.018369, 0.010129, 0.00747, 0.005725, 0.004711, 0.004953, 0.005531, 0.020032, 0.012707, 0.0194, 0.005754, 0.013732, 0.045564, 0.0883, 0.076401, 0.08383, 0.057929, 0.036524, 0.039715, 0.041623, 0.131319, 0.03542, 0.009012, 0.011106, 0.008624, 0.006686, 0.004886, 0.012435], "segments": [{"start": 16, "end": 23, "num_frames": 8, "peak": 0.03779340010359983, "avg": 0.022801343905451858}, {"start": 61, "end": 68, "num_frames": 8, "peak": 0.07251550881993377, "avg": 0.03405962647549894}, {"start": 76, "end": 90, "num_frames": 15, "peak": 0.13131934054301356, "avg": 0.04721666035626568}], "threshold": 0.02, "stats": {"min": 0.0, "max": 0.131319, "mean": 0.020089}}