{"num_points": 97, "num_frames": 152, "magnitudes_raw": [0.0, 0.002047, 0.002526, 0.001965, 0.003312, 0.006863, 0.004138, 0.004136, 0.004028, 0.001924, 0.002881, 0.004566, 0.005599, 0.00551, 0.004822, 0.003117, 0.003027, 0.005204, 0.007362, 0.009304, 0.008481, 0.007954, 0.008197, 0.0084, 0.007265, 0.007945, 0.009139, 0.008573, 0.007386, 0.006279, 0.002788, 0.00354, 0.004553, 0.008172, 0.005682, 0.007149, 0.006731, 0.005108, 0.008575, 0.008946, 0.007433, 0.005376, 0.002912, 0.004166, 0.006974, 0.006789, 0.007107, 0.008324, 0.007914, 0.006748, 0.006403, 0.005688, 0.004309, 0.004619, 0.012444, 0.011771, 0.009432, 0.047225, 0.012766, 0.023135, 0.013427, 0.006129, 0.005376, 0.004666, 0.005629, 0.005576, 0.004972, 0.006906, 0.007038, 0.006175, 0.006272, 0.005736, 0.005025, 0.004449, 0.004828, 0.003629, 0.004958, 0.003871, 0.004716, 0.004235, 0.008067, 0.008813, 0.009275, 0.012103, 0.003973, 0.006298, 0.002902, 0.004174, 0.003765, 0.008712, 0.007651, 0.006909, 0.006732, 0.005804, 0.004487, 0.002857, 0.002845, 0.002826, 0.002286, 0.003494, 0.002783, 0.004756, 0.006494, 0.004511, 0.004035, 0.003622, 0.003124, 0.003274, 0.002803, 0.004761, 0.006156, 0.007474, 0.006691, 0.006423, 0.004895, 0.006304, 0.005691, 0.005383, 0.002694, 0.001928, 0.002965, 0.003864, 0.004234, 0.00577, 0.008202, 0.007529, 0.007182, 0.006475, 0.006412, 0.004902, 0.005956, 0.005875, 0.004941, 0.005325, 0.005057, 0.004139, 0.003868, 0.004545, 0.003007, 0.002671, 0.002915, 0.002565, 0.003818, 0.008624, 0.007352, 0.007429, 0.005327, 0.004639, 0.004675, 0.007264, 0.005497, 0.005189], "segments": [], "threshold": 0.02, "stats": {"min": 0.0, "max": 0.047225, "mean": 0.006015}}