{"num_points": 94, "num_frames": 112, "magnitudes_raw": [0.0, 0.002194, 0.002128, 0.002095, 0.00209, 0.003171, 0.003686, 0.003242, 0.003614, 0.004728, 0.007414, 0.007685, 0.009408, 0.005469, 0.004513, 0.005394, 0.004957, 0.004866, 0.004091, 0.005075, 0.002675, 0.003198, 0.002385, 0.003667, 0.003756, 0.002103, 0.002144, 0.002718, 0.002094, 0.002078, 0.002595, 0.002241, 0.002557, 0.002485, 0.002837, 0.002813, 0.002857, 0.002732, 0.002735, 0.001974, 0.003165, 0.002715, 0.003508, 0.00332, 0.002226, 0.002889, 0.002489, 0.003482, 0.004452, 0.003314, 0.003522, 0.003462, 0.003572, 0.002899, 0.00433, 0.006994, 0.004215, 0.00326, 0.005818, 0.007534, 0.006296, 0.007989, 0.006493, 0.003651, 0.003852, 0.004392, 0.003438, 0.003197, 0.001969, 0.002382, 0.003868, 0.003278, 0.00327, 0.004411, 0.004516, 0.004927, 0.002947, 0.003869, 0.002793, 0.002481, 0.002425, 0.00337, 0.002299, 0.00196, 0.00217, 0.002195, 0.002472, 0.002469, 0.002419, 0.002789, 0.001943, 0.001935, 0.002286, 0.002922, 0.002507, 0.003003, 0.003406, 0.003767, 0.003836, 0.003077, 0.00335, 0.002906, 0.003196, 0.004148, 0.004533, 0.0032, 0.002726, 0.00271, 0.002067, 0.001996, 0.002466, 0.00227], "segments": [], "threshold": 0.02, "stats": {"min": 0.0, "max": 0.009408, "mean": 0.003433}}