{"num_points": 150, "num_frames": 152, "magnitudes_raw": [0.0, 0.003025, 0.002829, 0.003298, 0.005535, 0.004408, 0.005377, 0.005578, 0.005922, 0.008745, 0.00905, 0.00858, 0.012134, 0.023857, 0.018985, 0.023773, 0.023724, 0.030226, 0.022802, 0.020341, 0.023686, 0.010289, 0.009936, 0.01082, 0.013223, 0.030254, 0.030843, 0.030547, 0.050608, 0.035883, 0.013634, 0.02151, 0.009646, 0.011243, 0.00978, 0.007007, 0.007535, 0.005649, 0.007266, 0.014198, 0.008248, 0.009601, 0.008916, 0.003956, 0.005545, 0.003368, 0.002708, 0.002497, 0.002866, 0.004456, 0.002948, 0.002447, 0.002581, 0.003833, 0.008201, 0.012095, 0.01362, 0.013008, 0.013314, 0.007043, 0.004803, 0.003109, 0.002786, 0.002004, 0.002853, 0.002879, 0.003867, 0.00267, 0.002835, 0.006051, 0.004586, 0.00744, 0.005881, 0.007885, 0.00238, 0.004543, 0.002749, 0.003152, 0.002791, 0.004295, 0.003244, 0.002642, 0.002719, 0.004523, 0.00264, 0.0027, 0.004184, 0.002549, 0.003568, 0.003065, 0.002986, 0.002892, 0.002513, 0.004781, 0.003338, 0.004974, 0.003733, 0.002493, 0.002075, 0.002248, 0.002537, 0.004134, 0.007878, 0.005406, 0.004514, 0.003109, 0.005726, 0.006204, 0.005388, 0.006457, 0.006429, 0.004119, 0.004279, 0.003314, 0.003763, 0.002467, 0.004845, 0.005625, 0.007631, 0.007259, 0.007743, 0.006746, 0.007117, 0.006309, 0.007545, 0.003779, 0.005514, 0.00373, 0.00667, 0.011441, 0.003697, 0.003258, 0.004986, 0.004724, 0.009332, 0.008627, 0.006568, 0.004589, 0.007283, 0.005968, 0.010779, 0.005771, 0.015543, 0.016033, 0.012547, 0.014964, 0.008168, 0.00837, 0.007147, 0.002934, 0.002955, 0.005717], "segments": [{"start": 13, "end": 31, "num_frames": 19, "peak": 0.05060782009156403, "avg": 0.023417945078532967}], "threshold": 0.02, "stats": {"min": 0.0, "max": 0.050608, "mean": 0.007921}}