{"num_points": 91, "num_frames": 152, "magnitudes_raw": [0.0, 0.001879, 0.002019, 0.002018, 0.00239, 0.002134, 0.003169, 0.002362, 0.002865, 0.001951, 0.002186, 0.001796, 0.002216, 0.002406, 0.002135, 0.001873, 0.002333, 0.002851, 0.001994, 0.002307, 0.002704, 0.002382, 0.001642, 0.002414, 0.001815, 0.004831, 0.004894, 0.003127, 0.004392, 0.004585, 0.003606, 0.005014, 0.006554, 0.003624, 0.003916, 0.019328, 0.013549, 0.011519, 0.004564, 0.003629, 0.004219, 0.012633, 0.009609, 0.006952, 0.00294, 0.003134, 0.003759, 0.002743, 0.003115, 0.003349, 0.003526, 0.002803, 0.002647, 0.002628, 0.002259, 0.003095, 0.002436, 0.002739, 0.002328, 0.002402, 0.003745, 0.002686, 0.001812, 0.005187, 0.002134, 0.002808, 0.003224, 0.002971, 0.002509, 0.003669, 0.003673, 0.002124, 0.002455, 0.002191, 0.002646, 0.002732, 0.001919, 0.00271, 0.002312, 0.001878, 0.001986, 0.002007, 0.001772, 0.003274, 0.002757, 0.001959, 0.002137, 0.001787, 0.001746, 0.003761, 0.0039, 0.001849, 0.001904, 0.002127, 0.002682, 0.002612, 0.00214, 0.002589, 0.00367, 0.002327, 0.002337, 0.002641, 0.001939, 0.001935, 0.003704, 0.002033, 0.002628, 0.001949, 0.004759, 0.0036, 0.006338, 0.003868, 0.005105, 0.00423, 0.004046, 0.00388, 0.004536, 0.009104, 0.004345, 0.003399, 0.001829, 0.003809, 0.00301, 0.004371, 0.007082, 0.00577, 0.002406, 0.002001, 0.002277, 0.005571, 0.002559, 0.004009, 0.002627, 0.003156, 0.002935, 0.002444, 0.001737, 0.00244, 0.002657, 0.002946, 0.002876, 0.00173, 0.001549, 0.001859, 0.001509, 0.001657, 0.002406, 0.003853, 0.003014, 0.002303, 0.001803, 0.001675], "segments": [], "threshold": 0.02, "stats": {"min": 0.0, "max": 0.019328, "mean": 0.003309}}