{"num_points": 87, "num_frames": 90, "magnitudes_raw": [0.0, 0.003579, 0.003114, 0.003465, 0.006951, 0.018915, 0.021116, 0.01435, 0.002846, 0.004455, 0.003227, 0.002976, 0.003406, 0.017353, 0.002075, 0.003443, 0.006755, 0.005127, 0.026193, 0.031549, 0.00512, 0.015168, 0.012344, 0.019416, 0.01562, 0.016875, 0.009774, 0.027894, 0.005703, 0.014867, 0.010279, 0.008303, 0.005781, 0.008669, 0.016924, 0.008571, 0.005049, 0.005121, 0.004128, 0.005141, 0.005181, 0.003324, 0.005633, 0.004835, 0.01195, 0.006637, 0.022245, 0.02201, 0.006543, 0.002778, 0.010774, 0.017626, 0.004926, 0.010294, 0.004123, 0.00415, 0.003651, 0.002125, 0.002849, 0.004408, 0.005011, 0.003098, 0.004187, 0.004086, 0.003766, 0.003185, 0.003219, 0.003933, 0.004914, 0.008373, 0.009303, 0.00369, 0.004997, 0.003499, 0.005949, 0.0069, 0.004405, 0.003087, 0.003339, 0.002776, 0.002177, 0.0041, 0.006069, 0.006375, 0.006084, 0.015698, 0.012288, 0.003181, 0.007772, 0.019118], "segments": [], "threshold": 0.02, "stats": {"min": 0.0, "max": 0.031549, "mean": 0.008136}}