{"num_points": 86, "num_frames": 59, "magnitudes_raw": [0.0, 0.00482, 0.004809, 0.004997, 0.002703, 0.011116, 0.019652, 0.156567, 0.091169, 0.03725, 0.026318, 0.039397, 0.062925, 0.053687, 0.043387, 0.034668, 0.027272, 0.022901, 0.014635, 0.009784, 0.014452, 0.013144, 0.024063, 0.020745, 0.007088, 0.010316, 0.006527, 0.011618, 0.013589, 0.014527, 0.018689, 0.039207, 0.037162, 0.052452, 0.042746, 0.030773, 0.028074, 0.021752, 0.018936, 0.015981, 0.018395, 0.017284, 0.009077, 0.010168, 0.008374, 0.006411, 0.004448, 0.003135, 0.012617, 0.018647, 0.025392, 0.031431, 0.019386, 0.018311, 0.024998, 0.042921, 0.13342, 0.047477, 0.018738], "segments": [{"start": 7, "end": 23, "num_frames": 17, "peak": 0.15656706458228928, "avg": 0.04072732680995843}, {"start": 50, "end": 57, "num_frames": 8, "peak": 0.1334202559946691, "avg": 0.04291693300747255}], "threshold": 0.02, "stats": {"min": 0.0, "max": 0.156567, "mean": 0.026789}}