{"num_points": 85, "num_frames": 429, "magnitudes_raw": [0.0, 0.002374, 0.002403, 0.001863, 0.002406, 0.002985, 0.003986, 0.003309, 0.003301, 0.004229, 0.007737, 0.009991, 0.011451, 0.022639, 0.040827, 0.009537, 0.006264, 0.005023, 0.011473, 0.032293, 0.036323, 0.042415, 0.050992, 0.038943, 0.026273, 0.02242, 0.011275, 0.011502, 0.016576, 0.013149, 0.013077, 0.014861, 0.013498, 0.017191, 0.0101, 0.008058, 0.011929, 0.006273, 0.005585, 0.005189, 0.006811, 0.005984, 0.008105, 0.008656, 0.009711, 0.005885, 0.005727, 0.004569, 0.009411, 0.013155, 0.007997, 0.006122, 0.006455, 0.011629, 0.010229, 0.016278, 0.008766, 0.008867, 0.014282, 0.010824, 0.012179, 0.010494, 0.014622, 0.013147, 0.007509, 0.004586, 0.00326, 0.002561, 0.005408, 0.007276, 0.008702, 0.012477, 0.009365, 0.007572, 0.008467, 0.009657, 0.005707, 0.004011, 0.003882, 0.003241, 0.004028, 0.003276, 0.005832, 0.003827, 0.003618, 0.00519, 0.003976, 0.003673, 0.003532, 0.007238, 0.00404, 0.00447, 0.00725, 0.005791, 0.00719, 0.008389, 0.005665, 0.009972, 0.007549, 0.004084, 0.00606, 0.009795, 0.004432, 0.004607, 0.003845, 0.005246, 0.003959, 0.004824, 0.006432, 0.021603, 0.009826, 0.013389, 0.007145, 0.005558, 0.003635, 0.003949, 0.005124, 0.007453, 0.013069, 0.008436, 0.009648, 0.009127, 0.007696, 0.006323, 0.008545, 0.018823, 0.022405, 0.012717, 0.003657, 0.006604, 0.010955, 0.007165, 0.002351, 0.008014, 0.008208, 0.015554, 0.011018, 0.005898, 0.006891, 0.005372, 0.009428, 0.009634, 0.004068, 0.006296, 0.012697, 0.006797, 0.009039, 0.008946, 0.012452, 0.010948, 0.004862, 0.005046, 0.006242, 0.006781, 0.007116, 0.013826, 0.015186, 0.006298, 0.004712, 0.005601, 0.004374, 0.003717, 0.006122, 0.004829, 0.008539, 0.004828, 0.009562, 0.011556, 0.012924, 0.013122, 0.007514, 0.008419, 0.004816, 0.006539, 0.01046, 0.008782, 0.008058, 0.009012, 0.018973, 0.0264, 0.021217, 0.015554, 0.034943, 0.041132, 0.07169, 0.034684, 0.026703, 0.01429, 0.013278, 0.021294, 0.015413, 0.008023, 0.004855, 0.006807, 0.007331, 0.005122, 0.005193, 0.006661, 0.003332, 0.008165, 0.006083, 0.003192, 0.006038, 0.007133, 0.00515, 0.014209, 0.00924, 0.010967, 0.008301, 0.007667, 0.009109, 0.006451, 0.009253, 0.004443, 0.005705, 0.012501, 0.011216, 0.012504, 0.005795, 0.005115, 0.007658, 0.016203, 0.011247, 0.018731, 0.008271, 0.006336, 0.009742, 0.015501, 0.011336, 0.006423, 0.004453, 0.002888, 0.00388, 0.003053, 0.007763, 0.006798, 0.011256, 0.011881, 0.006336, 0.009534, 0.022578, 0.027701, 0.027675, 0.011056, 0.006077, 0.010156, 0.015106, 0.011591, 0.004141, 0.005953, 0.014229, 0.009697, 0.005119, 0.006635, 0.004991, 0.008958, 0.01706, 0.009949, 0.009703, 0.009903, 0.016539, 0.020818, 0.006401, 0.004711, 0.011846, 0.012218, 0.010113, 0.007014, 0.004492, 0.004976, 0.004908, 0.005366, 0.004937, 0.006819, 0.004095, 0.004694, 0.010834, 0.015522, 0.005791, 0.005081, 0.005042, 0.011757, 0.011095, 0.006275, 0.004496, 0.009375, 0.004792, 0.00648, 0.002677, 0.005658, 0.00756, 0.013959, 0.017062, 0.004856, 0.004106, 0.01249, 0.008889, 0.003553, 0.006969, 0.006025, 0.006703, 0.007549, 0.007244, 0.014804, 0.013072, 0.008707, 0.005681, 0.007395, 0.009055, 0.015644, 0.014025, 0.007913, 0.010076, 0.008841, 0.007125, 0.011229, 0.012649, 0.016553, 0.011833, 0.013858, 0.007262, 0.012846, 0.020336, 0.019091, 0.015031, 0.010003, 0.003178, 0.005191, 0.007045, 0.012959, 0.023618, 0.018926, 0.016865, 0.015954, 0.011823, 0.012605, 0.006313, 0.007549, 0.009301, 0.006817, 0.009118, 0.017637, 0.008038, 0.006886, 0.005237, 0.00433, 0.006515, 0.006438, 0.005394, 0.005906, 0.003454, 0.008079, 0.00705, 0.011568, 0.016722, 0.005474, 0.004328, 0.005969, 0.004294, 0.004179, 0.003279, 0.008145, 0.009596, 0.007782, 0.007634, 0.006877, 0.006106, 0.003652, 0.005881, 0.009743, 0.017931, 0.014513, 0.018177, 0.016719, 0.008957, 0.007802, 0.010116, 0.01417, 0.015401, 0.020324, 0.013808, 0.007097, 0.017952, 0.0265, 0.031599, 0.02218, 0.01816, 0.016865, 0.013991, 0.01717, 0.007144, 0.005829, 0.009924, 0.014119, 0.018694, 0.010494, 0.006933, 0.00779, 0.010006, 0.015469, 0.021621, 0.027875, 0.023561, 0.010738, 0.009641, 0.01603, 0.026219, 0.02627, 0.041196, 0.028785, 0.059829, 0.037409, 0.031504, 0.011338, 0.004722, 0.002535, 0.007243, 0.014411, 0.007316, 0.004203, 0.00318, 0.003291, 0.004188, 0.003588, 0.002975, 0.002818, 0.002929, 0.004858, 0.002564], "segments": [{"start": 13, "end": 25, "num_frames": 13, "peak": 0.0509922004386572, "avg": 0.026571012157381987}, {"start": 179, "end": 189, "num_frames": 11, "peak": 0.07168954646571558, "avg": 0.02919869562806735}, {"start": 400, "end": 412, "num_frames": 13, "peak": 0.059829368567062544, "avg": 0.027744555405607666}], "threshold": 0.02, "stats": {"min": 0.0, "max": 0.07169, "mean": 0.010494}}