{"num_points": 150, "num_frames": 1587, "magnitudes_raw": [0.0, 0.003314, 0.002752, 0.002935, 0.00386, 0.003818, 0.005633, 0.00408, 0.005172, 0.007107, 0.006231, 0.006382, 0.006707, 0.005716, 0.00407, 0.004679, 0.004928, 0.005843, 0.005414, 0.003976, 0.00427, 0.00298, 0.003403, 0.002987, 0.002116, 0.002158, 0.002875, 0.004959, 0.006897, 0.008248, 0.005063, 0.006744, 0.003543, 0.003634, 0.006588, 0.008149, 0.006326, 0.004552, 0.011155, 0.014771, 0.019583, 0.011461, 0.007942, 0.009101, 0.012772, 0.021328, 0.025805, 0.025527, 0.013199, 0.011298, 0.009569, 0.007267, 0.006769, 0.00638, 0.004629, 0.008978, 0.005969, 0.003373, 0.003779, 0.005776, 0.004783, 0.00346, 0.00298, 0.005044, 0.003604, 0.003138, 0.003137, 0.003167, 0.003331, 0.003419, 0.002964, 0.0049, 0.00548, 0.006175, 0.004734, 0.007983, 0.004054, 0.003307, 0.003056, 0.003512, 0.002846, 0.003982, 0.004555, 0.003837, 0.004744, 0.00431, 0.004503, 0.007519, 0.004536, 0.003595, 0.003131, 0.005393, 0.004345, 0.003238, 0.002982, 0.003544, 0.004151, 0.003676, 0.004928, 0.004153, 0.007357, 0.004335, 0.004486, 0.004047, 0.004886, 0.006827, 0.009103, 0.004001, 0.00697, 0.016522, 0.012993, 0.017583, 0.022438, 0.022074, 0.013795, 0.014691, 0.013728, 0.011738, 0.007965, 0.00878, 0.008496, 0.005711, 0.005906, 0.004556, 0.004037, 0.003106, 0.002906, 0.002777, 0.002958, 0.003554, 0.003051, 0.0028, 0.003091, 0.003334, 0.002612, 0.003987, 0.002829, 0.003353, 0.002454, 0.00252, 0.003753, 0.002978, 0.002852, 0.003446, 0.0029, 0.002461, 0.002887, 0.002321, 0.002719, 0.003374, 0.002457, 0.003025, 0.00263, 0.002604, 0.00267, 0.003187, 0.002857, 0.004839, 0.005121, 0.004367, 0.004346, 0.00537, 0.004359, 0.005174, 0.003076, 0.00238, 0.002594, 0.003108, 0.002379, 0.001994, 0.002295, 0.003224, 0.002553, 0.002415, 0.002561, 0.003153, 0.002498, 0.002642, 0.002113, 0.004021, 0.005818, 0.00515, 0.005253, 0.005963, 0.005293, 0.006701, 0.003696, 0.005701, 0.004839, 0.00457, 0.006465, 0.004327, 0.007732, 0.011016, 0.015729, 0.017154, 0.006995, 0.012784, 0.003823, 0.005398, 0.006359, 0.008277, 0.005388, 0.007704, 0.008057, 0.006706, 0.005153, 0.006838, 0.002649, 0.002977, 0.003407, 0.002931, 0.002604, 0.002887, 0.00492, 0.002774, 0.003252, 0.004566, 0.005653, 0.005305, 0.007519, 0.008161, 0.007698, 0.0053, 0.003602, 0.004156, 0.004152, 0.003692, 0.003327, 0.00867, 0.003958, 0.003721, 0.002711, 0.003755, 0.00328, 0.002931, 0.003041, 0.004026, 0.002489, 0.002572, 0.002764, 0.003027, 0.00327, 0.003898, 0.003829, 0.006265, 0.00412, 0.003663, 0.002535, 0.002585, 0.003532, 0.003795, 0.003434, 0.003375, 0.003091, 0.002932, 0.002769, 0.003076, 0.003149, 0.002981, 0.00437, 0.002839, 0.003031, 0.00309, 0.002989, 0.002909, 0.00354, 0.006769, 0.005496, 0.006984, 0.00558, 0.002944, 0.003699, 0.004702, 0.0029, 0.002994, 0.002996, 0.002534, 0.00246, 0.003277, 0.00439, 0.003639, 0.002584, 0.00267, 0.003561, 0.002935, 0.00366, 0.002208, 0.002401, 0.002973, 0.002533, 0.005754, 0.004685, 0.004289, 0.003045, 0.003511, 0.003764, 0.003633, 0.002712, 0.004782, 0.003542, 0.003073, 0.00237, 0.002981, 0.002891, 0.002428, 0.003531, 0.003835, 0.004814, 0.003328, 0.003953, 0.005056, 0.005208, 0.004749, 0.004102, 0.004664, 0.00595, 0.005004, 0.002971, 0.003967, 0.002736, 0.005096, 0.002972, 0.002568, 0.003644, 0.003706, 0.003818, 0.004333, 0.002783, 0.002493, 0.002728, 0.004709, 0.002648, 0.003895, 0.004465, 0.00404, 0.002723, 0.003348, 0.005218, 0.002652, 0.002378, 0.00253, 0.003161, 0.003421, 0.003299, 0.003431, 0.006035, 0.004321, 0.004154, 0.004399, 0.003956, 0.003876, 0.003303, 0.00354, 0.002948, 0.003534, 0.007687, 0.005959, 0.004992, 0.005265, 0.004314, 0.005267, 0.002822, 0.003999, 0.003124, 0.00329, 0.002804, 0.003038, 0.00278, 0.003013, 0.002978, 0.002951, 0.00288, 0.003901, 0.002578, 0.003076, 0.004102, 0.003373, 0.003055, 0.003779, 0.002425, 0.002352, 0.002662, 0.003692, 0.003024, 0.004447, 0.002995, 0.002244, 0.002595, 0.002479, 0.002777, 0.00273, 0.003545, 0.002969, 0.003172, 0.003204, 0.003297, 0.00307, 0.003948, 0.002797, 0.002414, 0.003143, 0.003452, 0.003771, 0.00285, 0.003125, 0.002568, 0.003411, 0.002305, 0.00284, 0.002664, 0.002911, 0.002666, 0.002436, 0.002697, 0.002209, 0.002622, 0.003089, 0.002934, 0.002604, 0.002595, 0.002598, 0.002807, 0.003038, 0.007017, 0.004958, 0.003556, 0.004012, 0.002246, 0.002045, 0.002336, 0.003177, 0.003384, 0.002252, 0.003211, 0.002851, 0.002848, 0.003575, 0.003049, 0.002811, 0.004126, 0.002342, 0.002023, 0.002602, 0.002543, 0.002844, 0.003947, 0.003296, 0.004621, 0.003701, 0.003555, 0.002351, 0.003642, 0.002842, 0.002404, 0.003373, 0.002122, 0.002165, 0.00251, 0.001918, 0.003021, 0.002753, 0.002361, 0.003164, 0.003005, 0.002524, 0.003236, 0.003336, 0.003617, 0.003691, 0.002159, 0.003308, 0.006161, 0.00285, 0.002899, 0.002602, 0.002885, 0.002981, 0.003094, 0.003636, 0.002483, 0.002435, 0.002653, 0.002693, 0.002502, 0.003289, 0.002656, 0.002712, 0.002772, 0.002819, 0.002485, 0.002529, 0.002677, 0.002679, 0.004206, 0.004848, 0.004037, 0.004077, 0.002588, 0.003309, 0.004398, 0.011036, 0.005082, 0.004545, 0.004209, 0.003569, 0.006503, 0.006755, 0.004802, 0.0052, 0.004712, 0.006515, 0.00417, 0.006015, 0.004437, 0.004139, 0.003574, 0.00463, 0.003818, 0.003951, 0.005193, 0.005682, 0.00631, 0.008932, 0.004062, 0.005001, 0.004945, 0.003723, 0.004004, 0.002481, 0.003314, 0.002942, 0.005358, 0.009111, 0.003251, 0.007842, 0.002609, 0.002961, 0.003438, 0.003471, 0.003567, 0.004266, 0.003053, 0.004518, 0.003133, 0.003668, 0.004138, 0.00318, 0.003694, 0.003242, 0.003615, 0.004416, 0.003297, 0.002979, 0.003311, 0.002983, 0.003396, 0.004326, 0.004314, 0.004802, 0.005775, 0.002941, 0.004856, 0.006606, 0.004132, 0.003014, 0.009239, 0.005697, 0.003716, 0.003189, 0.004501, 0.004201, 0.003195, 0.003328, 0.003381, 0.00347, 0.004016, 0.002913, 0.003037, 0.002802, 0.002949, 0.00516, 0.005718, 0.004894, 0.003814, 0.003152, 0.003668, 0.004523, 0.006225, 0.005035, 0.004796, 0.003188, 0.003199, 0.002793, 0.002817, 0.002737, 0.003162, 0.0057, 0.006214, 0.003506, 0.002472, 0.003463, 0.003537, 0.003606, 0.002626, 0.003636, 0.003045, 0.002412, 0.002896, 0.005737, 0.002963, 0.002733, 0.00245, 0.004155, 0.003087, 0.00344, 0.00469, 0.00399, 0.002718, 0.002759, 0.003244, 0.003276, 0.00327, 0.002929, 0.00421, 0.007064, 0.003648, 0.003037, 0.003099, 0.004075, 0.005587, 0.002992, 0.002656, 0.002673, 0.003055, 0.002572, 0.003918, 0.004361, 0.002919, 0.002612, 0.004958, 0.004534, 0.003102, 0.003593, 0.004924, 0.003993, 0.003705, 0.007365, 0.003384, 0.005376, 0.003242, 0.002616, 0.002677, 0.002508, 0.003147, 0.004575, 0.003443, 0.002406, 0.003252, 0.002442, 0.002532, 0.003583, 0.002918, 0.003718, 0.004433, 0.00379, 0.004755, 0.00261, 0.00276, 0.002358, 0.002751, 0.002449, 0.004318, 0.002623, 0.002528, 0.004756, 0.003584, 0.002817, 0.002895, 0.003325, 0.002136, 0.002943, 0.002505, 0.003302, 0.002241, 0.004324, 0.006414, 0.004537, 0.004217, 0.003322, 0.002874, 0.004056, 0.005909, 0.003882, 0.002968, 0.005672, 0.007321, 0.004257, 0.004122, 0.005305, 0.00303, 0.004602, 0.005835, 0.005587, 0.004744, 0.002268, 0.003198, 0.003655, 0.00277, 0.004017, 0.002647, 0.002952, 0.002859, 0.002841, 0.002855, 0.002791, 0.00288, 0.002745, 0.003127, 0.005259, 0.003828, 0.003293, 0.002667, 0.003066, 0.003379, 0.003685, 0.003774, 0.004046, 0.004101, 0.003465, 0.003739, 0.004992, 0.003186, 0.004743, 0.003921, 0.005878, 0.003943, 0.003354, 0.003608, 0.003054, 0.003522, 0.002836, 0.002798, 0.00434, 0.004613, 0.00352, 0.003815, 0.005115, 0.003248, 0.003023, 0.004294, 0.0034, 0.003994, 0.003723, 0.004226, 0.002473, 0.005595, 0.005807, 0.00428, 0.007207, 0.004928, 0.003067, 0.003166, 0.002832, 0.003616, 0.002467, 0.003274, 0.004287, 0.002998, 0.00296, 0.003987, 0.005717, 0.003967, 0.004987, 0.003638, 0.00527, 0.00471, 0.005965, 0.00473, 0.005521, 0.004931, 0.004116, 0.004549, 0.003568, 0.004324, 0.003551, 0.003641, 0.003198, 0.003657, 0.00423, 0.00368, 0.005103, 0.003951, 0.005644, 0.008626, 0.013067, 0.009848, 0.009614, 0.012086, 0.016917, 0.006465, 0.011343, 0.011312, 