{"num_points": 94, "num_frames": 190, "magnitudes_raw": [0.0, 0.003384, 0.003187, 0.002825, 0.00385, 0.006747, 0.005611, 0.004894, 0.008687, 0.00482, 0.00265, 0.003751, 0.00383, 0.003645, 0.002527, 0.006657, 0.00594, 0.002642, 0.002863, 0.003442, 0.002737, 0.003544, 0.002951, 0.002975, 0.002265, 0.006149, 0.006386, 0.010427, 0.00892, 0.004734, 0.003699, 0.007677, 0.004347, 0.004558, 0.002016, 0.003464, 0.006361, 0.007262, 0.004444, 0.005548, 0.003196, 0.00241, 0.005923, 0.002869, 0.005787, 0.005726, 0.002585, 0.019217, 0.002823, 0.002911, 0.004627, 0.004199, 0.003538, 0.003206, 0.003334, 0.005282, 0.00275, 0.002872, 0.003496, 0.002998, 0.007706, 0.006658, 0.006046, 0.004953, 0.002156, 0.003228, 0.002897, 0.002908, 0.003457, 0.00669, 0.009438, 0.003907, 0.004749, 0.008043, 0.004081, 0.005454, 0.007063, 0.010732, 0.003809, 0.004106, 0.002078, 0.008642, 0.005612, 0.00647, 0.010693, 0.0048, 0.020379, 0.012729, 0.007093, 0.006272, 0.007951, 0.00361, 0.011565, 0.008749, 0.003055, 0.003127, 0.003668, 0.00355, 0.003653, 0.002785, 0.003911, 0.003679, 0.003011, 0.004257, 0.008638, 0.00267, 0.006816, 0.003473, 0.003892, 0.002583, 0.002331, 0.003264, 0.002171, 0.002715, 0.007282, 0.002508, 0.003434, 0.00628, 0.002763, 0.002628, 0.005886, 0.005078, 0.006289, 0.00318, 0.004231, 0.002662, 0.003747, 0.00281, 0.002852, 0.003119, 0.003575, 0.005, 0.007784, 0.004053, 0.002571, 0.003586, 0.006396, 0.007044, 0.006688, 0.009741, 0.005994, 0.004269, 0.003268, 0.00317, 0.00302, 0.003294, 0.002908, 0.004824, 0.002634, 0.002302, 0.003911, 0.003513, 0.002696, 0.002873, 0.005458, 0.003046, 0.007153, 0.008643, 0.053877, 0.070291, 0.003644, 0.009344, 0.009245, 0.005695, 0.013222, 0.005296, 0.005072, 0.002923, 0.004995, 0.003485, 0.003023, 0.008132, 0.004253, 0.005396, 0.006818, 0.007942, 0.016634, 0.038926, 0.042736, 0.040501, 0.032909, 0.03294, 0.039053, 0.02145, 0.013111, 0.011012, 0.005056, 0.006269, 0.006034, 0.007625], "segments": [], "threshold": 0.02, "stats": {"min": 0.0, "max": 0.070291, "mean": 0.006848}}