{"num_points": 90, "num_frames": 96, "magnitudes_raw": [0.0, 0.002, 0.001487, 0.00135, 0.00136, 0.001579, 0.001842, 0.002486, 0.002052, 0.003247, 0.003299, 0.003099, 0.003384, 0.004228, 0.003935, 0.01156, 0.008155, 0.007664, 0.01014, 0.002163, 0.005449, 0.005515, 0.009675, 0.011743, 0.004067, 0.014034, 0.006457, 0.00325, 0.007273, 0.007412, 0.006944, 0.019578, 0.031395, 0.05092, 0.038637, 0.023208, 0.013034, 0.005575, 0.006393, 0.008848, 0.005741, 0.004539, 0.002972, 0.004405, 0.003199, 0.005353, 0.00781, 0.006775, 0.006143, 0.005166, 0.012232, 0.020351, 0.01303, 0.011443, 0.008916, 0.004468, 0.006182, 0.00483, 0.004798, 0.005515, 0.0038, 0.007329, 0.003307, 0.004967, 0.003369, 0.002744, 0.002698, 0.002892, 0.002538, 0.002728, 0.004436, 0.006336, 0.002682, 0.004782, 0.002747, 0.004107, 0.002282, 0.002929, 0.003723, 0.003939, 0.002808, 0.004026, 0.004693, 0.008524, 0.136487, 0.019272, 0.017214, 0.007213, 0.008486, 0.013074, 0.018799, 0.014985, 0.004394, 0.003899, 0.005338, 0.003055], "segments": [], "threshold": 0.02, "stats": {"min": 0.0, "max": 0.136487, "mean": 0.008801}}