{"num_points": 92, "num_frames": 152, "magnitudes_raw": [0.0, 0.027837, 0.017447, 0.012068, 0.009032, 0.007247, 0.030942, 0.062966, 0.013008, 0.031299, 0.060713, 0.030116, 0.006921, 0.015903, 0.026085, 0.023482, 0.042209, 0.036514, 0.025993, 0.018859, 0.023099, 0.025332, 0.008385, 0.005982, 0.007377, 0.00924, 0.010036, 0.021628, 0.037116, 0.058281, 0.052597, 0.035503, 0.021089, 0.015043, 0.010447, 0.006539, 0.003754, 0.00709, 0.005982, 0.009826, 0.007093, 0.008023, 0.010474, 0.023321, 0.045321, 0.087135, 0.084484, 0.098411, 0.105416, 0.099452, 0.101326, 0.085821, 0.11047, 0.206453, 0.291304, 0.243482, 0.151625, 0.138659, 0.0686, 0.060803, 0.063318, 0.114254, 0.039881, 0.028539, 0.007246, 0.010864, 0.018288, 0.007261, 0.009291, 0.011353, 0.011046, 0.01135, 0.011096, 0.013022, 0.023941, 0.082498, 0.100615, 0.126193, 0.110109, 0.136406, 0.106147, 0.119618, 0.118725, 0.091772, 0.115221, 0.061323, 0.031638, 0.029813, 0.025863, 0.025389, 0.062247, 0.030126, 0.030341, 0.035184, 0.048302, 0.193926, 0.051185, 0.044421, 0.045072, 0.03964, 0.020244, 0.016728, 0.013582, 0.006071, 0.013407, 0.009307, 0.009738, 0.01864, 0.027251, 0.015307, 0.044007, 0.017268, 0.010474, 0.014152, 0.018509, 0.014647, 0.031235, 0.229403, 0.040762, 0.164129, 0.017464, 0.017583, 0.014078, 0.019561, 0.015676, 0.014702, 0.015024, 0.016945, 0.022098, 0.017249, 0.026243, 0.020032, 0.014548, 0.006936, 0.010775, 0.019398, 0.013759, 0.025296, 0.048278, 0.054742, 0.019892, 0.006157, 0.00565, 0.008774, 0.005775, 0.006841, 0.009364, 0.004849, 0.005715, 0.006694, 0.003918, 0.006743], "segments": [{"start": 1, "end": 21, "num_frames": 21, "peak": 0.06296572794818675, "avg": 0.026051122325986893}, {"start": 43, "end": 63, "num_frames": 21, "peak": 0.2913043000272373, "avg": 0.10705120276252135}, {"start": 74, "end": 100, "num_frames": 27, "peak": 0.19392629476952392, "avg": 0.07059108584389315}], "threshold": 0.02, "stats": {"min": 0.0, "max": 0.291304, "mean": 0.041966}}