{"num_points": 93, "num_frames": 388, "magnitudes_raw": [0.0, 0.002531, 0.003618, 0.003156, 0.002678, 0.002479, 0.004123, 0.002686, 0.002158, 0.002595, 0.003991, 0.002707, 0.002444, 0.002924, 0.004117, 0.00331, 0.002248, 0.001943, 0.002289, 0.001898, 0.001976, 0.00213, 0.001917, 0.001791, 0.001744, 0.002841, 0.002504, 0.001994, 0.002735, 0.004307, 0.004081, 0.003792, 0.003701, 0.002302, 0.002275, 0.002129, 0.002277, 0.002109, 0.002005, 0.001879, 0.001721, 0.002211, 0.001719, 0.001938, 0.002824, 0.002046, 0.001724, 0.002074, 0.002079, 0.002183, 0.001902, 0.001993, 0.00187, 0.001977, 0.00193, 0.001874, 0.001516, 0.001721, 0.001728, 0.001841, 0.001996, 0.00202, 0.002226, 0.00231, 0.002072, 0.002236, 0.001745, 0.001996, 0.001947, 0.001868, 0.002163, 0.001993, 0.002174, 0.002078, 0.001887, 0.002182, 0.002204, 0.001908, 0.003426, 0.001964, 0.002741, 0.002593, 0.004784, 0.003473, 0.003532, 0.002965, 0.003229, 0.001966, 0.002165, 0.00199, 0.002669, 0.003922, 0.002667, 0.00296, 0.003709, 0.004555, 0.002648, 0.002314, 0.002205, 0.002492, 0.002636, 0.002768, 0.001947, 0.002088, 0.001752, 0.001807, 0.002121, 0.003933, 0.00257, 0.001869, 0.001965, 0.002199, 0.001786, 0.001778, 0.001926, 0.001668, 0.001942, 0.003091, 0.002899, 0.001771, 0.001506, 0.001922, 0.001881, 0.002633, 0.001979, 0.002056, 0.001567, 0.0019, 0.002062, 0.001599, 0.001804, 0.001866, 0.001551, 0.001637, 0.0022, 0.002252, 0.002746, 0.003049, 0.001918, 0.001936, 0.001741, 0.002613, 0.001893, 0.001756, 0.001809, 0.001792, 0.00173, 0.002166, 0.001747, 0.00211, 0.001901, 0.001988, 0.002122, 0.002007, 0.001873, 0.001994, 0.001846, 0.002904, 0.002016, 0.002106, 0.001634, 0.004363, 0.00277, 0.00273, 0.002196, 0.001635, 0.001827, 0.001689, 0.001707, 0.001794, 0.002047, 0.002487, 0.002114, 0.001986, 0.002186, 0.002045, 0.002123, 0.002095, 0.002003, 0.001939, 0.001979, 0.002344, 0.002286, 0.002477, 0.00217, 0.001918, 0.001912, 0.002139, 0.002001, 0.001609, 0.001944, 0.002135, 0.002383, 0.001987, 0.001583, 0.002791, 0.002592, 0.002063, 0.002379, 0.002285, 0.001987, 0.002051, 0.002173, 0.001917, 0.001818, 0.002169, 0.002112, 0.002218, 0.0021, 0.002347, 0.001694, 0.002083, 0.002572, 0.002096, 0.00183, 0.00189, 0.0017, 0.002158, 0.001889, 0.00189, 0.001632, 0.001405, 0.001556, 0.002133, 0.002453, 0.001944, 0.001852, 0.001752, 0.001971, 0.00204, 0.00168, 0.002231, 0.002434, 0.00198, 0.001966, 0.001947, 0.001656, 0.00245, 0.001904, 0.002203, 0.00214, 0.002231, 0.00176, 0.002273, 0.00198, 0.002408, 0.001903, 0.002223, 0.002634, 0.001835, 0.003532, 0.00195, 0.001476, 0.001836, 0.001887, 0.002429, 0.001801, 0.001936, 0.00169, 0.001756, 0.002441, 0.002117, 0.001307, 0.001769, 0.00216, 0.001778, 0.002477, 0.00182, 0.002232, 0.002087, 0.002008, 0.002019, 0.002275, 0.002504, 0.002273, 0.001917, 0.002314, 0.001844, 0.002377, 0.002154, 0.002066, 0.002713, 0.002286, 0.002525, 0.001876, 0.001432, 0.001604, 0.001773, 0.002054, 0.002007, 0.002334, 0.002658, 0.002216, 0.002797, 0.002356, 0.003712, 0.002045, 0.002539, 0.001519, 0.00287, 0.002379, 0.002649, 0.003309, 0.001551, 0.00227, 0.002579, 0.002191, 0.001938, 0.002516, 0.00163, 0.00229, 0.001928, 0.001888, 0.002011, 0.00243, 0.001874, 0.003717, 0.002928, 0.001798, 0.002151, 0.001866, 0.002071, 0.001711, 0.001429, 0.001969, 0.001716, 0.001871, 0.001916, 0.001828, 0.001868, 0.00198, 0.001922, 0.001524, 0.002178, 0.002556, 0.002689, 0.001922, 0.002352, 0.002541, 0.001832, 0.001931, 0.002287, 0.001628, 0.00188, 0.001848, 0.001609, 0.002117, 0.001954, 0.001654, 0.002235, 0.001978, 0.002046, 0.002372, 0.002228, 0.002807, 0.003371, 0.003345, 0.001862, 0.001864, 0.003463, 0.003903, 0.004508, 0.002285, 0.002995, 0.002568, 0.003916, 0.005347, 0.001824, 0.001839, 0.001542, 0.002383, 0.001896, 0.001943, 0.002298, 0.0021, 0.002763, 0.001972, 0.002561, 0.003845, 0.004337, 0.003767, 0.004387, 0.003792, 0.003272, 0.002101, 0.003196, 0.003505, 0.00339], "segments": [], "threshold": 0.02, "stats": {"min": 0.0, "max": 0.005347, "mean": 0.002267}}