{"num_points": 94, "num_frames": 152, "magnitudes_raw": [0.0, 0.003239, 0.00284, 0.002664, 0.002966, 0.002673, 0.002727, 0.002388, 0.002483, 0.0034, 0.00308, 0.003935, 0.004045, 0.007097, 0.010339, 0.009823, 0.006893, 0.007375, 0.007373, 0.006575, 0.008357, 0.009379, 0.009358, 0.008529, 0.006089, 0.005827, 0.005587, 0.005803, 0.004908, 0.003072, 0.002875, 0.002405, 0.002993, 0.002355, 0.002023, 0.002843, 0.002766, 0.00262, 0.001986, 0.001953, 0.002689, 0.002112, 0.002363, 0.002991, 0.002476, 0.002776, 0.002605, 0.003113, 0.002941, 0.003772, 0.003771, 0.004902, 0.004689, 0.002941, 0.002425, 0.002953, 0.002965, 0.002116, 0.002137, 0.001946, 0.002016, 0.002406, 0.001961, 0.002617, 0.002781, 0.002616, 0.002091, 0.003298, 0.004442, 0.005714, 0.006539, 0.002403, 0.002179, 0.00206, 0.002452, 0.002391, 0.001563, 0.001887, 0.0024, 0.002037, 0.002191, 0.001602, 0.001879, 0.00192, 0.002486, 0.00257, 0.001863, 0.001706, 0.002313, 0.001996, 0.002799, 0.002348, 0.002221, 0.002056, 0.001969, 0.002153, 0.002632, 0.002562, 0.002191, 0.002114, 0.001989, 0.001998, 0.001915, 0.001879, 0.001966, 0.002803, 0.002163, 0.001936, 0.0018, 0.002638, 0.002893, 0.002388, 0.002128, 0.002328, 0.002652, 0.002224, 0.002565, 0.002892, 0.002512, 0.002988, 0.001785, 0.001986, 0.002255, 0.002127, 0.001987, 0.002202, 0.001811, 0.003015, 0.002167, 0.002632, 0.002883, 0.002274, 0.003558, 0.004497, 0.004745, 0.012962, 0.01674, 0.032776, 0.038914, 0.030222, 0.018231, 0.01687, 0.041235, 0.040365, 0.017404, 0.020048, 0.020426, 0.014212, 0.013982, 0.067561, 0.03407, 0.011433], "segments": [{"start": 137, "end": 150, "num_frames": 14, "peak": 0.06756113549164079, "avg": 0.029022457298170563}], "threshold": 0.02, "stats": {"min": 0.0, "max": 0.067561, "mean": 0.005762}}