{"num_points": 95, "num_frames": 45, "magnitudes_raw": [0.0, 0.001615, 0.001728, 0.001959, 0.002324, 0.002589, 0.002106, 0.003154, 0.002514, 0.003306, 0.010362, 0.014955, 0.015277, 0.024152, 0.034357, 0.024488, 0.027591, 0.017274, 0.012362, 0.013679, 0.038784, 0.008073, 0.00458, 0.002295, 0.004535, 0.003562, 0.004233, 0.0033, 0.004636, 0.005445, 0.002607, 0.002648, 0.002456, 0.003414, 0.002287, 0.002026, 0.002394, 0.003357, 0.002734, 0.003025, 0.002973, 0.002931, 0.003105, 0.004148, 0.003156], "segments": [{"start": 13, "end": 20, "num_frames": 8, "peak": 0.03878372435733257, "avg": 0.024085726421979967}], "threshold": 0.02, "stats": {"min": 0.0, "max": 0.038784, "mean": 0.007522}}