{"num_points": 95, "num_frames": 152, "magnitudes_raw": [0.0, 0.00182, 0.001785, 0.001749, 0.00171, 0.001925, 0.002081, 0.001869, 0.001738, 0.002037, 0.002034, 0.00187, 0.001945, 0.002402, 0.002373, 0.002532, 0.002567, 0.002227, 0.001962, 0.001785, 0.001945, 0.002135, 0.00184, 0.001525, 0.002108, 0.00265, 0.002376, 0.002916, 0.002551, 0.002596, 0.00235, 0.002567, 0.002659, 0.002947, 0.003495, 0.002911, 0.003045, 0.003437, 0.001847, 0.004574, 0.013746, 0.004977, 0.002998, 0.001775, 0.002079, 0.003201, 0.003232, 0.003142, 0.002396, 0.002942, 0.002722, 0.002754, 0.002182, 0.003053, 0.001946, 0.006067, 0.005301, 0.002359, 0.008467, 0.002258, 0.003143, 0.004058, 0.002481, 0.003075, 0.001893, 0.003566, 0.001474, 0.001941, 0.002452, 0.001859, 0.002197, 0.003726, 0.00213, 0.002167, 0.004019, 0.002803, 0.003821, 0.001861, 0.002511, 0.002488, 0.002549, 0.002235, 0.002101, 0.003432, 0.002633, 0.002685, 0.00185, 0.001913, 0.002326, 0.001996, 0.002867, 0.005683, 0.003246, 0.002596, 0.002574, 0.003812, 0.002237, 0.003443, 0.002495, 0.003316, 0.002464, 0.002319, 0.003236, 0.002323, 0.005316, 0.003432, 0.004305, 0.002994, 0.002427, 0.003486, 0.00304, 0.002511, 0.002808, 0.003429, 0.002157, 0.003563, 0.003335, 0.003495, 0.002004, 0.00296, 0.002227, 0.002365, 0.002285, 0.00242, 0.002814, 0.002217, 0.002483, 0.0018, 0.001949, 0.002274, 0.002102, 0.00223, 0.002897, 0.002512, 0.002022, 0.002311, 0.002247, 0.002575, 0.001828, 0.002526, 0.002578, 0.002535, 0.00223, 0.001995, 0.002931, 0.002525, 0.002496, 0.003888, 0.002204, 0.002433, 0.00246, 0.001511], "segments": [], "threshold": 0.02, "stats": {"min": 0.0, "max": 0.013746, "mean": 0.002734}}