{"num_points": 97, "num_frames": 62, "magnitudes_raw": [0.0, 0.002675, 0.002203, 0.003027, 0.002946, 0.002428, 0.002697, 0.002227, 0.002024, 0.00236, 0.003168, 0.00227, 0.002919, 0.00302, 0.003597, 0.010366, 0.005547, 0.003094, 0.003096, 0.003488, 0.003685, 0.002795, 0.003447, 0.003261, 0.002319, 0.002471, 0.00415, 0.004038, 0.007905, 0.009685, 0.015232, 0.015083, 0.027857, 0.046645, 0.047664, 0.054538, 0.044134, 0.056244, 0.024855, 0.034494, 0.013427, 0.015695, 0.01761, 0.014864, 0.055054, 0.017933, 0.007361, 0.017988, 0.026146, 0.007974, 0.004583, 0.020857, 0.03309, 0.065052, 0.027351, 0.058385, 0.090072, 0.044766, 0.006195, 0.006109, 0.006142, 0.003298], "segments": [{"start": 32, "end": 57, "num_frames": 26, "peak": 0.09007219326740075, "avg": 0.03363993824642779}], "threshold": 0.02, "stats": {"min": 0.0, "max": 0.090072, "mean": 0.016671}}