{"num_points": 97, "num_frames": 71, "magnitudes_raw": [0.0, 0.001368, 0.001737, 0.004409, 0.004505, 0.003354, 0.001781, 0.009894, 0.004073, 0.004454, 0.002571, 0.002964, 0.002103, 0.002455, 0.003171, 0.001762, 0.002643, 0.002441, 0.002704, 0.003878, 0.007173, 0.00973, 0.007292, 0.002399, 0.002246, 0.002783, 0.003667, 0.004526, 0.003831, 0.002889, 0.002107, 0.003604, 0.003336, 0.004084, 0.005561, 0.00843, 0.00569, 0.009157, 0.002364, 0.002997, 0.00512, 0.009181, 0.002332, 0.002985, 0.00445, 0.005468, 0.004128, 0.005665, 0.004243, 0.006716, 0.008753, 0.002371, 0.005416, 0.00579, 0.002145, 0.002833, 0.004117, 0.010949, 0.00518, 0.007144, 0.012578, 0.02009, 0.028751, 0.039378, 0.014931, 0.147602, 0.111185, 0.006379, 0.006411, 0.002343, 0.004541], "segments": [], "threshold": 0.02, "stats": {"min": 0.0, "max": 0.147602, "mean": 0.00923}}