{"num_points": 150, "num_frames": 54, "magnitudes_raw": [0.0, 0.001595, 0.002007, 0.001893, 0.002614, 0.002384, 0.002545, 0.003208, 0.002639, 0.002536, 0.002653, 0.002756, 0.002547, 0.00203, 0.002193, 0.002273, 0.001864, 0.002259, 0.001974, 0.002692, 0.003366, 0.002163, 0.003157, 0.002405, 0.002709, 0.001798, 0.005002, 0.002838, 0.003004, 0.003737, 0.016063, 0.015094, 0.009688, 0.021116, 0.048447, 0.050491, 0.043455, 0.020012, 0.0164, 0.036273, 0.012374, 0.014045, 0.007325, 0.005329, 0.005541, 0.005748, 0.011233, 0.02491, 0.031606, 0.015356, 0.010669, 0.010817, 0.0, 0.0], "segments": [], "threshold": 0.02, "stats": {"min": 0.0, "max": 0.050491, "mean": 0.009386}}