{"num_points": 98, "num_frames": 152, "magnitudes_raw": [0.0, 0.002425, 0.002195, 0.00237, 0.003055, 0.003204, 0.002938, 0.002838, 0.002705, 0.001801, 0.002497, 0.003585, 0.003796, 0.003709, 0.00381, 0.002771, 0.003532, 0.00328, 0.003095, 0.003567, 0.003282, 0.002369, 0.004198, 0.007573, 0.006734, 0.006854, 0.002703, 0.0025, 0.002243, 0.00246, 0.002385, 0.003477, 0.004195, 0.004397, 0.004295, 0.002936, 0.002759, 0.002975, 0.00346, 0.004893, 0.005859, 0.003743, 0.002156, 0.003845, 0.003841, 0.005795, 0.004085, 0.00343, 0.003601, 0.00348, 0.003606, 0.003367, 0.00289, 0.003033, 0.003727, 0.003138, 0.002395, 0.002407, 0.004597, 0.004669, 0.005725, 0.005099, 0.002678, 0.003101, 0.002975, 0.004859, 0.008909, 0.008819, 0.013786, 0.012221, 0.008766, 0.006229, 0.011516, 0.020001, 0.025315, 0.030469, 0.032061, 0.031734, 0.028208, 0.025134, 0.021065, 0.012648, 0.011081, 0.008699, 0.015642, 0.009093, 0.007367, 0.006721, 0.006633, 0.005335, 0.004567, 0.003257, 0.00406, 0.003003, 0.004365, 0.002536, 0.00486, 0.004027, 0.003544, 0.008417, 0.007137, 0.00647, 0.010464, 0.028128, 0.076404, 0.061019, 0.077966, 0.088002, 0.029247, 0.022916, 0.007256, 0.005058, 0.002844, 0.003374, 0.003737, 0.002877, 0.002338, 0.002229, 0.003848, 0.004264, 0.004165, 0.004529, 0.007686, 0.004446, 0.002645, 0.002973, 0.005026, 0.005503, 0.004986, 0.013289, 0.019873, 0.01788, 0.024353, 0.0353, 0.040303, 0.035706, 0.030958, 0.024838, 0.018174, 0.011813, 0.011925, 0.010054, 0.010319, 0.0086, 0.00709, 0.00688, 0.008013, 0.00466, 0.006331, 0.003472, 0.004825, 0.01006], "segments": [{"start": 73, "end": 80, "num_frames": 8, "peak": 0.03206076434379443, "avg": 0.026748387581730478}], "threshold": 0.02, "stats": {"min": 0.0, "max": 0.088002, "mean": 0.009831}}