{"num_points": 98, "num_frames": 152, "magnitudes_raw": [0.0, 0.004612, 0.002952, 0.002786, 0.004503, 0.005175, 0.006375, 0.004997, 0.004727, 0.004268, 0.004152, 0.002696, 0.002094, 0.003259, 0.002846, 0.006715, 0.006319, 0.012744, 0.006064, 0.003127, 0.003261, 0.006258, 0.002395, 0.002444, 0.0019, 0.001173, 0.003432, 0.001454, 0.001438, 0.004571, 0.002509, 0.004928, 0.00192, 0.002232, 0.001976, 0.001725, 0.002023, 0.002842, 0.009003, 0.019244, 0.018902, 0.014614, 0.006011, 0.004362, 0.00674, 0.004667, 0.008869, 0.005013, 0.001909, 0.002501, 0.001835, 0.001938, 0.001932, 0.004258, 0.006103, 0.009315, 0.005435, 0.00281, 0.006101, 0.007932, 0.005508, 0.002336, 0.002771, 0.003546, 0.006622, 0.005977, 0.005515, 0.002916, 0.004449, 0.003941, 0.010192, 0.003195, 0.003094, 0.003382, 0.002661, 0.002658, 0.003661, 0.003848, 0.004162, 0.002428, 0.002796, 0.002381, 0.003102, 0.005013, 0.003654, 0.004862, 0.003552, 0.005351, 0.003821, 0.003524, 0.004319, 0.002882, 0.002623, 0.003841, 0.004884, 0.002686, 0.002277, 0.003685, 0.003541, 0.004491, 0.003343, 0.002384, 0.004865, 0.004163, 0.008995, 0.006327, 0.004293, 0.00319, 0.003348, 0.004749, 0.003287, 0.010917, 0.004532, 0.013147, 0.008366, 0.005234, 0.00578, 0.002917, 0.006052, 0.001644, 0.001896, 0.002196, 0.002814, 0.004029, 0.002923, 0.004157, 0.005764, 0.002289, 0.005289, 0.003839, 0.003086, 0.006045, 0.00656, 0.00351, 0.008038, 0.003084, 0.001753, 0.005395, 0.003987, 0.003538, 0.010316, 0.007144, 0.008191, 0.00501, 0.003461, 0.005036, 0.004301, 0.002666, 0.004916, 0.006572, 0.003292, 0.002936], "segments": [], "threshold": 0.02, "stats": {"min": 0.0, "max": 0.019244, "mean": 0.00458}}