{"num_points": 100, "num_frames": 152, "magnitudes_raw": [0.0, 0.004783, 0.008792, 0.013697, 0.03837, 0.044862, 0.005907, 0.002235, 0.003133, 0.001995, 0.002128, 0.002105, 0.002197, 0.002824, 0.004417, 0.004755, 0.002901, 0.003448, 0.005346, 0.002685, 0.002279, 0.002307, 0.00206, 0.003747, 0.005482, 0.002254, 0.003887, 0.004899, 0.004211, 0.003514, 0.002494, 0.003985, 0.003167, 0.002261, 0.001978, 0.002264, 0.002475, 0.002671, 0.002209, 0.003507, 0.002925, 0.002607, 0.003831, 0.002871, 0.002792, 0.054116, 0.111158, 0.098053, 0.029653, 0.021975, 0.00847, 0.006513, 0.01875, 0.012391, 0.009103, 0.018475, 0.004499, 0.004899, 0.012466, 0.005222, 0.006861, 0.031985, 0.15566, 0.0, 0.0, 0.0, 0.0, 0.0, 0.0, 0.0, 0.0, 0.0, 0.0, 0.0, 0.0, 0.014142, 0.007681, 0.0, 0.0, 0.011576, 0.04997, 0.009893, 0.01251, 0.010722, 0.028995, 0.006932, 0.019782, 0.02276, 0.015166, 0.0349, 0.011372, 0.020831, 0.014447, 0.006264, 0.008934, 0.007476, 0.020159, 0.007882, 0.00926, 0.013921, 0.006301, 0.011268, 0.012689, 0.012328, 0.01882, 0.039159, 0.046254, 0.032772, 0.018111, 0.014629, 0.014967, 0.00728, 0.0, 0.017696, 0.012198, 0.012972, 0.024489, 0.016233, 0.021798, 0.015978, 0.010485, 0.010598, 0.00733, 0.008862, 0.014471, 0.018816, 0.02925, 0.022809, 0.012767, 0.013966, 0.009852, 0.015316, 0.024825, 0.010711, 0.016895, 0.01059, 0.03077, 0.023387, 0.033495, 0.018733, 0.018174, 0.010999, 0.006074, 0.005093, 0.005889, 0.004563, 0.008204, 0.008734, 0.020552, 0.018449, 0.017036, 0.018166], "segments": [{"start": 80, "end": 96, "num_frames": 17, "peak": 0.049969572539090644, "avg": 0.017712441518303684}, {"start": 126, "end": 138, "num_frames": 13, "peak": 0.03349531255805222, "avg": 0.019587231256447804}], "threshold": 0.02, "stats": {"min": 0.0, "max": 0.15566, "mean": 0.013493}}