{"num_points": 99, "num_frames": 23, "magnitudes_raw": [0.0, 0.022004, 0.01824, 0.013698, 0.016739, 0.012479, 0.012414, 0.005933, 0.006344, 0.012086, 0.012887, 0.025924, 0.045767, 0.056108, 0.054885, 0.036145, 0.031248, 0.02604, 0.021264, 0.016264, 0.009595, 0.008118, 0.015337], "segments": [{"start": 11, "end": 18, "num_frames": 8, "peak": 0.05610783138890322, "avg": 0.03717245295395813}], "threshold": 0.02, "stats": {"min": 0.0, "max": 0.056108, "mean": 0.020849}}