{"num_points": 88, "num_frames": 24, "magnitudes_raw": [0.0, 0.00162, 0.001657, 0.001935, 0.002529, 0.001882, 0.001892, 0.001705, 0.007439, 0.003054, 0.003975, 0.015817, 0.017207, 0.027147, 0.06702, 0.047933, 0.037961, 0.060484, 0.028021, 0.016061, 0.020869, 0.006873, 0.020392, 0.013179], "segments": [{"start": 13, "end": 22, "num_frames": 10, "peak": 0.06701951283616277, "avg": 0.03327619034711736}], "threshold": 0.02, "stats": {"min": 0.0, "max": 0.06702, "mean": 0.016944}}