{"num_points": 98, "num_frames": 192, "magnitudes_raw": [0.0, 0.004214, 0.003224, 0.002312, 0.004042, 0.002936, 0.004259, 0.024051, 0.011709, 0.004074, 0.003609, 0.002975, 0.006887, 0.003052, 0.007525, 0.008087, 0.022718, 0.02529, 0.013511, 0.021397, 0.02219, 0.017786, 0.005433, 0.003787, 0.002489, 0.004978, 0.008762, 0.012372, 0.021436, 0.017644, 0.003716, 0.00358, 0.003662, 0.003029, 0.004948, 0.003751, 0.005912, 0.002837, 0.003494, 0.003214, 0.001808, 0.001981, 0.002037, 0.002451, 0.002023, 0.00223, 0.003472, 0.002071, 0.002656, 0.002048, 0.002544, 0.002362, 0.002678, 0.002788, 0.004399, 0.004093, 0.003369, 0.00242, 0.002504, 0.003314, 0.003183, 0.002054, 0.003839, 0.004323, 0.089195, 0.018408, 0.006654, 0.004463, 0.006975, 0.007938, 0.008704, 0.003661, 0.005139, 0.007126, 0.023165, 0.006083, 0.055476, 0.012024, 0.007543, 0.00382, 0.012789, 0.010605, 0.00413, 0.002206, 0.004235, 0.003003, 0.003538, 0.002581, 0.001944, 0.002214, 0.004915, 0.003041, 0.00299, 0.002912, 0.004833, 0.003962, 0.009864, 0.004195, 0.00274, 0.002693, 0.002689, 0.002804, 0.003925, 0.00387, 0.002425, 0.002715, 0.00295, 0.003986, 0.002695, 0.002421, 0.0027, 0.005441, 0.002802, 0.002293, 0.001804, 0.002273, 0.001656, 0.001887, 0.002482, 0.002513, 0.002545, 0.005852, 0.00183, 0.003565, 0.004913, 0.003671, 0.003086, 0.004245, 0.005373, 0.006437, 0.005663, 0.002582, 0.002834, 0.006604, 0.007843, 0.011986, 0.008242, 0.002689, 0.003552, 0.002289, 0.00313, 0.003638, 0.003316, 0.002218, 0.002673, 0.002439, 0.001652, 0.001633, 0.001692, 0.002793, 0.004238, 0.003412, 0.003237, 0.003741, 0.002117, 0.001957, 0.004639, 0.006457, 0.021838, 0.01474, 0.005345, 0.005527, 0.00829, 0.003615, 0.008467, 0.005134, 0.007316, 0.005525, 0.004569, 0.006705, 0.003878, 0.00392, 0.014224, 0.00317, 0.009342, 0.00739, 0.00386, 0.00846, 0.007506, 0.004456, 0.005622, 0.004072, 0.007635, 0.004988, 0.003487, 0.004043, 0.005883, 0.012682, 0.014619, 0.003189, 0.002327, 0.003845], "segments": [], "threshold": 0.02, "stats": {"min": 0.0, "max": 0.089195, "mean": 0.00623}}