{"num_points": 92, "num_frames": 25, "magnitudes_raw": [0.0, 0.001871, 0.003009, 0.003712, 0.004709, 0.004089, 0.004679, 0.008413, 0.002798, 0.003113, 0.004732, 0.003242, 0.002269, 0.003527, 0.002737, 0.00231, 0.002862, 0.008474, 0.022339, 0.020705, 0.011323, 0.013213, 0.014443, 0.009104, 0.008878], "segments": [], "threshold": 0.02, "stats": {"min": 0.0, "max": 0.022339, "mean": 0.006662}}