{"num_points": 100, "num_frames": 347, "magnitudes_raw": [0.0, 0.003635, 0.003549, 0.004887, 0.004702, 0.010488, 0.010134, 0.013318, 0.008914, 0.005089, 0.009757, 0.01091, 0.00464, 0.003562, 0.003724, 0.003653, 0.003604, 0.003087, 0.002216, 0.002771, 0.002942, 0.002871, 0.004579, 0.003224, 0.004658, 0.008346, 0.012564, 0.007117, 0.013049, 0.008407, 0.004456, 0.003977, 0.004052, 0.005308, 0.005257, 0.003455, 0.003589, 0.00388, 0.003097, 0.003227, 0.004441, 0.003143, 0.007528, 0.007467, 0.013101, 0.007472, 0.010088, 0.008945, 0.008323, 0.012252, 0.010138, 0.0081, 0.011376, 0.012077, 0.010673, 0.004954, 0.005105, 0.005649, 0.002991, 0.003755, 0.003548, 0.003237, 0.004712, 0.004166, 0.007052, 0.006468, 0.006214, 0.009685, 0.00845, 0.008673, 0.00948, 0.0088, 0.007342, 0.011868, 0.010715, 0.00587, 0.004313, 0.006502, 0.003326, 0.00463, 0.00413, 0.003374, 0.003276, 0.002814, 0.003082, 0.002882, 0.00294, 0.002317, 0.003087, 0.002374, 0.00496, 0.003443, 0.002626, 0.005229, 0.005233, 0.006822, 0.006505, 0.008957, 0.005529, 0.005898, 0.006022, 0.005169, 0.003945, 0.003916, 0.003846, 0.005396, 0.004853, 0.003394, 0.004124, 0.00833, 0.006387, 0.006895, 0.008428, 0.007984, 0.004493, 0.0076, 0.003185, 0.003251, 0.004421, 0.00538, 0.00453, 0.003838, 0.003292, 0.003848, 0.005904, 0.007624, 0.008732, 0.007156, 0.004797, 0.010971, 0.011035, 0.005481, 0.009893, 0.005099, 0.00388, 0.005434, 0.005241, 0.004807, 0.007834, 0.0045, 0.005608, 0.00458, 0.002371, 0.003508, 0.002367, 0.003662, 0.003826, 0.002619, 0.003794, 0.002959, 0.003115, 0.003303, 0.002942, 0.005058, 0.007437, 0.008596, 0.007024, 0.003539, 0.004839, 0.003337, 0.010207, 0.010039, 0.009331, 0.004491, 0.003623, 0.002565, 0.002516, 0.003395, 0.002959, 0.002838, 0.00218, 0.002777, 0.002356, 0.002243, 0.002198, 0.003778, 0.002631, 0.002775, 0.004514, 0.002698, 0.002677, 0.003668, 0.003034, 0.003004, 0.002886, 0.003724, 0.003659, 0.003793, 0.003409, 0.003924, 0.004636, 0.003843, 0.003399, 0.003084, 0.002693, 0.002554, 0.003232, 0.002345, 0.00243, 0.003398, 0.002821, 0.00403, 0.002835, 0.003407, 0.0047, 0.003798, 0.005121, 0.003637, 0.007678, 0.004718, 0.003661, 0.003791, 0.003598, 0.002824, 0.002113, 0.003188, 0.003519, 0.0036, 0.003615, 0.00325, 0.004042, 0.008493, 0.008581, 0.004438, 0.005338, 0.006797, 0.005003, 0.005991, 0.01168, 0.006838, 0.017376, 0.012559, 0.01568, 0.010027, 0.005317, 0.008032, 0.002799, 0.002811, 0.004962, 0.005496, 0.003287, 0.002543, 0.002533, 0.0025, 0.002745, 0.007441, 0.003524, 0.008016, 0.012944, 0.015953, 0.012286, 0.010383, 0.003843, 0.003815, 0.002892, 0.005489, 0.002815, 0.003492, 0.002997, 0.002988, 0.00313, 0.001925, 0.00296, 0.004098, 0.003423, 0.003582, 0.005046, 0.005331, 0.003635, 0.005118, 0.004592, 0.003649, 0.003035, 0.003345, 0.003819, 0.004048, 0.004871, 0.007327, 0.003814, 0.005396, 0.006137, 0.0037, 0.00357, 0.005219, 0.00375, 0.003507, 0.002752, 0.003176, 0.003446, 0.004079, 0.005147, 0.00294, 0.003622, 0.004271, 0.00432, 0.00401, 0.00349, 0.004048, 0.002822, 0.006984, 0.00452, 0.006203, 0.003378, 0.004865, 0.003186, 0.00288, 0.003229, 0.00273, 0.006241, 0.006289, 0.004911, 0.005397, 0.003856, 0.005051, 0.007129, 0.007849, 0.011479, 0.003689, 0.004032, 0.006236, 0.002794, 0.003643, 0.004198, 0.00318, 0.003249, 0.002466, 0.002276, 0.002707, 0.004169, 0.002383, 0.00499, 0.002135, 0.002035, 0.007368, 0.008239, 0.008735, 0.011766, 0.010431, 0.016377, 0.018484, 0.013123, 0.009658, 0.00543, 0.004412, 0.004433, 0.004234, 0.003401], "segments": [], "threshold": 0.02, "stats": {"min": 0.0, "max": 0.018484, "mean": 0.005282}}