{"num_points": 89, "num_frames": 203, "magnitudes_raw": [0.0, 0.002369, 0.002077, 0.001332, 0.0029, 0.004729, 0.002713, 0.004639, 0.002732, 0.005126, 0.004323, 0.004378, 0.008139, 0.006455, 0.003708, 0.006577, 0.003928, 0.004876, 0.003339, 0.003388, 0.007382, 0.00914, 0.009664, 0.010062, 0.007247, 0.005931, 0.003989, 0.004591, 0.003459, 0.005434, 0.006162, 0.007238, 0.005318, 0.003932, 0.004102, 0.004809, 0.005405, 0.004501, 0.013406, 0.015411, 0.028343, 0.015989, 0.013898, 0.013857, 0.01463, 0.01169, 0.010378, 0.02879, 0.019052, 0.004159, 0.021724, 0.013512, 0.016603, 0.010267, 0.012406, 0.009238, 0.004505, 0.004646, 0.007047, 0.024022, 0.022067, 0.036109, 0.015094, 0.013447, 0.006239, 0.005295, 0.007705, 0.002365, 0.00304, 0.007746, 0.006325, 0.006388, 0.00486, 0.005925, 0.004345, 0.003586, 0.003141, 0.00374, 0.004102, 0.004664, 0.006861, 0.003588, 0.0055, 0.008129, 0.002737, 0.0041, 0.005445, 0.003153, 0.008801, 0.00305, 0.003698, 0.003404, 0.003337, 0.003876, 0.004851, 0.006784, 0.004545, 0.007405, 0.004528, 0.004841, 0.007937, 0.006207, 0.013049, 0.052755, 0.011759, 0.02887, 0.008839, 0.013287, 0.009609, 0.010073, 0.006754, 0.006883, 0.019062, 0.008967, 0.01126, 0.009513, 0.012347, 0.006814, 0.005322, 0.014165, 0.011096, 0.007596, 0.006821, 0.010409, 0.007854, 0.009257, 0.008828, 0.010432, 0.008271, 0.022288, 0.025234, 0.015483, 0.022263, 0.017052, 0.011288, 0.022082, 0.007906, 0.038732, 0.038447, 0.045465, 0.058538, 0.05289, 0.008657, 0.016134, 0.018746, 0.058161, 0.016645, 0.044771, 0.020511, 0.028584, 0.023501, 0.025177, 0.021447, 0.033344, 0.132051, 0.099207, 0.018549, 0.040362, 0.012789, 0.031055, 0.026556, 0.026841, 0.008164, 0.043747, 0.011444, 0.022718, 0.021097, 0.047707, 0.026244, 0.074172, 0.066037, 0.040377, 0.019311, 0.016973, 0.011665, 0.021862, 0.020174, 0.018257, 0.021471, 0.035634, 0.021374, 0.031876, 0.029713, 0.024697, 0.021608, 0.046115, 0.016693, 0.012105, 0.006008, 0.00817, 0.005533, 0.005168, 0.00663, 0.004611, 0.005709, 0.004999, 0.006821, 0.004637, 0.003506, 0.003177, 0.003353, 0.003597, 0.003224], "segments": [{"start": 129, "end": 185, "num_frames": 57, "peak": 0.13205120478977858, "avg": 0.03128416369582934}], "threshold": 0.02, "stats": {"min": 0.0, "max": 0.132051, "mean": 0.014757}}