{"num_points": 87, "num_frames": 1660, "magnitudes_raw": [0.0, 0.001637, 0.00193, 0.001684, 0.001611, 0.00215, 0.00209, 0.00227, 0.001732, 0.002642, 0.002667, 0.002388, 0.00441, 0.002363, 0.00629, 0.001931, 0.001728, 0.00245, 0.002058, 0.002496, 0.002445, 0.002157, 0.002817, 0.002487, 0.002206, 0.002056, 0.002057, 0.002451, 0.002642, 0.003369, 0.002578, 0.004281, 0.005853, 0.004396, 0.005016, 0.004899, 0.00327, 0.004141, 0.004649, 0.014137, 0.012522, 0.004786, 0.00558, 0.004386, 0.004051, 0.0057, 0.004578, 0.005949, 0.005392, 0.003939, 0.002743, 0.008037, 0.00818, 0.011694, 0.01007, 0.003534, 0.003913, 0.003021, 0.003253, 0.002503, 0.003183, 0.003501, 0.003845, 0.005409, 0.004527, 0.006002, 0.009962, 0.003599, 0.003992, 0.003044, 0.002147, 0.003198, 0.004159, 0.004533, 0.003883, 0.002974, 0.003651, 0.003654, 0.002987, 0.003076, 0.003552, 0.002938, 0.002405, 0.002865, 0.001954, 0.002555, 0.002591, 0.004766, 0.012764, 0.007379, 0.00501, 0.006842, 0.005529, 0.005367, 0.003668, 0.00262, 0.004711, 0.005191, 0.003852, 0.00328, 0.002937, 0.002291, 0.002346, 0.002814, 0.003111, 0.002298, 0.001787, 0.00205, 0.002546, 0.002703, 0.002492, 0.002018, 0.003533, 0.002706, 0.002635, 0.002734, 0.003548, 0.003153, 0.003123, 0.00272, 0.003361, 0.002989, 0.002588, 0.00485, 0.003771, 0.003861, 0.004962, 0.007477, 0.016993, 0.006923, 0.012421, 0.025675, 0.015355, 0.015453, 0.01307, 0.014787, 0.029921, 0.027261, 0.013951, 0.010854, 0.009158, 0.008619, 0.006946, 0.005512, 0.005135, 0.005058, 0.004341, 0.005301, 0.005097, 0.002991, 0.007247, 0.011334, 0.006704, 0.004265, 0.003056, 0.006405, 0.003868, 0.006956, 0.020693, 0.023158, 0.040664, 0.026536, 0.011361, 0.006333, 0.009662, 0.010278, 0.004026, 0.0092, 0.011397, 0.013676, 0.010522, 0.014373, 0.010749, 0.010554, 0.004328, 0.006437, 0.008227, 0.008416, 0.006195, 0.006911, 0.003831, 0.00334, 0.00394, 0.003633, 0.008152, 0.006505, 0.005397, 0.00331, 0.003317, 0.004634, 0.002781, 0.003974, 0.00817, 0.003926, 0.003731, 0.003229, 0.004801, 0.003293, 0.004284, 0.006134, 0.004321, 0.004361, 0.004446, 0.005231, 0.00435, 0.005926, 0.005324, 0.004678, 0.002503, 0.003101, 0.002875, 0.002755, 0.003211, 0.002286, 0.002829, 0.002264, 0.002291, 0.002239, 0.002313, 0.002903, 0.00287, 0.002697, 0.00251, 0.002942, 0.003089, 0.003004, 0.003554, 0.003725, 0.003123, 0.004716, 0.003657, 0.00585, 0.00833, 0.005863, 0.009394, 0.047407, 0.07189, 0.029015, 0.010635, 0.017924, 0.013057, 0.005346, 0.011576, 0.008457, 0.006198, 0.005154, 0.005481, 0.006038, 0.005994, 0.005079, 0.003997, 0.003159, 0.002996, 0.002913, 0.002523, 0.003082, 0.003384, 0.003851, 0.00361, 0.00259, 0.004144, 0.004373, 0.004181, 0.004841, 0.004458, 0.00777, 0.010735, 0.016611, 0.041388, 0.025708, 0.028521, 0.008474, 0.005009, 0.007026, 0.005919, 0.003948, 0.002973, 0.003947, 0.003899, 0.004073, 0.003674, 0.00527, 0.00558, 0.004107, 0.008188, 0.00528, 0.004074, 0.003741, 0.006903, 0.004496, 0.005611, 0.008975, 0.003007, 0.004851, 0.004716, 0.005402, 0.003975, 0.003926, 0.003479, 0.002551, 0.002367, 0.00311, 0.00292, 0.003367, 0.005806, 0.005911, 0.005323, 0.006536, 0.004325, 0.004839, 0.003835, 0.003437, 0.003381, 0.002296, 0.002515, 0.002871, 0.004599, 0.005033, 0.002153, 0.003614, 0.004984, 0.007347, 0.009671, 0.011806, 0.009177, 0.005589, 0.003916, 0.005056, 0.003862, 0.002759, 0.003579, 0.003951, 0.002685, 0.002362, 0.00253, 0.00203, 0.004545, 0.004213, 0.009086, 0.010645, 0.011111, 0.010112, 0.016384, 0.008184, 0.006629, 0.012798, 0.014837, 0.013628, 0.022746, 0.012142, 0.006359, 0.007947, 0.003283, 0.003706, 0.006664, 0.004066, 0.004135, 0.00348, 0.003981, 0.004603, 0.003016, 0.002742, 0.003194, 0.003149, 0.002306, 0.003503, 0.005173, 0.008069, 0.009949, 0.010464, 0.016341, 0.022225, 0.014084, 0.005866, 0.006002, 0.007372, 0.008305, 0.00739, 0.007343, 0.003853, 0.005028, 0.004492, 0.006948, 0.006022, 0.007345, 0.005142, 0.005674, 0.004998, 0.006251, 0.004774, 0.005089, 0.005086, 0.010673, 0.005614, 0.0051, 0.00573, 0.004907, 0.007472, 0.005363, 0.006462, 0.00459, 0.005358, 0.0031, 0.003058, 0.002966, 0.002808, 0.003153, 0.004993, 0.003529, 0.003835, 0.008482, 0.009609, 0.013459, 0.007204, 0.00451, 0.003681, 0.007357, 0.003147, 0.003313, 0.003215, 0.003408, 0.00272, 0.002611, 0.002905, 0.00325, 0.003571, 0.003121, 0.002203, 0.003599, 0.002715, 0.002401, 0.002137, 0.003367, 0.001979, 0.003341, 0.002521, 0.002575, 0.003033, 0.003007, 0.003152, 0.003119, 0.002278, 0.002763, 0.002783, 0.004627, 0.002712, 0.002704, 0.003246, 0.005779, 0.003628, 0.003204, 0.005047, 0.003088, 0.00544, 0.0068, 0.007899, 0.005727, 0.018937, 0.0, 0.078222, 0.005979, 0.004546, 0.007275, 0.013614, 0.012305, 0.007944, 0.006805, 0.003951, 0.005747, 0.004472, 0.005429, 0.003099, 0.003975, 0.003454, 0.003709, 0.003035, 0.002326, 0.002527, 0.002368, 0.003919, 0.004513, 0.003022, 0.003702, 0.003718, 0.005093, 0.003433, 0.004472, 0.002543, 0.003237, 0.002786, 0.00389, 0.005871, 0.007528, 0.004884, 0.00355, 0.005486, 0.006678, 0.003364, 0.002408, 0.002671, 0.002334, 0.002173, 0.002374, 0.003206, 0.003225, 0.002234, 0.002885, 0.002694, 0.002868, 0.002922, 0.002424, 0.002511, 0.002867, 0.002745, 0.002866, 0.002334, 0.001852, 0.001973, 0.002704, 0.003505, 0.003628, 0.00343, 0.002957, 0.003287, 0.003411, 0.002642, 0.002414, 0.003494, 0.003958, 0.002571, 0.002102, 0.002197, 0.00229, 0.002765, 0.003867, 0.003573, 0.006373, 0.004612, 0.003791, 0.00488, 0.004353, 0.003863, 0.003487, 0.002557, 0.00384, 0.003078, 0.005595, 0.00985, 0.020021, 0.019439, 0.013419, 0.010462, 0.009722, 0.010601, 0.004357, 0.008452, 0.003657, 0.006554, 0.004612, 0.005093, 0.005395, 0.003124, 0.004595, 0.005325, 0.006591, 0.007292, 0.005492, 0.002318, 0.013288, 0.004741, 0.00465, 0.00534, 0.014011, 0.01255, 0.017945, 0.011776, 0.029438, 0.010538, 0.010563, 0.008029, 0.006246, 0.00506, 0.002875, 0.00245, 0.003529, 0.003301, 0.004436, 0.002615, 0.00403, 0.007465, 0.012939, 0.007258, 0.011485, 0.003548, 0.003874, 0.00457, 0.003977, 0.004707, 0.003265, 0.003061, 0.00536, 0.004514, 0.008118, 0.013913, 0.013863, 0.006107, 0.005805, 0.003667, 0.00424, 0.003605, 0.00203, 0.002754, 0.003844, 0.002574, 0.00247, 0.005024, 0.005589, 0.013295, 0.027656, 0.035214, 0.012135, 0.056182, 0.029313, 0.031928, 0.009823, 0.009267, 0.015153, 0.014177, 0.011871, 0.007274, 0.00981, 0.005954, 0.00782, 0.008238, 0.004885, 0.003605, 0.00463, 0.004616, 0.003637, 0.00295, 0.005559, 0.003182, 0.003017, 0.002699, 0.002828, 0.003844, 0.002411, 0.002577, 0.002816, 0.002432, 0.00491, 0.002439, 0.003023, 0.002545, 0.002865, 0.005674, 0.003081, 0.003819, 0.007933, 0.002495, 0.003705, 0.008165, 0.01243, 0.023477, 0.02439, 0.043128, 0.011805, 0.005684, 0.009991, 0.003249, 0.008658, 0.006674, 0.016715, 0.004181, 0.02413, 0.008941, 0.003787, 0.004086, 0.004018, 0.006006, 0.044205, 0.04105, 0.013494, 0.01277, 0.013947, 0.005521, 0.014452, 0.005752, 0.012635, 0.007418, 0.004308, 0.005271, 0.003362, 0.003335, 0.002219, 0.00281, 0.003083, 0.002177, 0.002699, 0.002027, 0.001984, 0.003476, 0.003095, 0.003117, 0.009221, 0.012312, 0.012141, 0.005968, 0.005678, 0.005525, 0.00432, 0.006471, 0.006084, 0.003691, 0.003575, 0.004934, 0.003437, 0.003286, 0.002587, 0.003882, 0.007942, 0.004207, 0.003632, 0.006102, 0.005692, 0.026916, 0.026019, 0.026702, 0.024676, 0.03209, 0.018827, 0.012201, 0.02015, 0.008754, 0.043261, 0.017881, 0.009848, 0.004765, 0.003502, 0.004719, 0.002605, 0.002079, 0.002248, 0.00279, 0.002462, 0.002215, 0.004464, 0.006187, 0.004313, 0.010732, 0.017358, 0.014361, 0.014145, 0.018633, 0.005703, 0.01055, 0.010364, 0.100202, 0.107754, 0.001414, 0.009165, 0.073783, 0.056551, 0.056648, 0.067417, 0.010512, 0.012031, 0.002527, 0.003124, 0.002762, 0.005549, 0.008106, 0.009338, 0.007762, 0.008452, 0.029139, 0.004975, 0.007621, 0.012459, 0.008334, 0.006761, 0.005655, 0.005689, 0.003899, 0.002938, 0.002762, 0.00257, 0.004467, 0.00556, 0.004835, 0.005276, 0.003001, 0.005112, 0.00302, 0.004473, 0.00247, 0.002446, 0.006029, 0.003029, 0.004392, 0.005645, 0.008756, 0.006943, 0.006062, 