{"num_points": 99, "num_frames": 171, "magnitudes_raw": [0.0, 0.001535, 0.001795, 0.001845, 0.002056, 0.001837, 0.001791, 0.002971, 0.003008, 0.001571, 0.002065, 0.001912, 0.002073, 0.001988, 0.002301, 0.002203, 0.002124, 0.002845, 0.002188, 0.002199, 0.002077, 0.001448, 0.001952, 0.001536, 0.00246, 0.002629, 0.002687, 0.002296, 0.002912, 0.002437, 0.0041, 0.005857, 0.012115, 0.002857, 0.003202, 0.003804, 0.002177, 0.002167, 0.001816, 0.00167, 0.002027, 0.001234, 0.002447, 0.001886, 0.002192, 0.001862, 0.001429, 0.003163, 0.00495, 0.003937, 0.006573, 0.003992, 0.006503, 0.004351, 0.003699, 0.003092, 0.004031, 0.003281, 0.004295, 0.003657, 0.003757, 0.003856, 0.004834, 0.00477, 0.004473, 0.003652, 0.002162, 0.003481, 0.007232, 0.005188, 0.002639, 0.003271, 0.003048, 0.004813, 0.003662, 0.004857, 0.001778, 0.002248, 0.002199, 0.002741, 0.002423, 0.004639, 0.002021, 0.00262, 0.003068, 0.002542, 0.003344, 0.00247, 0.002128, 0.003125, 0.002611, 0.002659, 0.002679, 0.001893, 0.002138, 0.00299, 0.002227, 0.003422, 0.00292, 0.002763, 0.002547, 0.002279, 0.002438, 0.002484, 0.002146, 0.00301, 0.002392, 0.002764, 0.003498, 0.002266, 0.002263, 0.003407, 0.002427, 0.002765, 0.002118, 0.002404, 0.003216, 0.003153, 0.002323, 0.002011, 0.002519, 0.002708, 0.002329, 0.00303, 0.004266, 0.003029, 0.004561, 0.004796, 0.003248, 0.00409, 0.002501, 0.002861, 0.002144, 0.002421, 0.002887, 0.005833, 0.006755, 0.006725, 0.004712, 0.003721, 0.024995, 0.023606, 0.012965, 0.073862, 0.005915, 0.003547, 0.014204, 0.010899, 0.017403, 0.007317, 0.00724, 0.017362, 0.00533, 0.004613, 0.00821, 0.010621, 0.016079, 0.03164, 0.047081, 0.043852, 0.045267, 0.040585, 0.038504, 0.033946, 0.027666, 0.010859, 0.002439, 0.003758, 0.006561, 0.009839, 0.012853], "segments": [{"start": 157, "end": 164, "num_frames": 8, "peak": 0.047080664329895765, "avg": 0.03856762719173463}], "threshold": 0.02, "stats": {"min": 0.0, "max": 0.073862, "mean": 0.00612}}