{"num_points": 90, "num_frames": 27, "magnitudes_raw": [0.0, 0.010535, 0.003731, 0.003129, 0.003345, 0.00453, 0.008681, 0.009399, 0.010029, 0.004894, 0.010286, 0.010235, 0.009055, 0.004669, 0.002946, 0.005782, 0.005367, 0.005848, 0.003723, 0.011177, 0.007397, 0.015247, 0.022078, 0.012014, 0.014649, 0.014362, 0.008242], "segments": [], "threshold": 0.02, "stats": {"min": 0.0, "max": 0.022078, "mean": 0.008198}}