{"num_points": 98, "num_frames": 152, "magnitudes_raw": [0.0, 0.005345, 0.004845, 0.004827, 0.00577, 0.016323, 0.015637, 0.007641, 0.00712, 0.004679, 0.005708, 0.009962, 0.009681, 0.009057, 0.005258, 0.010974, 0.020479, 0.017475, 0.011936, 0.006758, 0.003896, 0.00545, 0.014377, 0.022837, 0.014314, 0.005475, 0.007162, 0.014238, 0.016928, 0.016571, 0.015513, 0.005429, 0.016269, 0.018422, 0.015484, 0.022464, 0.006802, 0.012892, 0.010002, 0.019896, 0.016558, 0.007964, 0.017608, 0.011694, 0.012647, 0.011298, 0.007548, 0.006364, 0.019147, 0.025966, 0.006287, 0.01163, 0.015775, 0.017595, 0.012431, 0.007591, 0.008377, 0.010322, 0.005893, 0.004871, 0.005577, 0.008567, 0.009664, 0.006122, 0.005018, 0.008016, 0.006144, 0.004265, 0.003201, 0.005311, 0.004343, 0.00516, 0.004639, 0.004306, 0.004633, 0.003666, 0.006731, 0.004451, 0.00341, 0.00288, 0.003204, 0.00499, 0.002429, 0.002735, 0.002778, 0.004744, 0.005075, 0.008059, 0.009149, 0.006279, 0.006531, 0.010852, 0.018098, 0.010345, 0.010284, 0.009441, 0.012012, 0.015463, 0.0188, 0.020961, 0.006826, 0.011717, 0.014619, 0.013961, 0.010661, 0.007271, 0.005452, 0.008829, 0.015062, 0.010477, 0.011821, 0.008819, 0.006583, 0.008216, 0.018246, 0.011621, 0.008306, 0.01264, 0.014609, 0.007185, 0.005887, 0.010779, 0.016241, 0.016057, 0.011199, 0.006914, 0.011317, 0.011526, 0.015452, 0.017002, 0.016275, 0.005674, 0.009905, 0.014098, 0.015739, 0.017592, 0.018502, 0.02998, 0.064303, 0.075972, 0.08261, 0.094778, 0.082464, 0.048121, 0.040334, 0.038569, 0.03995, 0.026729, 0.022138, 0.020936, 0.022219, 0.030234], "segments": [{"start": 137, "end": 151, "num_frames": 15, "peak": 0.09477838554571126, "avg": 0.04795575430543715}], "threshold": 0.02, "stats": {"min": 0.0, "max": 0.094778, "mean": 0.013962}}