{"num_points": 96, "num_frames": 78, "magnitudes_raw": [0.0, 0.0016, 0.001937, 0.002117, 0.001744, 0.001361, 0.00155, 0.002135, 0.002419, 0.00202, 0.002984, 0.002683, 0.003447, 0.002769, 0.002308, 0.002521, 0.002822, 0.002238, 0.002727, 0.002722, 0.002272, 0.002117, 0.002811, 0.002138, 0.001877, 0.002562, 0.003105, 0.002279, 0.002295, 0.00244, 0.002584, 0.002344, 0.00227, 0.002227, 0.002102, 0.001868, 0.002526, 0.004221, 0.002921, 0.002978, 0.002894, 0.002293, 0.001991, 0.002255, 0.002446, 0.002232, 0.002163, 0.00216, 0.001589, 0.003279, 0.004516, 0.002402, 0.002055, 0.004368, 0.00256, 0.002712, 0.002449, 0.002256, 0.002421, 0.002055, 0.002611, 0.001866, 0.001907, 0.00288, 0.002233, 0.00236, 0.003902, 0.002273, 0.002238, 0.005239, 0.004823, 0.001915, 0.002653, 0.002848, 0.002648, 0.002261, 0.001988, 0.001766], "segments": [], "threshold": 0.02, "stats": {"min": 0.0, "max": 0.005239, "mean": 0.002481}}