{"num_points": 95, "num_frames": 152, "magnitudes_raw": [0.0, 0.015788, 0.029988, 0.054479, 0.055783, 0.138516, 0.042264, 0.01589, 0.034501, 0.095368, 0.053374, 0.066829, 0.008426, 0.015358, 0.039505, 0.031477, 0.046156, 0.08543, 0.080196, 0.043356, 0.010865, 0.012909, 0.009774, 0.008674, 0.008972, 0.006304, 0.010159, 0.004575, 0.005441, 0.004083, 0.003489, 0.007593, 0.002853, 0.005999, 0.003383, 0.002165, 0.003637, 0.004021, 0.003284, 0.003478, 0.006154, 0.004737, 0.005451, 0.023113, 0.05585, 0.058069, 0.054925, 0.062282, 0.063991, 0.054888, 0.016776, 0.038896, 0.082209, 0.041647, 0.023528, 0.082281, 0.085392, 0.051424, 0.023567, 0.083539, 0.069407, 0.086544, 0.019579, 0.037968, 0.086651, 0.046606, 0.08742, 0.00983, 0.0478, 0.051977, 0.093703, 0.028434, 0.010267, 0.036859, 0.080773, 0.06571, 0.037414, 0.014211, 0.052417, 0.058187, 0.08588, 0.011692, 0.06144, 0.059661, 0.093492, 0.026945, 0.016539, 0.069559, 0.043155, 0.070003, 0.021034, 0.018146, 0.039373, 0.039758, 0.058249, 0.025533, 0.005234, 0.014186, 0.054861, 0.041141, 0.048312, 0.053168, 0.104852, 0.072728, 0.032829, 0.016366, 0.012175, 0.003569, 0.005914, 0.002925, 0.002652, 0.002585, 0.003135, 0.002499, 0.003624, 0.003871, 0.003346, 0.003029, 0.004778, 0.002112, 0.006989, 0.003105, 0.003476, 0.003062, 0.003248, 0.003614, 0.003566, 0.003634, 0.005263, 0.006138, 0.007922, 0.013657, 0.020204, 0.055541, 0.108438, 0.037506, 0.015572, 0.009766, 0.037948, 0.073158, 0.05765, 0.0128, 0.016538, 0.05673, 0.077395, 0.037565, 0.014241, 0.023726, 0.059596, 0.0635, 0.041292, 0.006068], "segments": [{"start": 2, "end": 19, "num_frames": 18, "peak": 0.1385155425157175, "avg": 0.05204969818190368}, {"start": 43, "end": 104, "num_frames": 62, "peak": 0.10485186305622532, "avg": 0.04986938758615856}, {"start": 132, "end": 150, "num_frames": 19, "peak": 0.10843794831705567, "avg": 0.04311404074147807}], "threshold": 0.02, "stats": {"min": 0.0, "max": 0.138516, "mean": 0.033843}}