{"num_points": 96, "num_frames": 152, "magnitudes_raw": [0.0, 0.002646, 0.003038, 0.003064, 0.007996, 0.012091, 0.011043, 0.012481, 0.012571, 0.018286, 0.009525, 0.002666, 0.008037, 0.004954, 0.003846, 0.00368, 0.002121, 0.002004, 0.002155, 0.002011, 0.002092, 0.002214, 0.001673, 0.002113, 0.001731, 0.002145, 0.001923, 0.002234, 0.002192, 0.002458, 0.001812, 0.00176, 0.001832, 0.001627, 0.001575, 0.001955, 0.002041, 0.001901, 0.002202, 0.001968, 0.002209, 0.001791, 0.002161, 0.001694, 0.00191, 0.00193, 0.002121, 0.001723, 0.00219, 0.002057, 0.002008, 0.00205, 0.001882, 0.002724, 0.002377, 0.003087, 0.009381, 0.00559, 0.007175, 0.017656, 0.028157, 0.020553, 0.015359, 0.014253, 0.024477, 0.016255, 0.019277, 0.026234, 0.029845, 0.026679, 0.024239, 0.013071, 0.010751, 0.012483, 0.00877, 0.009311, 0.013663, 0.01677, 0.018774, 0.019842, 0.024809, 0.020936, 0.010716, 0.006448, 0.00727, 0.017799, 0.027629, 0.040349, 0.030592, 0.022142, 0.007814, 0.008851, 0.014497, 0.020311, 0.016698, 0.025027, 0.026636, 0.025539, 0.019751, 0.011687, 0.010945, 0.026834, 0.035756, 0.045142, 0.036272, 0.009895, 0.025287, 0.037166, 0.036372, 0.035119, 0.03563, 0.039378, 0.040434, 0.021788, 0.009491, 0.006193, 0.006262, 0.004654, 0.003656, 0.004135, 0.003542, 0.002479, 0.003315, 0.006201, 0.006202, 0.006865, 0.004562, 0.00893, 0.009327, 0.011753, 0.008584, 0.004046, 0.00386, 0.004465, 0.002955, 0.004697, 0.003164, 0.00598, 0.005801, 0.010604, 0.015869, 0.011377, 0.006831, 0.005401, 0.004387, 0.002628, 0.001688, 0.001683, 0.001492, 0.002329, 0.003029, 0.002023], "segments": [{"start": 60, "end": 70, "num_frames": 11, "peak": 0.029845125781220117, "avg": 0.02230261495596879}, {"start": 80, "end": 113, "num_frames": 34, "peak": 0.04514158162017622, "avg": 0.02416228431266765}], "threshold": 0.02, "stats": {"min": 0.0, "max": 0.045142, "mean": 0.010777}}