{"num_points": 92, "num_frames": 56, "magnitudes_raw": [0.0, 0.002237, 0.001847, 0.002124, 0.002192, 0.004665, 0.007949, 0.009898, 0.011853, 0.012384, 0.011092, 0.008597, 0.00569, 0.003801, 0.003429, 0.003163, 0.00317, 0.002993, 0.003884, 0.006702, 0.011088, 0.01225, 0.010116, 0.008788, 0.013339, 0.012387, 0.009994, 0.011316, 0.011335, 0.009202, 0.00823, 0.007413, 0.003381, 0.002386, 0.001963, 0.003214, 0.005953, 0.009597, 0.01153, 0.014329, 0.025485, 0.023036, 0.014321, 0.006876, 0.003267, 0.010056, 0.010962, 0.012616, 0.012111, 0.012115, 0.013958, 0.013769, 0.01517, 0.010783, 0.004598, 0.00432], "segments": [], "threshold": 0.02, "stats": {"min": 0.0, "max": 0.025485, "mean": 0.008552}}