{"num_points": 93, "num_frames": 44, "magnitudes_raw": [0.0, 0.003781, 0.002429, 0.003012, 0.002747, 0.002854, 0.002477, 0.002815, 0.002787, 0.002715, 0.002845, 0.002514, 0.00336, 0.004122, 0.002952, 0.003777, 0.007502, 0.001651, 0.004749, 0.00481, 0.006408, 0.019414, 0.013392, 0.020997, 0.021227, 0.039723, 0.053775, 0.041175, 0.043244, 0.054073, 0.049418, 0.030596, 0.012477, 0.007902, 0.065552, 0.003483, 0.011949, 0.04129, 0.011964, 0.017749, 0.011674, 0.013135, 0.006856, 0.002309], "segments": [{"start": 23, "end": 37, "num_frames": 15, "peak": 0.06555199755532176, "avg": 0.03312536688410993}], "threshold": 0.02, "stats": {"min": 0.0, "max": 0.065552, "mean": 0.015084}}