{"num_points": 96, "num_frames": 303, "magnitudes_raw": [0.0, 0.005067, 0.007658, 0.003277, 0.0061, 0.004784, 0.011344, 0.010184, 0.016376, 0.017581, 0.012523, 0.028842, 0.057733, 0.059158, 0.062804, 0.0998, 0.043729, 0.037682, 0.080494, 0.046456, 0.055356, 0.064616, 0.035756, 0.032711, 0.032896, 0.017746, 0.007485, 0.007426, 0.005765, 0.003293, 0.003918, 0.004826, 0.013001, 0.005561, 0.005412, 0.004639, 0.00527, 0.005141, 0.004689, 0.002966, 0.006688, 0.004806, 0.00359, 0.004109, 0.003562, 0.003595, 0.003343, 0.003956, 0.013975, 0.005166, 0.003776, 0.003993, 0.003944, 0.005157, 0.011003, 0.016693, 0.060875, 0.038025, 0.042964, 0.040652, 0.02496, 0.01969, 0.015393, 0.016798, 0.022354, 0.007587, 0.006876, 0.007454, 0.005834, 0.009314, 0.008978, 0.006992, 0.035798, 0.012102, 0.009796, 0.01156, 0.016729, 0.013014, 0.033945, 0.026264, 0.058445, 0.068329, 0.029203, 0.01486, 0.007874, 0.005492, 0.006098, 0.004747, 0.014187, 0.007549, 0.005842, 0.007221, 0.009485, 0.008346, 0.008569, 0.006737, 0.031128, 0.006458, 0.005872, 0.005586, 0.006031, 0.008126, 0.004518, 0.00648, 0.018241, 0.012973, 0.010497, 0.008378, 0.006582, 0.005549, 0.004933, 0.00494, 0.011179, 0.003679, 0.003978, 0.004585, 0.005401, 0.005383, 0.006779, 0.005095, 0.013891, 0.006452, 0.005996, 0.00406, 0.003648, 0.005354, 0.006567, 0.004555, 0.007823, 0.005835, 0.004054, 0.005305, 0.004734, 0.005053, 0.00669, 0.013243, 0.055216, 0.015807, 0.009974, 0.008318, 0.010555, 0.014793, 0.006414, 0.007282, 0.009994, 0.007472, 0.005443, 0.004692, 0.004467, 0.005965, 0.007682, 0.014332, 0.022588, 0.006848, 0.005096, 0.007945, 0.004659, 0.00595, 0.005117, 0.007821, 0.015613, 0.005645, 0.005166, 0.008124, 0.005306, 0.007029, 0.006103, 0.003654, 0.00817, 0.0059, 0.005224, 0.006903, 0.005763, 0.004294, 0.005488, 0.003855, 0.012392, 0.006512, 0.007545, 0.005818, 0.005023, 0.011238, 0.013732, 0.005504, 0.012521, 0.010105, 0.019952, 0.01024, 0.009723, 0.008918, 0.008087, 0.008301, 0.016398, 0.009609, 0.006108, 0.008271, 0.007847, 0.006049, 0.011665, 0.020685, 0.025242, 0.098927, 0.041576, 0.017001, 0.045246, 0.0648, 0.029299, 0.020533, 0.055602, 0.064974, 0.018835, 0.014763, 0.015142, 0.017091, 0.01669, 0.027906, 0.048619, 0.01896, 0.01782, 0.030269, 0.02861, 0.052067, 0.012895, 0.011774, 0.010882, 0.006542, 0.007104, 0.007539, 0.006267, 0.011368, 0.006825, 0.006141, 0.014983, 0.00674, 0.005127, 0.008806, 0.017203, 0.022005, 0.014598, 0.008384, 0.018466, 0.01053, 0.006772, 0.005303, 0.003995, 0.004228, 0.006017, 0.005223, 0.008386, 0.007828, 0.005957, 0.005671, 0.006104, 0.010517, 0.012209, 0.010619, 0.011924, 0.018078, 0.009823, 0.006945, 0.00916, 0.009147, 0.004748, 0.007334, 0.011893, 0.00743, 0.011723, 0.009396, 0.007744, 0.008325, 0.006132, 0.011536, 0.01065, 0.008042, 0.007772, 0.0076, 0.007777, 0.007304, 0.007638, 0.007884, 0.013308, 0.007912, 0.007183, 0.008294, 0.006284, 0.00715, 0.00581, 0.006889, 0.008801, 0.009746, 0.00917, 0.006339, 0.004502, 0.006364, 0.006237, 0.007361, 0.00633, 0.004331, 0.008652, 0.019508, 0.032506, 0.026335, 0.025733], "segments": [{"start": 11, "end": 24, "num_frames": 14, "peak": 0.09979982215357644, "avg": 0.05271663775591855}, {"start": 56, "end": 64, "num_frames": 9, "peak": 0.060874688139253154, "avg": 0.03130116857073857}, {"start": 199, "end": 209, "num_frames": 11, "peak": 0.09892706882296422, "avg": 0.04398947071968527}], "threshold": 0.02, "stats": {"min": 0.0, "max": 0.0998, "mean": 0.013936}}