{"num_points": 94, "num_frames": 29, "magnitudes_raw": [0.0, 0.002383, 0.00243, 0.002635, 0.003287, 0.004706, 0.002734, 0.002556, 0.002538, 0.002127, 0.0034, 0.002869, 0.002731, 0.003022, 0.002982, 0.003131, 0.002434, 0.002812, 0.001798, 0.002876, 0.00258, 0.002548, 0.003294, 0.002381, 0.002701, 0.004047, 0.005917, 0.00537, 0.005585], "segments": [], "threshold": 0.02, "stats": {"min": 0.0, "max": 0.005917, "mean": 0.00303}}