{"num_points": 96, "num_frames": 625, "magnitudes_raw": [0.0, 0.006798, 0.004507, 0.005512, 0.018682, 0.013662, 0.007168, 0.01029, 0.017066, 0.043233, 0.218809, 0.111616, 0.060491, 0.056505, 0.0654, 0.057721, 0.049166, 0.031515, 0.023915, 0.023662, 0.011702, 0.008337, 0.005342, 0.004653, 0.00665, 0.003779, 0.005363, 0.003451, 0.002867, 0.00351, 0.005745, 0.003149, 0.041377, 0.008785, 0.01451, 0.009662, 0.009446, 0.02158, 0.026152, 0.026539, 0.034786, 0.033621, 0.036173, 0.047376, 0.049252, 0.054081, 0.039545, 0.024886, 0.016873, 0.012432, 0.011507, 0.012435, 0.00668, 0.004029, 0.003235, 0.003179, 0.005009, 0.003232, 0.003373, 0.005127, 0.011305, 0.00537, 0.002517, 0.004335, 0.007573, 0.003366, 0.004814, 0.005153, 0.004358, 0.004689, 0.004283, 0.003724, 0.006901, 0.010339, 0.012772, 0.019014, 0.02351, 0.033406, 0.044107, 0.045608, 0.041311, 0.035605, 0.042816, 0.066687, 0.038001, 0.023971, 0.014856, 0.007856, 0.011293, 0.005253, 0.009827, 0.012076, 0.011721, 0.010534, 0.009147, 0.008562, 0.006218, 0.005571, 0.007043, 0.010303, 0.008164, 0.00698, 0.007847, 0.008391, 0.009381, 0.008453, 0.010403, 0.011892, 0.016399, 0.022902, 0.03489, 0.057737, 0.047982, 0.03869, 0.026889, 0.020743, 0.012868, 0.006163, 0.005608, 0.008087, 0.004451, 0.004929, 0.002961, 0.004503, 0.003335, 0.0032, 0.002975, 0.00324, 0.003536, 0.002654, 0.003202, 0.004797, 0.003186, 0.002667, 0.003874, 0.002836, 0.006355, 0.003927, 0.004938, 0.003511, 0.006082, 0.004172, 0.003305, 0.00487, 0.004294, 0.002914, 0.005795, 0.005495, 0.003649, 0.004865, 0.005957, 0.005411, 0.003549, 0.009602, 0.007825, 0.009292, 0.005204, 0.004562, 0.003687, 0.004108, 0.007285, 0.004418, 0.006497, 0.008798, 0.011298, 0.010873, 0.008984, 0.005377, 0.004569, 0.006076, 0.003005, 0.002677, 0.002891, 0.002671, 0.002181, 0.003247, 0.004749, 0.003091, 0.003074, 0.003487, 0.00385, 0.003476, 0.02471, 0.049967, 0.048874, 0.041432, 0.038889, 0.039876, 0.039477, 0.040345, 0.040457, 0.027812, 0.022244, 0.020013, 0.017041, 0.013854, 0.006447, 0.004594, 0.003852, 0.005731, 0.007483, 0.007834, 0.00675, 0.005423, 0.006893, 0.009697, 0.009174, 0.009722, 0.010672, 0.009887, 0.009307, 0.009351, 0.008127, 0.007552, 0.008785, 0.007346, 0.00764, 0.010445, 0.012909, 0.017347, 0.013201, 0.009515, 0.00713, 0.008722, 0.005277, 0.004014, 0.005137, 0.004334, 0.006365, 0.004894, 0.003275, 0.003036, 0.003461, 0.003136, 0.002899, 0.002935, 0.003649, 0.003842, 0.004241, 0.004257, 0.004496, 0.004012, 0.002716, 0.002428, 0.002431, 0.00347, 0.003496, 0.002699, 0.002821, 0.003276, 0.003708, 0.004806, 0.003104, 0.002635, 0.002211, 0.00312, 0.002969, 0.002716, 0.002197, 0.002195, 0.002252, 0.002156, 0.002091, 0.003056, 0.002662, 0.002659, 0.002511, 0.003241, 0.002766, 0.003355, 0.001964, 0.004157, 0.003557, 0.003304, 0.002936, 0.002972, 0.002586, 0.00245, 0.003039, 0.002526, 0.002538, 0.002486, 0.00263, 0.002237, 0.003384, 0.002708, 0.002744, 0.0035, 0.003646, 0.002852, 0.003437, 0.002677, 0.002916, 0.00284, 0.002941, 0.003214, 0.002871, 0.002643, 0.002835, 0.00314, 0.004227, 0.002621, 0.00353, 0.002934, 0.003248, 0.003295, 0.002427, 0.003676, 0.002269, 0.003011, 0.004643, 0.002743, 0.004956, 0.003126, 0.002398, 0.004461, 0.002848, 0.003323, 0.003322, 0.002549, 0.002462, 0.001994, 0.00321, 0.002684, 0.003095, 0.002768, 0.002172, 0.004332, 0.002813, 0.002851, 0.003374, 0.003492, 0.003581, 0.003461, 0.005623, 0.003817, 0.004369, 0.004559, 0.003744, 0.003735, 0.003256, 0.003551, 0.003575, 0.00265, 0.003388, 0.002559, 0.003581, 0.00398, 0.004341, 0.005075, 0.016275, 0.044744, 0.052751, 0.043574, 0.039179, 0.033643, 0.024592, 0.018522, 0.020216, 0.0301, 0.046657, 0.061468, 0.041953, 0.021131, 0.010753, 0.011646, 0.011565, 0.004456, 0.006953, 0.004412, 0.004547, 0.005762, 0.003922, 0.003826, 0.002417, 0.002476, 0.002651, 0.002677, 0.002813, 0.002195, 0.002465, 0.003134, 0.002913, 0.002776, 0.002062, 0.002434, 0.002276, 0.002083, 0.001932, 0.002072, 0.002054, 0.002208, 0.002499, 0.002269, 0.002145, 0.002232, 0.002019, 0.002117, 0.001942, 0.001827, 0.002352, 0.002006, 0.002203, 0.002005, 0.002213, 0.002044, 0.002211, 0.0023, 0.002381, 0.00205, 0.002199, 0.002311, 0.002035, 0.002058, 0.002013, 0.001588, 0.002157, 0.001977, 0.002013, 0.002305, 0.002103, 0.002771, 0.002053, 0.002042, 0.002316, 0.001942, 0.001734, 0.001941, 0.001944, 0.001945, 0.002029, 0.002487, 0.002686, 0.003155, 0.003185, 0.002744, 0.003267, 0.003823, 0.00353, 0.005882, 0.004086, 0.002423, 0.002057, 0.002915, 0.002633, 0.002518, 0.002136, 0.002075, 0.002694, 0.002726, 0.002363, 0.002028, 0.00199, 0.001911, 0.002221, 0.002224, 0.001969, 0.002038, 0.002042, 0.002243, 0.002116, 0.002149, 0.001794, 0.002026, 0.002258, 0.002243, 0.002201, 0.002314, 0.002268, 0.002389, 0.002777, 0.00238, 0.002587, 0.002368, 0.002087, 0.004292, 0.003671, 0.00306, 0.004529, 0.002749, 0.00225, 0.002394, 0.002575, 0.003205, 0.002879, 0.002526, 0.002127, 0.002089, 0.002627, 0.002084, 0.002028, 0.002665, 0.003662, 0.002678, 0.00242, 0.002533, 0.002369, 0.002291, 0.003121, 0.004897, 0.002831, 0.003747, 0.003945, 0.003187, 0.002576, 0.002585, 0.002714, 0.002191, 0.002635, 0.002228, 0.002668, 0.002198, 0.002247, 0.002438, 0.002486, 0.00246, 0.002281, 0.002373, 0.002516, 0.002944, 0.003968, 0.002947, 0.005859, 0.003855, 0.002464, 0.003013, 0.003237, 0.002738, 0.002341, 0.002441, 0.002545, 0.002542, 0.002756, 0.002207, 0.002755, 0.00293, 0.003011, 0.003124, 0.004175, 0.002956, 0.005081, 0.003211, 0.002142, 0.002268, 0.002128, 0.002293, 0.002165, 0.00198, 0.00287, 0.002981, 0.002613, 0.002157, 0.00229, 0.002929, 0.002409, 0.002152, 0.001634, 0.001773, 0.002373, 0.001878, 0.002409, 0.00272, 0.00197, 0.00212, 0.001947, 0.002358, 0.002039, 0.002279, 0.003021, 0.002417, 0.001884, 0.00275, 0.002403, 0.002029, 0.002258, 0.002425, 0.002927, 0.002591, 0.002028, 0.002267, 0.002876, 0.002627, 0.002354, 0.002418, 0.00257, 0.002805, 0.002064, 0.002107, 0.002531, 0.002761, 0.002807, 0.002601, 0.002098, 0.002836, 0.002498, 0.002496, 0.002629, 0.002435, 0.002714, 0.002781, 0.002509, 0.002855, 0.001985, 0.00279, 0.003061, 0.00286, 0.003238, 0.003387, 0.003624, 0.003097, 0.003613, 0.004978, 0.005006, 0.008775, 0.007814, 0.008936, 0.01386, 0.021584, 0.023673, 0.026293, 0.024209, 0.024491, 0.053778, 0.021447, 0.010055], "segments": [{"start": 9, "end": 19, "num_frames": 11, "peak": 0.2188092593001217, "avg": 0.06745754944332115}, {"start": 32, "end": 47, "num_frames": 16, "peak": 0.054080550407190724, "avg": 0.02986069540922397}, {"start": 76, "end": 85, "num_frames": 10, "peak": 0.06668703332365786, "avg": 0.03950227313899032}, {"start": 182, "end": 193, "num_frames": 12, "peak": 0.04996734856707997, "avg": 0.03617479252831249}, {"start": 351, "end": 363, "num_frames": 13, "peak": 0.06146778881264441, "avg": 0.03680990905499176}], "threshold": 0.02, "stats": {"min": 0.0, "max": 0.218809, "mean": 0.008469}}