{"num_points": 94, "num_frames": 188, "magnitudes_raw": [0.0, 0.001646, 0.002287, 0.002076, 0.002137, 0.002655, 0.003879, 0.006016, 0.005351, 0.003218, 0.003532, 0.002765, 0.003495, 0.004036, 0.003478, 0.002239, 0.003168, 0.003279, 0.002372, 0.002149, 0.00321, 0.006396, 0.003404, 0.002973, 0.002687, 0.006238, 0.006394, 0.004427, 0.004934, 0.003738, 0.004921, 0.00686, 0.002951, 0.002426, 0.002225, 0.002266, 0.002187, 0.001884, 0.002326, 0.002321, 0.001879, 0.002268, 0.002411, 0.002208, 0.001361, 0.00207, 0.002276, 0.00195, 0.002331, 0.003926, 0.003056, 0.00291, 0.00395, 0.003391, 0.002916, 0.00349, 0.003243, 0.003217, 0.003797, 0.003371, 0.004699, 0.004256, 0.003798, 0.005233, 0.002339, 0.002279, 0.003817, 0.002847, 0.002741, 0.006195, 0.006621, 0.00217, 0.003826, 0.004176, 0.008785, 0.010361, 0.005468, 0.003388, 0.002677, 0.0029, 0.007069, 0.008618, 0.005778, 0.004456, 0.004734, 0.006008, 0.005046, 0.004924, 0.007233, 0.00864, 0.010398, 0.004056, 0.005014, 0.003381, 0.003128, 0.00306, 0.004513, 0.002465, 0.003474, 0.002548, 0.001874, 0.005252, 0.00311, 0.003681, 0.00241, 0.002505, 0.002723, 0.003626, 0.002307, 0.003323, 0.002093, 0.002601, 0.002429, 0.002254, 0.001927, 0.002269, 0.002056, 0.00259, 0.00193, 0.001519, 0.002136, 0.002331, 0.002475, 0.002533, 0.00371, 0.002369, 0.002825, 0.002051, 0.003884, 0.002208, 0.002513, 0.002275, 0.001863, 0.003511, 0.003445, 0.001995, 0.002538, 0.002449, 0.003934, 0.001921, 0.002553, 0.00353, 0.003948, 0.00424, 0.002318, 0.002338, 0.004014, 0.00641, 0.002927, 0.002492, 0.002087, 0.00317, 0.004706, 0.00317, 0.002259, 0.002531, 0.005285, 0.003391, 0.005069, 0.002971, 0.00282, 0.002791, 0.003004, 0.001913, 0.002017, 0.002699, 0.002291, 0.003285, 0.002649, 0.002577, 0.002518, 0.001951, 0.002406, 0.002167, 0.002616, 0.002312, 0.002116, 0.002482, 0.002768, 0.00318, 0.004575, 0.005707, 0.004098, 0.003282, 0.00402, 0.002396, 0.003793, 0.003672], "segments": [], "threshold": 0.02, "stats": {"min": 0.0, "max": 0.010398, "mean": 0.003408}}