{"num_points": 93, "num_frames": 109, "magnitudes_raw": [0.0, 0.00421, 0.003077, 0.003256, 0.003717, 0.00744, 0.010905, 0.008686, 0.004667, 0.00394, 0.003091, 0.004359, 0.004481, 0.004776, 0.005585, 0.016542, 0.028123, 0.04336, 0.043466, 0.040117, 0.029921, 0.033477, 0.028548, 0.035703, 0.020664, 0.015383, 0.008175, 0.007023, 0.007217, 0.008154, 0.016404, 0.054653, 0.0, 0.0, 0.01499, 0.012041, 0.008599, 0.007087, 0.009304, 0.006277, 0.011581, 0.030566, 0.037483, 0.019225, 0.012388, 0.011636, 0.008, 0.009582, 0.009046, 0.00493, 0.005688, 0.00467, 0.003328, 0.005358, 0.008361, 0.021855, 0.155183, 0.11819, 0.018117, 0.005219, 0.005753, 0.003642, 0.004513, 0.011373, 0.186425, 0.197645, 0.038325, 0.014019, 0.007038, 0.014604, 0.00998, 0.009739, 0.010506, 0.004406, 0.006104, 0.007541, 0.011823, 0.011849, 0.106929, 0.022609, 0.07798, 0.013689, 0.071982, 0.004212, 0.006177, 0.005681, 0.005115, 0.003183, 0.005658, 0.012138, 0.014983, 0.067655, 0.123861, 0.037326, 0.204292, 0.044775, 0.045341, 0.029108, 0.008486, 0.02242, 0.009575, 0.008303, 0.009563, 0.006651, 0.005563, 0.002671, 0.004107, 0.008723, 0.007369], "segments": [{"start": 16, "end": 24, "num_frames": 9, "peak": 0.04346621511849241, "avg": 0.03370883763192833}, {"start": 91, "end": 99, "num_frames": 9, "peak": 0.20429235564148787, "avg": 0.0648071604404637}], "threshold": 0.02, "stats": {"min": 0.0, "max": 0.204292, "mean": 0.02403}}