{"num_points": 91, "num_frames": 157, "magnitudes_raw": [0.0, 0.002196, 0.001447, 0.001339, 0.004911, 0.003652, 0.001966, 0.003101, 0.007531, 0.012032, 0.009135, 0.004204, 0.005644, 0.004745, 0.002653, 0.0, 0.0, 0.0, 0.006706, 0.00928, 0.004816, 0.004981, 0.004614, 0.002584, 0.002228, 0.004452, 0.004372, 0.004607, 0.00494, 0.005065, 0.005499, 0.005587, 0.002443, 0.001671, 0.00226, 0.001807, 0.002537, 0.002898, 0.002391, 0.003666, 0.002019, 0.002802, 0.001988, 0.001798, 0.001588, 0.001923, 0.001772, 0.002006, 0.00177, 0.001727, 0.001828, 0.001628, 0.001605, 0.002253, 0.004965, 0.004946, 0.007051, 0.006788, 0.009365, 0.001885, 0.002548, 0.001814, 0.005009, 0.001691, 0.001952, 0.003393, 0.005283, 0.004837, 0.006993, 0.015453, 0.004721, 0.040835, 0.018619, 0.025571, 0.014824, 0.005083, 0.009656, 0.006168, 0.011842, 0.016929, 0.008975, 0.013099, 0.066548, 0.011872, 0.011828, 0.005814, 0.008762, 0.008679, 0.003315, 0.005666, 0.00192, 0.005537, 0.008535, 0.006792, 0.003815, 0.004389, 0.009153, 0.009915, 0.004216, 0.010784, 0.005847, 0.004137, 0.004814, 0.004503, 0.00677, 0.014069, 0.002544, 0.002001, 0.036299, 0.005196, 0.0, 0.0, 0.0, 0.0, 0.0, 0.0, 0.0, 0.0, 0.0, 0.002236, 0.001707, 0.002724, 0.001237, 0.003265, 0.002067, 0.002492, 0.001207, 0.001414, 0.0, 0.0, 0.0, 0.0, 0.0, 0.0, 0.0, 0.0, 0.0, 0.0, 0.0, 0.0, 0.0, 0.0, 0.0, 0.027513, 0.027783, 0.023428, 0.004236, 0.002144, 0.001989, 0.004884, 0.002342, 0.008661, 0.007494, 0.012554, 0.008391, 0.013819, 0.009588], "segments": [], "threshold": 0.02, "stats": {"min": 0.0, "max": 0.066548, "mean": 0.005655}}