{"num_points": 95, "num_frames": 96, "magnitudes_raw": [0.0, 0.002353, 0.003699, 0.005629, 0.007469, 0.007165, 0.008549, 0.00974, 0.004972, 0.005922, 0.004075, 0.00478, 0.005697, 0.004959, 0.003413, 0.00356, 0.014044, 0.001974, 0.00544, 0.00659, 0.003113, 0.009265, 0.00377, 0.007024, 0.004267, 0.004361, 0.005062, 0.002408, 0.003092, 0.010836, 0.013311, 0.003963, 0.008567, 0.008025, 0.006366, 0.008705, 0.002868, 0.00254, 0.002961, 0.014283, 0.006607, 0.004717, 0.003897, 0.002883, 0.00315, 0.008405, 0.003992, 0.002975, 0.004396, 0.003616, 0.009832, 0.003627, 0.002718, 0.005541, 0.002481, 0.004405, 0.009924, 0.003994, 0.002464, 0.004257, 0.002645, 0.013909, 0.010301, 0.003297, 0.004535, 0.005439, 0.004827, 0.002742, 0.002699, 0.006345, 0.005194, 0.023765, 0.008461, 0.013562, 0.012582, 0.023036, 0.021304, 0.02512, 0.024844, 0.046, 0.020755, 0.019, 0.011256, 0.013156, 0.006007, 0.018444, 0.136908, 0.073804, 0.002546, 0.006287, 0.006526, 0.003875, 0.00213, 0.001999, 0.003693, 0.002486], "segments": [{"start": 71, "end": 80, "num_frames": 10, "peak": 0.04600048434160324, "avg": 0.02194302432005899}], "threshold": 0.02, "stats": {"min": 0.0, "max": 0.136908, "mean": 0.009564}}