{"num_points": 95, "num_frames": 36, "magnitudes_raw": [0.0, 0.002771, 0.002135, 0.002592, 0.002925, 0.002884, 0.005144, 0.00478, 0.003361, 0.00316, 0.010266, 0.008646, 0.007513, 0.018088, 0.033084, 0.027141, 0.004732, 0.006498, 0.005003, 0.009978, 0.022087, 0.010968, 0.006762, 0.004277, 0.003768, 0.007291, 0.010661, 0.006131, 0.007001, 0.003659, 0.003191, 0.003941, 0.002471, 0.003755, 0.003333, 0.004449], "segments": [], "threshold": 0.02, "stats": {"min": 0.0, "max": 0.033084, "mean": 0.007346}}