{"num_points": 95, "num_frames": 71, "magnitudes_raw": [0.0, 0.001942, 0.001635, 0.002291, 0.001935, 0.003121, 0.001737, 0.002132, 0.001996, 0.00276, 0.003893, 0.003644, 0.004594, 0.00255, 0.003845, 0.005022, 0.0028, 0.008017, 0.007781, 0.00906, 0.007929, 0.006144, 0.008467, 0.012454, 0.016128, 0.026933, 0.041404, 0.033011, 0.037543, 0.056873, 0.041214, 0.030019, 0.017008, 0.00915, 0.007572, 0.008776, 0.007307, 0.00984, 0.007944, 0.007495, 0.006396, 0.002213, 0.002637, 0.002525, 0.003421, 0.006558, 0.003547, 0.003899, 0.003321, 0.004009, 0.004797, 0.00424, 0.003734, 0.003583, 0.002889, 0.005733, 0.002488, 0.003491, 0.002991, 0.003221, 0.003237, 0.004171, 0.003884, 0.004009, 0.006533, 0.004497, 0.004667, 0.005051, 0.005277, 0.005525, 0.003829], "segments": [], "threshold": 0.02, "stats": {"min": 0.0, "max": 0.056873, "mean": 0.008315}}