{"num_points": 98, "num_frames": 493, "magnitudes_raw": [0.0, 0.001659, 0.0022, 0.002561, 0.003424, 0.00222, 0.002524, 0.003472, 0.002376, 0.002267, 0.002265, 0.002358, 0.002647, 0.002266, 0.003096, 0.005119, 0.003896, 0.003051, 0.00233, 0.005402, 0.011682, 0.00377, 0.006163, 0.002322, 0.001957, 0.003429, 0.002973, 0.005235, 0.006071, 0.004388, 0.003059, 0.007228, 0.00344, 0.004837, 0.002524, 0.003026, 0.002387, 0.002825, 0.002712, 0.002531, 0.002225, 0.002314, 0.002513, 0.002066, 0.002388, 0.001967, 0.002303, 0.004843, 0.002474, 0.003851, 0.002121, 0.002505, 0.002704, 0.002445, 0.002521, 0.001981, 0.001706, 0.002006, 0.00216, 0.001834, 0.00153, 0.001701, 0.004033, 0.003516, 0.002012, 0.002872, 0.002806, 0.00214, 0.005326, 0.00403, 0.01355, 0.004511, 0.004076, 0.002657, 0.003334, 0.003315, 0.003448, 0.003218, 0.00715, 0.003025, 0.003322, 0.002862, 0.003225, 0.003029, 0.001981, 0.00226, 0.001833, 0.001835, 0.001726, 0.002159, 0.002293, 0.002937, 0.002369, 0.001876, 0.00182, 0.001752, 0.002063, 0.00211, 0.002463, 0.001998, 0.002341, 0.002438, 0.002084, 0.003261, 0.002853, 0.003874, 0.006035, 0.002139, 0.003059, 0.00359, 0.003899, 0.00321, 0.003757, 0.00207, 0.002371, 0.002712, 0.002837, 0.003616, 0.002511, 0.00197, 0.003755, 0.001856, 0.004653, 0.004218, 0.003407, 0.002759, 0.002021, 0.002459, 0.002341, 0.003193, 0.00203, 0.003363, 0.002609, 0.006811, 0.001765, 0.0024, 0.003699, 0.004066, 0.002149, 0.002884, 0.002211, 0.002435, 0.002321, 0.002315, 0.002493, 0.00241, 0.002578, 0.002325, 0.002435, 0.00232, 0.001998, 0.002139, 0.002418, 0.002211, 0.003396, 0.005042, 0.005092, 0.010346, 0.008172, 0.010203, 0.00548, 0.007581, 0.011463, 0.104895, 0.029783, 0.013513, 0.02854, 0.022169, 0.006672, 0.003765, 0.005056, 0.011575, 0.006502, 0.004238, 0.003992, 0.002836, 0.003407, 0.002283, 0.002228, 0.002005, 0.001737, 0.001674, 0.00177, 0.001474, 0.001574, 0.001594, 0.002214, 0.001929, 0.002764, 0.001889, 0.002324, 0.002805, 0.002472, 0.002146, 0.002185, 0.003374, 0.003572, 0.002963, 0.003852, 0.007077, 0.027714, 0.232928, 0.004236, 0.0, 0.0, 0.009381, 0.013715, 0.004972, 0.003012, 0.003093, 0.002947, 0.003261, 0.00197, 0.001823, 0.002577, 0.003693, 0.002437, 0.002324, 0.002761, 0.0026, 0.002427, 0.002355, 0.002489, 0.002875, 0.001918, 0.002048, 0.002839, 0.00277, 0.001873, 0.001837, 0.002222, 0.002126, 0.003125, 0.001971, 0.001967, 0.00313, 0.003423, 0.002197, 0.002049, 0.001564, 0.001563, 0.001683, 0.002645, 0.001851, 0.001787, 0.002014, 0.001379, 0.00189, 0.001571, 0.001854, 0.002157, 0.001596, 0.001159, 0.001884, 0.002037, 0.001242, 0.002011, 0.001753, 0.001824, 0.004591, 0.002384, 0.005343, 0.002654, 0.002513, 0.00192, 0.002371, 0.003215, 0.004627, 0.003064, 0.002858, 0.003861, 0.0026, 0.003509, 0.005916, 0.003204, 0.003313, 0.003606, 0.004667, 0.004744, 0.003745, 0.00259, 0.002694, 0.002624, 0.002737, 0.002139, 0.002766, 0.002641, 0.003401, 0.001992, 0.002278, 0.003365, 0.002487, 0.00167, 0.001497, 0.002152, 0.003367, 0.003314, 0.002052, 0.001436, 0.001954, 0.001949, 0.001837, 0.00302, 0.002228, 0.002617, 0.002139, 0.003142, 0.007777, 0.006891, 0.010421, 0.037256, 0.143005, 0.0, 0.0, 0.0, 0.0, 0.0, 0.0, 0.0, 0.160355, 0.032568, 0.019086, 0.005512, 0.004915, 0.005952, 0.002365, 0.001765, 0.002022, 0.003595, 0.00285, 0.002101, 0.002268, 0.001896, 0.001698, 0.001901, 0.002288, 0.002104, 0.002322, 0.002029, 0.001971, 0.002198, 0.002209, 0.001682, 0.001894, 0.002051, 0.002077, 0.001622, 0.001738, 0.001561, 0.002101, 0.001929, 0.002136, 0.0055, 0.010144, 0.008419, 0.005999, 0.004692, 0.006379, 0.005637, 0.005953, 0.003252, 0.004161, 0.004471, 0.003794, 0.002891, 0.003007, 0.002414, 0.002081, 0.001255, 0.003801, 0.002938, 0.002755, 0.003567, 0.005785, 0.006192, 0.005182, 0.004136, 0.009247, 0.008762, 0.009886, 0.006508, 0.005675, 0.002274, 0.002561, 0.002062, 0.001716, 0.001686, 0.002221, 0.001944, 0.001805, 0.001871, 0.002294, 0.002102, 0.001708, 0.001686, 0.001742, 0.001716, 0.002672, 0.00565, 0.00511, 0.011837, 0.013363, 0.008159, 0.001529, 0.001783, 0.002294, 0.001972, 0.002393, 0.002415, 0.004715, 0.003579, 0.002566, 0.002726, 0.002707, 0.002778, 0.002811, 0.00254, 0.002909, 0.002684, 0.002236, 0.002846, 0.003179, 0.002689, 0.004946, 0.003102, 0.002556, 0.001731, 0.002536, 0.001812, 0.001884, 0.002481, 0.003479, 0.0033, 0.001997, 0.002856, 0.002158, 0.001833, 0.003047, 0.003323, 0.002637, 0.001477, 0.002273, 0.003453, 0.002372, 0.002654, 0.001869, 0.001477, 0.001705, 0.001236, 0.001665, 0.001934, 0.001899, 0.001906, 0.001888, 0.00187, 0.001737, 0.001582, 0.001852, 0.001363, 0.001976, 0.001188, 0.001596, 0.001555, 0.001447, 0.001643, 0.001872, 0.001663, 0.001768, 0.001901, 0.001871, 0.009065, 0.265344, 0.0, 0.175193, 0.009219, 0.003409, 0.009524, 0.004767, 0.001943, 0.001905, 0.00186, 0.002681, 0.00247, 0.001787, 0.002228, 0.002134, 0.002525, 0.004443, 0.004519, 0.003887, 0.004094, 0.007157, 0.009652], "segments": [], "threshold": 0.02, "stats": {"min": 0.0, "max": 0.265344, "mean": 0.005659}}