{"num_points": 89, "num_frames": 83, "magnitudes_raw": [0.0, 0.002545, 0.00184, 0.002115, 0.003421, 0.002896, 0.002357, 0.002215, 0.007725, 0.00921, 0.01112, 0.008855, 0.006647, 0.007135, 0.009493, 0.01675, 0.009359, 0.004055, 0.004686, 0.008185, 0.002602, 0.005176, 0.003254, 0.002963, 0.002869, 0.004024, 0.003098, 0.006663, 0.004607, 0.006275, 0.004594, 0.006822, 0.002936, 0.002706, 0.002658, 0.002757, 0.00236, 0.002437, 0.002634, 0.002648, 0.003065, 0.001958, 0.002182, 0.004002, 0.009378, 0.008907, 0.006327, 0.008285, 0.002247, 0.002785, 0.004505, 0.005498, 0.00574, 0.004494, 0.003906, 0.002252, 0.003221, 0.007283, 0.014404, 0.017628, 0.009769, 0.003032, 0.002367, 0.003068, 0.00354, 0.003305, 0.004156, 0.002038, 0.006821, 0.006671, 0.006781, 0.005655, 0.00449, 0.004536, 0.004667, 0.003908, 0.002898, 0.00371, 0.004416, 0.003968, 0.003042, 0.00217, 0.00216], "segments": [], "threshold": 0.02, "stats": {"min": 0.0, "max": 0.017628, "mean": 0.004939}}