{"num_points": 95, "num_frames": 46, "magnitudes_raw": [0.0, 0.001958, 0.002664, 0.002502, 0.002565, 0.003012, 0.003603, 0.006261, 0.011347, 0.007145, 0.015301, 0.036344, 0.056317, 0.035581, 0.0, 0.0, 0.0, 0.0, 0.0, 0.0, 0.0, 0.0, 0.0, 0.0, 0.0, 0.009434, 0.0, 0.0, 0.0, 0.0, 0.0, 0.0, 0.0, 0.0, 0.0, 0.0, 0.0, 0.0, 0.0, 0.0, 0.0, 0.0, 0.012585, 0.141439, 0.00312, 0.001838], "segments": [], "threshold": 0.02, "stats": {"min": 0.0, "max": 0.141439, "mean": 0.007674}}