{"num_points": 97, "num_frames": 263, "magnitudes_raw": [0.0, 0.003178, 0.002535, 0.002195, 0.00415, 0.003099, 0.003927, 0.004868, 0.006485, 0.002554, 0.00257, 0.003011, 0.00336, 0.004267, 0.004133, 0.003618, 0.004657, 0.005313, 0.008512, 0.009429, 0.011232, 0.018985, 0.018533, 0.020881, 0.016887, 0.043251, 0.033528, 0.030174, 0.026609, 0.051102, 0.0, 0.0, 0.0, 0.0, 0.0, 0.062184, 0.021246, 0.046679, 0.026075, 0.023353, 0.0, 0.0, 0.0, 0.0, 0.0, 0.043578, 0.127742, 0.045377, 0.089633, 0.031161, 0.028285, 0.502273, 0.096592, 0.056326, 0.053941, 0.013153, 0.017821, 0.006662, 0.009319, 0.007052, 0.003992, 0.008391, 0.009069, 0.005357, 0.008793, 0.005178, 0.004405, 0.012461, 0.018467, 0.021623, 0.018026, 0.011668, 0.025422, 0.016839, 0.007527, 0.007115, 0.003642, 0.007473, 0.006668, 0.003464, 0.014616, 0.013696, 0.007286, 0.004234, 0.004029, 0.004716, 0.007523, 0.003581, 0.008493, 0.003319, 0.003543, 0.00484, 0.005021, 0.005359, 0.006356, 0.004693, 0.013554, 0.009582, 0.004773, 0.004739, 0.009879, 0.009636, 0.006319, 0.009202, 0.018407, 0.010986, 0.00571, 0.008561, 0.005888, 0.007522, 0.006483, 0.00637, 0.010942, 0.006119, 0.004069, 0.005559, 0.007847, 0.005761, 0.008637, 0.005795, 0.024442, 0.005819, 0.003199, 0.004191, 0.004455, 0.005373, 0.003856, 0.00574, 0.012917, 0.008868, 0.00985, 0.015613, 0.007489, 0.004541, 0.004575, 0.004567, 0.010923, 0.00457, 0.00694, 0.002962, 0.005421, 0.012212, 0.013336, 0.007487, 0.012844, 0.015494, 0.030017, 0.025445, 0.036022, 0.033841, 0.018453, 0.014133, 0.006081, 0.007486, 0.007418, 0.007539, 0.011567, 0.007826, 0.005263, 0.007661, 0.005966, 0.003479, 0.005636, 0.004619, 0.003401, 0.003247, 0.003797, 0.004105, 0.004731, 0.003854, 0.003331, 0.003641, 0.002171, 0.003211, 0.003323, 0.002838, 0.00547, 0.003864, 0.002671, 0.005356, 0.003814, 0.002725, 0.006053, 0.004476, 0.004083, 0.003565, 0.004569, 0.002976, 0.002233, 0.003058, 0.003573, 0.00325, 0.004968, 0.004132, 0.003019, 0.003828, 0.00522, 0.002999, 0.00249, 0.002203, 0.00586, 0.003701, 0.00296, 0.006048, 0.007494, 0.009684, 0.008966, 0.00791, 0.008328, 0.00953, 0.014479, 0.018153, 0.024961, 0.013483, 0.003469, 0.006889, 0.047237, 0.066009, 0.040315, 0.030677, 0.023021, 0.033686, 0.013659, 0.017696, 0.018336, 0.012494, 0.018066, 0.012835, 0.008004, 0.005341, 0.006193, 0.006165, 0.010338, 0.011199, 0.022025, 0.024419, 0.008767, 0.00571, 0.020732, 0.03702, 0.019097, 0.013471, 0.005331, 0.007826, 0.012463, 0.007848, 0.010414, 0.006257, 0.008969, 0.005419, 0.003449, 0.004669, 0.005122, 0.00417, 0.004203, 0.002515, 0.004518, 0.004587, 0.00722, 0.007337, 0.007394, 0.007795, 0.006585], "segments": [{"start": 45, "end": 54, "num_frames": 10, "peak": 0.5022728342245876, "avg": 0.10749070544087438}, {"start": 212, "end": 221, "num_frames": 10, "peak": 0.06600884156872827, "avg": 0.028974560828442852}], "threshold": 0.02, "stats": {"min": 0.0, "max": 0.502273, "mean": 0.013565}}