{"num_points": 99, "num_frames": 152, "magnitudes_raw": [0.0, 0.004424, 0.010141, 0.010489, 0.009673, 0.004469, 0.00831, 0.015294, 0.009089, 0.003567, 0.013764, 0.014406, 0.0103, 0.00926, 0.020936, 0.014723, 0.00272, 0.003589, 0.018644, 0.019561, 0.004369, 0.005223, 0.002156, 0.004468, 0.006622, 0.009855, 0.003688, 0.007652, 0.009345, 0.009843, 0.009028, 0.005764, 0.018519, 0.011818, 0.002812, 0.002658, 0.009095, 0.023471, 0.019579, 0.0034, 0.002448, 0.004381, 0.011741, 0.019355, 0.01348, 0.008768, 0.001957, 0.004695, 0.011984, 0.019059, 0.019285, 0.002552, 0.004794, 0.019319, 0.015438, 0.008, 0.002154, 0.005456, 0.015436, 0.01775, 0.006987, 0.004258, 0.012377, 0.017309, 0.014297, 0.005985, 0.003798, 0.008326, 0.019269, 0.016082, 0.004767, 0.009755, 0.019765, 0.016737, 0.00272, 0.004555, 0.009149, 0.015828, 0.013317, 0.003922, 0.004455, 0.002493, 0.005687, 0.006826, 0.004481, 0.003232, 0.01037, 0.005215, 0.006047, 0.00474, 0.00428, 0.006866, 0.00696, 0.003305, 0.006814, 0.007663, 0.013276, 0.013928, 0.013075, 0.007852, 0.011331, 0.009666, 0.009981, 0.0117, 0.004663, 0.003185, 0.017502, 0.015864, 0.006779, 0.002211, 0.004228, 0.007842, 0.002356, 0.004235, 0.007388, 0.016044, 0.014292, 0.009077, 0.002909, 0.005492, 0.020416, 0.019966, 0.008776, 0.003861, 0.007117, 0.010489, 0.018651, 0.014927, 0.002946, 0.011592, 0.019695, 0.019662, 0.00737, 0.008754, 0.016789, 0.022637, 0.012875, 0.004337, 0.020253, 0.019533, 0.010606, 0.003244, 0.010422, 0.020719, 0.021502, 0.003779, 0.016182, 0.020582, 0.014717, 0.002086, 0.011946, 0.018867], "segments": [{"start": 135, "end": 147, "num_frames": 13, "peak": 0.022637296579204495, "avg": 0.01435940198149003}], "threshold": 0.02, "stats": {"min": 0.0, "max": 0.023471, "mean": 0.009997}}