{"num_points": 97, "num_frames": 150, "magnitudes_raw": [0.0, 0.002319, 0.001777, 0.001711, 0.00229, 0.002169, 0.00154, 0.001619, 0.00228, 0.003167, 0.0056, 0.002849, 0.004941, 0.003443, 0.005208, 0.003218, 0.004086, 0.005135, 0.005318, 0.006308, 0.001817, 0.004095, 0.013329, 0.007503, 0.005423, 0.002024, 0.005254, 0.004406, 0.003849, 0.002809, 0.004473, 0.005559, 0.011243, 0.01495, 0.004157, 0.006447, 0.00566, 0.007338, 0.005063, 0.005386, 0.008694, 0.003537, 0.009597, 0.003317, 0.004535, 0.002643, 0.004587, 0.006593, 0.008687, 0.00567, 0.005715, 0.004993, 0.004972, 0.002575, 0.002006, 0.003721, 0.004195, 0.001955, 0.002337, 0.029486, 0.002029, 0.038122, 0.005065, 0.004654, 0.002864, 0.001884, 0.005815, 0.004376, 0.004667, 0.004817, 0.00366, 0.006732, 0.004056, 0.006155, 0.003605, 0.003653, 0.002486, 0.00245, 0.006585, 0.004623, 0.003352, 0.005607, 0.007465, 0.007519, 0.002109, 0.002607, 0.00332, 0.004816, 0.008577, 0.003138, 0.003134, 0.002071, 0.003992, 0.001939, 0.004108, 0.004722, 0.002933, 0.002609, 0.002172, 0.00482, 0.002815, 0.003, 0.002175, 0.005345, 0.003954, 0.003734, 0.0054, 0.002804, 0.002382, 0.003351, 0.001631, 0.00347, 0.002939, 0.003643, 0.005209, 0.003253, 0.005121, 0.004372, 0.003125, 0.004573, 0.002158, 0.005063, 0.002987, 0.002164, 0.003202, 0.003132, 0.002506, 0.004431, 0.004779, 0.001873, 0.005197, 0.003123, 0.00533, 0.00371, 0.005156, 0.002904, 0.004176, 0.003092, 0.006987, 0.004194, 0.002636, 0.005297, 0.004515, 0.005364, 0.002562, 0.007917, 0.014719, 0.015085, 0.002954, 0.002933], "segments": [], "threshold": 0.02, "stats": {"min": 0.0, "max": 0.038122, "mean": 0.004782}}