{"num_points": 98, "num_frames": 115, "magnitudes_raw": [0.0, 0.001771, 0.001244, 0.002618, 0.001265, 0.001689, 0.001693, 0.001376, 0.001713, 0.001845, 0.002072, 0.002945, 0.002033, 0.002084, 0.001666, 0.001985, 0.001844, 0.002342, 0.002219, 0.001905, 0.002709, 0.00124, 0.001404, 0.002138, 0.001875, 0.002398, 0.001753, 0.003229, 0.002766, 0.002425, 0.00279, 0.001749, 0.012752, 0.002078, 0.001707, 0.001344, 0.001594, 0.021918, 0.001821, 0.00291, 0.001668, 0.002149, 0.001802, 0.002602, 0.00177, 0.001121, 0.015485, 0.002733, 0.002121, 0.00179, 0.008667, 0.003115, 0.023627, 0.007474, 0.010439, 0.0, 0.0, 0.0, 0.0, 0.0, 0.0, 0.002425, 0.005469, 0.001589, 0.002031, 0.001995, 0.001687, 0.001878, 0.001627, 0.002082, 0.001746, 0.002146, 0.001519, 0.001627, 0.002246, 0.001578, 0.00238, 0.00184, 0.00267, 0.002636, 0.001567, 0.002301, 0.001894, 0.002196, 0.001563, 0.00174, 0.001426, 0.002379, 0.0027, 0.001821, 0.002269, 0.001867, 0.001791, 0.001677, 0.001836, 0.002206, 0.002252, 0.002038, 0.001744, 0.002511, 0.002175, 0.001827, 0.001949, 0.001831, 0.001893, 0.001669, 0.002409, 0.003646, 0.002235, 0.003098, 0.001725, 0.001936, 0.001886, 0.002438, 0.002754], "segments": [], "threshold": 0.02, "stats": {"min": 0.0, "max": 0.023627, "mean": 0.002695}}