{"num_points": 96, "num_frames": 152, "magnitudes_raw": [0.0, 0.01138, 0.005714, 0.004897, 0.024812, 0.029207, 0.010779, 0.014436, 0.024428, 0.004979, 0.024961, 0.017592, 0.021752, 0.028822, 0.008778, 0.029682, 0.00546, 0.031838, 0.020839, 0.015239, 0.014176, 0.030703, 0.055619, 0.0479, 0.031897, 0.01189, 0.032815, 0.038369, 0.024903, 0.01968, 0.009487, 0.02677, 0.02424, 0.007864, 0.029279, 0.028027, 0.009552, 0.034912, 0.034008, 0.011719, 0.016752, 0.023208, 0.008732, 0.015692, 0.022013, 0.007138, 0.01386, 0.02596, 0.014364, 0.012505, 0.026504, 0.018027, 0.00694, 0.026197, 0.032054, 0.028495, 0.004138, 0.025734, 0.031011, 0.020982, 0.009497, 0.00584, 0.004786, 0.007875, 0.020099, 0.021792, 0.003417, 0.007784, 0.006872, 0.004612, 0.00729, 0.008841, 0.025887, 0.034825, 0.020571, 0.01674, 0.026303, 0.019716, 0.004247, 0.007446, 0.003309, 0.014068, 0.022457, 0.006395, 0.007418, 0.015726, 0.019051, 0.026396, 0.021383, 0.005291, 0.020545, 0.027426, 0.016059, 0.008574, 0.015826, 0.002961, 0.016342, 0.015531, 0.013528, 0.019645, 0.006746, 0.012309, 0.01854, 0.011245, 0.007075, 0.019845, 0.043148, 0.032462, 0.017268, 0.025502, 0.015174, 0.009032, 0.021669, 0.033757, 0.035912, 0.033337, 0.01594, 0.007081, 0.019404, 0.02383, 0.014402, 0.005916, 0.025058, 0.030325, 0.008201, 0.016293, 0.026365, 0.022574, 0.003679, 0.019854, 0.034985, 0.026672, 0.007659, 0.01389, 0.024507, 0.029773, 0.026085, 0.012671, 0.005788, 0.025165, 0.046685, 0.025717, 0.004719, 0.025284, 0.030485, 0.024863, 0.016732, 0.003159, 0.033429, 0.048439, 0.032207, 0.014185], "segments": [{"start": 4, "end": 65, "num_frames": 62, "peak": 0.055619277941614594, "avg": 0.020767881465493625}, {"start": 82, "end": 91, "num_frames": 10, "peak": 0.02742599066615586, "avg": 0.0172088574679365}, {"start": 106, "end": 150, "num_frames": 45, "peak": 0.04843858347745014, "avg": 0.022335394848659013}], "threshold": 0.02, "stats": {"min": 0.0, "max": 0.055619, "mean": 0.01906}}