{"num_points": 97, "num_frames": 146, "magnitudes_raw": [0.0, 0.003979, 0.003644, 0.004488, 0.006792, 0.003784, 0.005511, 0.009251, 0.015392, 0.007349, 0.00676, 0.005267, 0.004506, 0.006393, 0.010039, 0.005586, 0.011168, 0.005337, 0.008149, 0.003737, 0.005846, 0.007177, 0.012045, 0.003861, 0.004581, 0.004265, 0.005052, 0.00501, 0.005174, 0.008326, 0.016175, 0.010553, 0.010638, 0.040799, 0.090099, 0.05411, 0.039469, 0.027428, 0.017051, 0.003158, 0.009213, 0.005722, 0.023468, 0.028181, 0.019619, 0.008371, 0.115029, 0.037781, 0.025, 0.010067, 0.021201, 0.012161, 0.04904, 0.022738, 0.119979, 0.01386, 0.003099, 0.007229, 0.111021, 0.02575, 0.222339, 0.103064, 0.077674, 0.087599, 0.153609, 0.107625, 0.100095, 0.003187, 0.016219, 0.018029, 0.072435, 0.081041, 0.021035, 0.01137, 0.040725, 0.003731, 0.001888, 0.11755, 0.019908, 0.011514, 0.106241, 0.004151, 0.001691, 0.002722, 0.003144, 0.002254, 0.001949, 0.002012, 0.002577, 0.002876, 0.002244, 0.003084, 0.002586, 0.007647, 0.006584, 0.006691, 0.013339, 0.026118, 0.005735, 0.003677, 0.035626, 0.019278, 0.008867, 0.003484, 0.008171, 0.0047, 0.0638, 0.019457, 0.006662, 0.003821, 0.002905, 0.106206, 0.098926, 0.053843, 0.024781, 0.039216, 0.047229, 0.043909, 0.114232, 0.010525, 0.003397, 0.017324, 0.100217, 0.033551, 0.068497, 0.115313, 0.151536, 0.004143, 0.003743, 0.003858, 0.008155, 0.009869, 0.004617, 0.005565, 0.003875, 0.008679, 0.018055, 0.006481, 0.146591, 0.002933, 0.009861, 0.009382, 0.062962, 0.046186, 0.031645, 0.006906], "segments": [{"start": 33, "end": 80, "num_frames": 48, "peak": 0.22233922837759024, "avg": 0.04828166062322958}, {"start": 106, "end": 126, "num_frames": 21, "peak": 0.15153557691925193, "avg": 0.053588053385597995}], "threshold": 0.02, "stats": {"min": 0.0, "max": 0.222339, "mean": 0.029064}}