{"num_points": 150, "num_frames": 170, "magnitudes_raw": [0.0, 0.002237, 0.002366, 0.002291, 0.002018, 0.002287, 0.002245, 0.002662, 0.002386, 0.002479, 0.00218, 0.003411, 0.003109, 0.005598, 0.004958, 0.005402, 0.006394, 0.00706, 0.006232, 0.004385, 0.003928, 0.003355, 0.0023, 0.002165, 0.002533, 0.003822, 0.004992, 0.004965, 0.004968, 0.004993, 0.007474, 0.009798, 0.004142, 0.001745, 0.001655, 0.002125, 0.002091, 0.003086, 0.004277, 0.002477, 0.002391, 0.003331, 0.002906, 0.003188, 0.005328, 0.005288, 0.006808, 0.004365, 0.00521, 0.002632, 0.002196, 0.002408, 0.002217, 0.002143, 0.002451, 0.002419, 0.002465, 0.003519, 0.003783, 0.003862, 0.005356, 0.006981, 0.004797, 0.006918, 0.006669, 0.007457, 0.00616, 0.005185, 0.004486, 0.002348, 0.003113, 0.003146, 0.003674, 0.004526, 0.00468, 0.007936, 0.010396, 0.008681, 0.00459, 0.004645, 0.004803, 0.003966, 0.005016, 0.005926, 0.007574, 0.008374, 0.008525, 0.008083, 0.004946, 0.004434, 0.003275, 0.002576, 0.002329, 0.003965, 0.005367, 0.003733, 0.007706, 0.012585, 0.012875, 0.01031, 0.011577, 0.012745, 0.009905, 0.007712, 0.006284, 0.005633, 0.003466, 0.002561, 0.002388, 0.004256, 0.00253, 0.003933, 0.003338, 0.004171, 0.005038, 0.005882, 0.013301, 0.010855, 0.018225, 0.016569, 0.006605, 0.00591, 0.0031, 0.002343, 0.002494, 0.002543, 0.002111, 0.002763, 0.002147, 0.004534, 0.008441, 0.005787, 0.002294, 0.004922, 0.00946, 0.007859, 0.004954, 0.005416, 0.006863, 0.004159, 0.004162, 0.00867, 0.008242, 0.007033, 0.004219, 0.004359, 0.016343, 0.030539, 0.041271, 0.132921, 0.071271, 0.044948, 0.036242, 0.017192, 0.028284, 0.006777, 0.007532, 0.008435, 0.004818, 0.004799, 0.00377, 0.005883, 0.004703, 0.004671, 0.003176, 0.011494, 0.005475, 0.006134, 0.003764, 0.003522], "segments": [{"start": 147, "end": 154, "num_frames": 8, "peak": 0.13292122241322413, "avg": 0.050333475098685486}], "threshold": 0.02, "stats": {"min": 0.0, "max": 0.132921, "mean": 0.00729}}