{"num_points": 89, "num_frames": 77, "magnitudes_raw": [0.0, 0.002777, 0.002405, 0.002593, 0.003678, 0.004122, 0.002406, 0.00346, 0.002979, 0.002072, 0.002347, 0.003149, 0.00277, 0.002703, 0.003203, 0.004926, 0.004382, 0.002964, 0.003597, 0.002537, 0.00222, 0.001754, 0.003011, 0.001995, 0.002799, 0.003604, 0.003622, 0.003554, 0.006911, 0.006151, 0.003564, 0.004024, 0.00293, 0.002737, 0.003244, 0.00361, 0.002286, 0.002183, 0.002847, 0.00496, 0.003124, 0.003005, 0.003741, 0.002951, 0.003001, 0.003058, 0.003512, 0.002808, 0.002968, 0.002532, 0.003777, 0.004796, 0.004176, 0.002567, 0.002332, 0.003268, 0.004413, 0.004439, 0.002147, 0.002877, 0.002709, 0.00443, 0.004653, 0.002292, 0.002876, 0.002627, 0.003627, 0.002316, 0.003605, 0.002819, 0.00351, 0.003482, 0.002724, 0.00304, 0.002701, 0.00255, 0.003448], "segments": [], "threshold": 0.02, "stats": {"min": 0.0, "max": 0.006911, "mean": 0.003195}}