{"num_points": 87, "num_frames": 152, "magnitudes_raw": [0.0, 0.00183, 0.001588, 0.001507, 0.002219, 0.002092, 0.001937, 0.001838, 0.001816, 0.002097, 0.001755, 0.002252, 0.001769, 0.002487, 0.002199, 0.00264, 0.002359, 0.002107, 0.002842, 0.002754, 0.003003, 0.002703, 0.00275, 0.002984, 0.001734, 0.00208, 0.001808, 0.001967, 0.00182, 0.002456, 0.00151, 0.002471, 0.002368, 0.002375, 0.002116, 0.001924, 0.001725, 0.00212, 0.00187, 0.00167, 0.001991, 0.00201, 0.00207, 0.001707, 0.001699, 0.001882, 0.001827, 0.002044, 0.001929, 0.002224, 0.002054, 0.002313, 0.003641, 0.003063, 0.0023, 0.002134, 0.002111, 0.001867, 0.002676, 0.002483, 0.002005, 0.001849, 0.00191, 0.002084, 0.001955, 0.002355, 0.001961, 0.002622, 0.002571, 0.002236, 0.002056, 0.00156, 0.001839, 0.001747, 0.002139, 0.002425, 0.002037, 0.001695, 0.002121, 0.001911, 0.001993, 0.002029, 0.002368, 0.002012, 0.002176, 0.002023, 0.001694, 0.00169, 0.002094, 0.003639, 0.002182, 0.002903, 0.002532, 0.002114, 0.001983, 0.002096, 0.002078, 0.002532, 0.001742, 0.001931, 0.002324, 0.002135, 0.002094, 0.002644, 0.002414, 0.002244, 0.00205, 0.001834, 0.002505, 0.002307, 0.001481, 0.002104, 0.002543, 0.002465, 0.002143, 0.002149, 0.002463, 0.001785, 0.002171, 0.001787, 0.001603, 0.001253, 0.001742, 0.00182, 0.001653, 0.001322, 0.001672, 0.001771, 0.001727, 0.001936, 0.001699, 0.002218, 0.001624, 0.001913, 0.001394, 0.00169, 0.001785, 0.001954, 0.001746, 0.0022, 0.001477, 0.002051, 0.0018, 0.001546, 0.001984, 0.001498, 0.001445, 0.00144, 0.002041, 0.001727, 0.002101, 0.002098], "segments": [], "threshold": 0.02, "stats": {"min": 0.0, "max": 0.003641, "mean": 0.002053}}