{"num_points": 98, "num_frames": 152, "magnitudes_raw": [0.0, 0.002755, 0.005799, 0.002924, 0.005053, 0.004529, 0.004055, 0.005177, 0.006397, 0.003561, 0.002765, 0.004103, 0.003659, 0.005359, 0.00325, 0.004818, 0.006946, 0.00311, 0.003204, 0.006784, 0.009767, 0.007491, 0.005457, 0.010281, 0.007756, 0.002754, 0.003851, 0.009553, 0.003509, 0.005641, 0.003438, 0.005281, 0.009262, 0.004577, 0.004214, 0.002923, 0.003186, 0.00376, 0.004275, 0.011466, 0.004211, 0.006936, 0.004135, 0.002902, 0.00339, 0.002993, 0.004221, 0.002274, 0.005423, 0.003748, 0.005103, 0.006386, 0.002763, 0.003931, 0.005301, 0.002702, 0.003569, 0.004237, 0.002915, 0.002888, 0.004175, 0.003958, 0.003831, 0.003157, 0.00315, 0.002863, 0.005437, 0.006798, 0.003543, 0.004123, 0.003162, 0.003824, 0.007335, 0.003338, 0.004986, 0.004687, 0.003278, 0.002989, 0.004911, 0.003617, 0.002894, 0.004331, 0.004853, 0.002878, 0.010604, 0.006949, 0.005517, 0.004306, 0.002319, 0.008382, 0.005207, 0.003932, 0.004326, 0.003909, 0.002811, 0.006356, 0.00906, 0.007544, 0.003243, 0.003442, 0.003606, 0.004448, 0.00332, 0.006073, 0.00627, 0.00625, 0.002247, 0.00291, 0.00313, 0.007193, 0.003355, 0.002679, 0.003342, 0.006313, 0.003772, 0.002709, 0.004827, 0.00911, 0.003926, 0.004123, 0.002665, 0.002411, 0.002887, 0.002684, 0.004297, 0.002631, 0.003459, 0.003993, 0.004692, 0.00551, 0.003771, 0.002953, 0.002969, 0.004226, 0.004049, 0.002443, 0.002781, 0.003093, 0.00294, 0.003045, 0.001728, 0.003947, 0.002378, 0.002663, 0.002482, 0.002858, 0.002668, 0.002301, 0.00249, 0.002103, 0.001815, 0.002477], "segments": [], "threshold": 0.02, "stats": {"min": 0.0, "max": 0.011466, "mean": 0.004314}}