{"num_points": 93, "num_frames": 152, "magnitudes_raw": [0.0, 0.00187, 0.002378, 0.001902, 0.002094, 0.002548, 0.002471, 0.001859, 0.001946, 0.002121, 0.002261, 0.002195, 0.00213, 0.001907, 0.002465, 0.003011, 0.002838, 0.002242, 0.003497, 0.002488, 0.002366, 0.002102, 0.002663, 0.002599, 0.002153, 0.002341, 0.002288, 0.0022, 0.002145, 0.002153, 0.002229, 0.002304, 0.001733, 0.001836, 0.002279, 0.001929, 0.002108, 0.00306, 0.003887, 0.002869, 0.002349, 0.002254, 0.002252, 0.001741, 0.001971, 0.002242, 0.002163, 0.001838, 0.002399, 0.001961, 0.002083, 0.002558, 0.002737, 0.003112, 0.003554, 0.003546, 0.003821, 0.002135, 0.002542, 0.002067, 0.003875, 0.002364, 0.002982, 0.002401, 0.002311, 0.00225, 0.00217, 0.002447, 0.002741, 0.00315, 0.003722, 0.003519, 0.002817, 0.003472, 0.002614, 0.003274, 0.002406, 0.002452, 0.002955, 0.002453, 0.002516, 0.002723, 0.002596, 0.002382, 0.00241, 0.002938, 0.002668, 0.003655, 0.002477, 0.002568, 0.002155, 0.002068, 0.002371, 0.002127, 0.002697, 0.002904, 0.002618, 0.003521, 0.002139, 0.001969, 0.001904, 0.001948, 0.003075, 0.002656, 0.002094, 0.002119, 0.002323, 0.002136, 0.002649, 0.002291, 0.00238, 0.00211, 0.002367, 0.002377, 0.003067, 0.002679, 0.003441, 0.002662, 0.003073, 0.002126, 0.002461, 0.002174, 0.002267, 0.003529, 0.003117, 0.001879, 0.004174, 0.003636, 0.002253, 0.003775, 0.003034, 0.002333, 0.002599, 0.003065, 0.002422, 0.002666, 0.002288, 0.002837, 0.002944, 0.002236, 0.002442, 0.003596, 0.003233, 0.003379, 0.002696, 0.002602, 0.001989, 0.002208, 0.002281, 0.002263, 0.002547, 0.002562], "segments": [], "threshold": 0.02, "stats": {"min": 0.0, "max": 0.004174, "mean": 0.002537}}