{"num_points": 92, "num_frames": 29, "magnitudes_raw": [0.0, 0.005385, 0.002689, 0.00444, 0.00544, 0.004115, 0.011078, 0.005482, 0.019287, 0.01603, 0.009679, 0.003277, 0.002771, 0.002797, 0.00228, 0.002904, 0.00222, 0.001788, 0.002628, 0.002517, 0.002762, 0.001609, 0.004844, 0.001885, 0.003069, 0.002996, 0.002818, 0.002303, 0.001637], "segments": [], "threshold": 0.02, "stats": {"min": 0.0, "max": 0.019287, "mean": 0.004508}}