{"num_points": 93, "num_frames": 32, "magnitudes_raw": [0.0, 0.002206, 0.001654, 0.003926, 0.00821, 0.004201, 0.002501, 0.00634, 0.015633, 0.006281, 0.00228, 0.005364, 0.005807, 0.010677, 0.003203, 0.003449, 0.006583, 0.008908, 0.008284, 0.003578, 0.005016, 0.010689, 0.004705, 0.002712, 0.002703, 0.00323, 0.006673, 0.004606, 0.002613, 0.004155, 0.005072, 0.003346], "segments": [], "threshold": 0.02, "stats": {"min": 0.0, "max": 0.015633, "mean": 0.005144}}