{"num_points": 150, "num_frames": 39, "magnitudes_raw": [0.0, 0.002153, 0.002818, 0.00236, 0.005535, 0.005005, 0.004059, 0.00427, 0.003699, 0.004333, 0.00788, 0.006984, 0.009904, 0.011508, 0.013625, 0.012259, 0.011207, 0.012082, 0.016706, 0.023147, 0.016557, 0.010344, 0.007678, 0.00419, 0.003566, 0.006199, 0.00556, 0.007635, 0.014612, 0.021917, 0.017111, 0.016398, 0.016039, 0.014233, 0.014536, 0.013036, 0.012829, 0.013105, 0.009067], "segments": [], "threshold": 0.02, "stats": {"min": 0.0, "max": 0.023147, "mean": 0.00985}}