{"num_points": 95, "num_frames": 64, "magnitudes_raw": [0.0, 0.001236, 0.001739, 0.001761, 0.001696, 0.001607, 0.00124, 0.002162, 0.00195, 0.009153, 0.00282, 0.010563, 0.010271, 0.007271, 0.003492, 0.005147, 0.019514, 0.020877, 0.003688, 0.002717, 0.003507, 0.002326, 0.003232, 0.003199, 0.009712, 0.031652, 0.018491, 0.016925, 0.02956, 0.022356, 0.025994, 0.026372, 0.015214, 0.00739, 0.011345, 0.022983, 0.015719, 0.002516, 0.00331, 0.003478, 0.002516, 0.003458, 0.003306, 0.00275, 0.005903, 0.002738, 0.007902, 0.014433, 0.005906, 0.003401, 0.002287, 0.00388, 0.004511, 0.005494, 0.006096, 0.00586, 0.005658, 0.003699, 0.008761, 0.009377, 0.052049, 0.137979, 0.274077, 0.002568], "segments": [{"start": 25, "end": 35, "num_frames": 11, "peak": 0.03165222680122553, "avg": 0.020753058379372948}], "threshold": 0.02, "stats": {"min": 0.0, "max": 0.274077, "mean": 0.014981}}