{"num_points": 95, "num_frames": 85, "magnitudes_raw": [0.0, 0.002029, 0.002283, 0.003445, 0.003384, 0.002895, 0.002529, 0.003207, 0.003418, 0.002856, 0.002372, 0.004895, 0.0114, 0.002372, 0.006162, 0.028675, 0.074818, 0.055024, 0.045668, 0.050108, 0.047112, 0.050562, 0.112766, 0.042049, 0.034987, 0.034037, 0.051316, 0.010565, 0.011687, 0.027068, 0.014454, 0.00534, 0.006639, 0.0043, 0.003049, 0.001861, 0.00261, 0.001524, 0.002431, 0.002653, 0.002376, 0.00345, 0.001939, 0.002378, 0.002473, 0.002774, 0.003899, 0.003846, 0.002597, 0.002183, 0.002854, 0.003612, 0.003178, 0.00446, 0.00324, 0.003241, 0.002738, 0.003605, 0.002942, 0.0023, 0.003194, 0.00217, 0.00197, 0.002073, 0.002527, 0.002051, 0.001786, 0.002203, 0.00205, 0.003348, 0.00303, 0.004742, 0.009818, 0.013366, 0.017947, 0.010051, 0.016494, 0.023473, 0.01255, 0.009675, 0.007874, 0.004077, 0.002911, 0.004072, 0.00281], "segments": [{"start": 15, "end": 29, "num_frames": 15, "peak": 0.11276645944571122, "avg": 0.04509627443176621}], "threshold": 0.02, "stats": {"min": 0.0, "max": 0.112766, "mean": 0.011775}}