{"num_points": 91, "num_frames": 195, "magnitudes_raw": [0.0, 0.001892, 0.001977, 0.001209, 0.002688, 0.003499, 0.001663, 0.002108, 0.003793, 0.002354, 0.001978, 0.001866, 0.004949, 0.003398, 0.00275, 0.003452, 0.005323, 0.003132, 0.005693, 0.003918, 0.002867, 0.006297, 0.002684, 0.003485, 0.004135, 0.008111, 0.00887, 0.169502, 0.00775, 0.011145, 0.004521, 0.008543, 0.007476, 0.004523, 0.009967, 0.012736, 0.013903, 0.006199, 0.018625, 0.013247, 0.015458, 0.027179, 0.006161, 0.006328, 0.007649, 0.006913, 0.005837, 0.009078, 0.007571, 0.018604, 0.048774, 0.003806, 0.011139, 0.028798, 0.010213, 0.004868, 0.003965, 0.003981, 0.014867, 0.017581, 0.01097, 0.010253, 0.008383, 0.00567, 0.011311, 0.009126, 0.005522, 0.010233, 0.014743, 0.008693, 0.014269, 0.012405, 0.01107, 0.033898, 0.018422, 0.008654, 0.004681, 0.00453, 0.005249, 0.004257, 0.003855, 0.004217, 0.003415, 0.003315, 0.002629, 0.001762, 0.002146, 0.002782, 0.002448, 0.005068, 0.006763, 0.007899, 0.009549, 0.002823, 0.002692, 0.004662, 0.004527, 0.025813, 0.012123, 0.022956, 0.203044, 0.010734, 0.0, 0.076243, 0.028777, 0.023691, 0.018308, 0.008691, 0.00671, 0.004585, 0.004166, 0.008214, 0.002456, 0.007192, 0.003803, 0.00222, 0.005386, 0.005267, 0.00694, 0.010043, 0.004534, 0.005109, 0.003408, 0.003457, 0.002838, 0.006422, 0.003685, 0.006586, 0.002157, 0.001874, 0.001981, 0.002838, 0.002955, 0.001995, 0.003026, 0.004863, 0.004669, 0.005566, 0.005487, 0.003187, 0.001836, 0.00185, 0.002069, 0.00192, 0.001741, 0.004532, 0.003268, 0.002254, 0.002782, 0.003334, 0.004747, 0.003423, 0.003986, 0.004, 0.00531, 0.004754, 0.004718, 0.003621, 0.003342, 0.00291, 0.00437, 0.00459, 0.017918, 0.086437, 0.036779, 0.029457, 0.070486, 0.059004, 0.061465, 0.013216, 0.014055, 0.013417, 0.031222, 0.039553, 0.019213, 0.011231, 0.004004, 0.007701, 0.008349, 0.004812, 0.005604, 0.029975, 0.026933, 0.124094, 0.129674, 0.03562, 0.045275, 0.04262, 0.061116, 0.051633, 0.058127, 0.020079, 0.00665, 0.005417, 0.011049], "segments": [{"start": 97, "end": 105, "num_frames": 9, "peak": 0.20304379256261662, "avg": 0.044820196744241134}, {"start": 163, "end": 173, "num_frames": 11, "peak": 0.08643693484583256, "avg": 0.04137186276272454}, {"start": 181, "end": 191, "num_frames": 11, "peak": 0.12967380192669098, "avg": 0.05683145591235352}], "threshold": 0.02, "stats": {"min": 0.0, "max": 0.203044, "mean": 0.01413}}