{"num_points": 95, "num_frames": 50, "magnitudes_raw": [0.0, 0.00199, 0.001801, 0.001729, 0.002246, 0.0021, 0.00228, 0.002149, 0.002144, 0.002175, 0.002339, 0.002274, 0.002286, 0.002018, 0.002141, 0.002397, 0.002223, 0.002302, 0.002003, 0.002195, 0.001668, 0.002154, 0.00248, 0.002067, 0.001834, 0.002373, 0.002169, 0.002089, 0.002276, 0.001931, 0.002209, 0.002268, 0.002397, 0.002531, 0.002558, 0.002245, 0.002321, 0.002564, 0.001758, 0.001994, 0.002048, 0.002042, 0.002135, 0.001856, 0.002233, 0.002129, 0.002065, 0.002367, 0.00192, 0.001987], "segments": [], "threshold": 0.02, "stats": {"min": 0.0, "max": 0.002564, "mean": 0.002109}}