{"num_points": 94, "num_frames": 116, "magnitudes_raw": [0.0, 0.00437, 0.002709, 0.002257, 0.002839, 0.003002, 0.005159, 0.007833, 0.007157, 0.009555, 0.009693, 0.010745, 0.016219, 0.009359, 0.019202, 0.005822, 0.002329, 0.002428, 0.005168, 0.002174, 0.00176, 0.002438, 0.002128, 0.00246, 0.001925, 0.003111, 0.004047, 0.002038, 0.002963, 0.002791, 0.006068, 0.001937, 0.003049, 0.002747, 0.003408, 0.004134, 0.003222, 0.00695, 0.007913, 0.003056, 0.002716, 0.004021, 0.003647, 0.002797, 0.005411, 0.002624, 0.002936, 0.003068, 0.002901, 0.003047, 0.004168, 0.004104, 0.003161, 0.00425, 0.002392, 0.003652, 0.004045, 0.002416, 0.002585, 0.004784, 0.002265, 0.002997, 0.001987, 0.002757, 0.002831, 0.00236, 0.001962, 0.002198, 0.001823, 0.004766, 0.005383, 0.004031, 0.005255, 0.003094, 0.005849, 0.002672, 0.002417, 0.004272, 0.003167, 0.004358, 0.005678, 0.002605, 0.006201, 0.00344, 0.0016, 0.002874, 0.011537, 0.014899, 0.017665, 0.005849, 0.024416, 0.024756, 0.027588, 0.020961, 0.013328, 0.011953, 0.009818, 0.017068, 0.009262, 0.009489, 0.015903, 0.007171, 0.008957, 0.007644, 0.008289, 0.008902, 0.005575, 0.007747, 0.006421, 0.004276, 0.006444, 0.003368, 0.003894, 0.002809, 0.004315, 0.003303], "segments": [], "threshold": 0.02, "stats": {"min": 0.0, "max": 0.027588, "mean": 0.005839}}