{"num_points": 95, "num_frames": 65, "magnitudes_raw": [0.0, 0.001553, 0.001753, 0.003126, 0.003984, 0.002712, 0.006737, 0.005292, 0.027273, 0.010737, 0.00829, 0.005924, 0.005218, 0.006546, 0.030286, 0.027637, 0.020862, 0.042272, 0.044985, 0.043929, 0.040522, 0.023823, 0.014164, 0.016397, 0.015904, 0.002814, 0.004572, 0.0, 0.0, 0.0, 0.0, 0.0, 0.0, 0.0, 0.0, 0.0, 0.0, 0.0, 0.0, 0.0, 0.0, 0.0, 0.0, 0.0, 0.0, 0.0, 0.0, 0.0, 0.0, 0.0, 0.0, 0.0, 0.0, 0.0, 0.0, 0.0, 0.0, 0.0, 0.0, 0.0, 0.0, 0.0, 0.0, 0.0, 0.0], "segments": [{"start": 14, "end": 21, "num_frames": 8, "peak": 0.04498538399770493, "avg": 0.03428947903526546}], "threshold": 0.02, "stats": {"min": 0.0, "max": 0.044985, "mean": 0.00642}}