{"num_points": 98, "num_frames": 74, "magnitudes_raw": [0.0, 0.002073, 0.002126, 0.001986, 0.002259, 0.003258, 0.002448, 0.003254, 0.003004, 0.002693, 0.002252, 0.003017, 0.002358, 0.002273, 0.002613, 0.00616, 0.004083, 0.004236, 0.002427, 0.002857, 0.003539, 0.006699, 0.005619, 0.006593, 0.003151, 0.005241, 0.002896, 0.00196, 0.002283, 0.002763, 0.002725, 0.002323, 0.001992, 0.002079, 0.002719, 0.005927, 0.003656, 0.00322, 0.002506, 0.00278, 0.002557, 0.003141, 0.003678, 0.003939, 0.003022, 0.002965, 0.00321, 0.002538, 0.002306, 0.00359, 0.003872, 0.002223, 0.002694, 0.007039, 0.014904, 0.016113, 0.031996, 0.047618, 0.014541, 0.044205, 0.029078, 0.007167, 0.008001, 0.00465, 0.007152, 0.006964, 0.003991, 0.004485, 0.004192, 0.003472, 0.004348, 0.003157, 0.004794, 0.004844], "segments": [], "threshold": 0.02, "stats": {"min": 0.0, "max": 0.047618, "mean": 0.005926}}