{"num_points": 97, "num_frames": 152, "magnitudes_raw": [0.0, 0.001911, 0.00226, 0.002759, 0.002383, 0.00379, 0.002564, 0.002853, 0.005626, 0.007105, 0.006932, 0.009811, 0.006248, 0.007697, 0.00558, 0.006316, 0.002616, 0.002391, 0.00258, 0.00218, 0.003023, 0.002957, 0.003949, 0.00376, 0.004543, 0.006513, 0.008848, 0.011003, 0.022372, 0.026712, 0.014829, 0.005403, 0.006183, 0.004963, 0.003857, 0.003879, 0.005119, 0.00774, 0.012948, 0.008714, 0.009655, 0.007618, 0.0049, 0.002642, 0.003039, 0.002753, 0.003612, 0.003245, 0.003167, 0.002802, 0.002694, 0.002209, 0.002302, 0.004078, 0.006443, 0.008109, 0.013881, 0.007513, 0.004559, 0.004285, 0.003396, 0.002827, 0.002996, 0.002774, 0.00238, 0.003856, 0.004322, 0.007447, 0.009307, 0.010302, 0.017544, 0.024294, 0.022675, 0.021022, 0.010249, 0.008142, 0.004834, 0.007459, 0.007025, 0.015238, 0.011099, 0.00692, 0.005459, 0.005035, 0.003069, 0.003354, 0.002449, 0.002934, 0.002455, 0.002428, 0.00247, 0.002383, 0.002355, 0.00281, 0.003688, 0.004943, 0.005227, 0.006031, 0.005538, 0.006992, 0.005095, 0.002423, 0.00293, 0.00339, 0.003078, 0.003453, 0.007893, 0.007758, 0.008417, 0.012634, 0.026259, 0.020816, 0.009789, 0.008933, 0.004515, 0.004438, 0.004728, 0.0083, 0.015179, 0.020903, 0.012062, 0.011368, 0.006916, 0.002435, 0.003889, 0.004117, 0.003007, 0.00375, 0.005217, 0.010717, 0.0091, 0.009269, 0.009653, 0.012562, 0.008056, 0.00475, 0.004847, 0.002219, 0.005363, 0.002554, 0.003743, 0.00369, 0.006541, 0.015986, 0.010166, 0.0065, 0.009612, 0.010875, 0.020505, 0.027978, 0.016512, 0.00452], "segments": [], "threshold": 0.02, "stats": {"min": 0.0, "max": 0.027978, "mean": 0.007076}}