{"num_points": 92, "num_frames": 44, "magnitudes_raw": [0.0, 0.001445, 0.001982, 0.002635, 0.002553, 0.002666, 0.003798, 0.002916, 0.002356, 0.003057, 0.003678, 0.002997, 0.003827, 0.00326, 0.002439, 0.002993, 0.005337, 0.002848, 0.002987, 0.003259, 0.002626, 0.002214, 0.002531, 0.002821, 0.002281, 0.002384, 0.001946, 0.002061, 0.002218, 0.002488, 0.003054, 0.003393, 0.002321, 0.002236, 0.00285, 0.003181, 0.002856, 0.003226, 0.002967, 0.002951, 0.003153, 0.002973, 0.004186, 0.00353], "segments": [], "threshold": 0.02, "stats": {"min": 0.0, "max": 0.005337, "mean": 0.002806}}