{"num_points": 99, "num_frames": 45, "magnitudes_raw": [0.0, 0.001587, 0.003515, 0.005337, 0.007955, 0.003185, 0.003008, 0.003215, 0.002392, 0.004297, 0.007037, 0.004778, 0.003677, 0.004829, 0.009872, 0.004663, 0.018848, 0.02814, 0.009772, 0.004709, 0.004176, 0.002848, 0.004073, 0.003449, 0.002263, 0.006164, 0.003944, 0.008257, 0.006505, 0.006504, 0.013023, 0.006057, 0.012235, 0.002824, 0.002658, 0.004092, 0.026349, 0.012491, 0.00417, 0.003057, 0.002382, 0.003067, 0.002455, 0.002225, 0.002399], "segments": [], "threshold": 0.02, "stats": {"min": 0.0, "max": 0.02814, "mean": 0.006188}}