{"num_points": 100, "num_frames": 86, "magnitudes_raw": [0.0, 0.002541, 0.002967, 0.003009, 0.002419, 0.003674, 0.002896, 0.00259, 0.006474, 0.00603, 0.002337, 0.003081, 0.002717, 0.005174, 0.004754, 0.002855, 0.003747, 0.004849, 0.005117, 0.0056, 0.00733, 0.007647, 0.008546, 0.009676, 0.010001, 0.014528, 0.013592, 0.032936, 0.054709, 0.065201, 0.100398, 0.0901, 0.081105, 0.110395, 0.102966, 0.076098, 0.059849, 0.045299, 0.025164, 0.008493, 0.006429, 0.006844, 0.009881, 0.00733, 0.011092, 0.010403, 0.014399, 0.016461, 0.013421, 0.019637, 0.037739, 0.066629, 0.073593, 0.030238, 0.024819, 0.019327, 0.006936, 0.010108, 0.013191, 0.009164, 0.006296, 0.008892, 0.034989, 0.016973, 0.022798, 0.052301, 0.031412, 0.02539, 0.023978, 0.0, 0.0, 0.0, 0.0, 0.0, 0.0, 0.0, 0.0, 0.0, 0.0, 0.0, 0.0, 0.0, 0.0, 0.0, 0.0, 0.0], "segments": [{"start": 27, "end": 38, "num_frames": 12, "peak": 0.1103954947766737, "avg": 0.07035164614405949}], "threshold": 0.02, "stats": {"min": 0.0, "max": 0.110395, "mean": 0.018925}}