{"num_points": 97, "num_frames": 152, "magnitudes_raw": [0.0, 0.001573, 0.001573, 0.001705, 0.002047, 0.002674, 0.001898, 0.00197, 0.001893, 0.002104, 0.002377, 0.001902, 0.001931, 0.002213, 0.002158, 0.002002, 0.002128, 0.002018, 0.002043, 0.002124, 0.00198, 0.002024, 0.001941, 0.002298, 0.00265, 0.002509, 0.002043, 0.001952, 0.001955, 0.002696, 0.002135, 0.002165, 0.002644, 0.002286, 0.002432, 0.00192, 0.002229, 0.002135, 0.002003, 0.002016, 0.002004, 0.002104, 0.002126, 0.001868, 0.002402, 0.001964, 0.001954, 0.002112, 0.001785, 0.002507, 0.002008, 0.002204, 0.00241, 0.002003, 0.001735, 0.001954, 0.002117, 0.002372, 0.001891, 0.001469, 0.001747, 0.001879, 0.002048, 0.002146, 0.002055, 0.001966, 0.002227, 0.002185, 0.003164, 0.002302, 0.002486, 0.003073, 0.002238, 0.002362, 0.004149, 0.004647, 0.004805, 0.003934, 0.00252, 0.001936, 0.001903, 0.00193, 0.001802, 0.001898, 0.001841, 0.001971, 0.00185, 0.001814, 0.00197, 0.002781, 0.002238, 0.002263, 0.001767, 0.00181, 0.002666, 0.001918, 0.002179, 0.002618, 0.002177, 0.001947, 0.002652, 0.001805, 0.001726, 0.001899, 0.002001, 0.003133, 0.002084, 0.002342, 0.00273, 0.002047, 0.001881, 0.002376, 0.001858, 0.002585, 0.002283, 0.002304, 0.001906, 0.001906, 0.002151, 0.0022, 0.00255, 0.002516, 0.001691, 0.002895, 0.001897, 0.002426, 0.002322, 0.002107, 0.002103, 0.002254, 0.002222, 0.002221, 0.002325, 0.002243, 0.001728, 0.001955, 0.001964, 0.002067, 0.001928, 0.001923, 0.002275, 0.003275, 0.002335, 0.002227, 0.002163, 0.003044, 0.002291, 0.002501, 0.002126, 0.002332, 0.001912, 0.001888], "segments": [], "threshold": 0.02, "stats": {"min": 0.0, "max": 0.004805, "mean": 0.002198}}