{"num_points": 61, "num_frames": 140, "magnitudes_raw": [0.0, 0.0, 0.0, 0.0, 0.0, 0.0, 0.0, 0.0, 0.0, 0.0, 0.0, 0.0, 0.0, 0.0, 0.0, 0.0, 0.0, 0.0, 0.0, 0.0, 0.0, 0.0, 0.0, 0.0, 0.0, 0.0, 0.0, 0.0, 0.0, 0.0, 0.0, 0.0, 0.0, 0.0, 0.0, 0.0486, 0.01533, 0.03178, 0.016643, 0.015297, 0.008307, 0.004583, 0.003742, 0.009695, 0.00755, 0.007348, 0.024678, 0.009899, 0.015652, 0.023791, 0.011225, 0.011, 0.001, 0.007874, 0.003606, 0.004359, 0.009274, 0.006164, 0.005385, 0.006164, 0.003162, 0.010344, 0.007071, 0.002236, 0.004899, 0.011358, 0.015067, 0.011576, 0.00728, 0.008124, 0.005099, 0.015, 0.00728, 0.020688, 0.008602, 0.008062, 0.005916, 0.0, 0.0, 0.0, 0.0, 0.0, 0.0, 0.0, 0.0, 0.0, 0.0, 0.0, 0.0, 0.0, 0.0, 0.0, 0.0, 0.0, 0.0, 0.0, 0.0, 0.0, 0.0, 0.0, 0.0, 0.0, 0.0, 0.037855, 0.145705, 0.062532, 0.072697, 0.17494, 0.129301, 0.068774, 0.028802, 0.063405, 0.048578, 0.039966, 0.017458, 0.023208, 0.018934, 0.01658, 0.039919, 0.032612, 0.031635, 0.021945, 0.018821, 0.024734, 0.023606, 0.049558, 0.018768, 0.013672, 0.073054, 0.028581, 0.027201, 0.078018, 0.034504, 0.023506, 0.025655, 0.019788, 0.025447, 0.027129, 0.021537, 0.017737], "segments": [{"start": 103, "end": 138, "num_frames": 36, "peak": 0.17493998748087503, "avg": 0.044678391852803166}], "threshold": 0.02, "stats": {"min": 0.0, "max": 0.17494, "mean": 0.014906}}