{"num_points": 98, "num_frames": 152, "magnitudes_raw": [0.0, 0.003191, 0.003237, 0.003662, 0.002741, 0.002343, 0.003921, 0.003186, 0.00979, 0.028003, 0.018655, 0.008105, 0.015577, 0.022649, 0.02632, 0.007814, 0.002287, 0.005063, 0.010494, 0.020318, 0.026479, 0.011337, 0.003623, 0.014185, 0.022555, 0.0145, 0.004244, 0.004467, 0.00992, 0.01161, 0.044998, 0.008238, 0.010409, 0.014312, 0.019571, 0.014623, 0.013318, 0.00671, 0.007169, 0.007923, 0.014997, 0.021366, 0.017553, 0.014623, 0.011846, 0.030851, 0.065412, 0.024725, 0.015738, 0.006557, 0.011383, 0.009059, 0.004256, 0.009293, 0.015586, 0.008641, 0.007152, 0.009086, 0.013779, 0.012425, 0.003317, 0.013076, 0.015434, 0.013421, 0.009324, 0.012075, 0.01498, 0.008187, 0.011256, 0.020582, 0.012136, 0.005923, 0.009906, 0.0278, 0.030786, 0.012795, 0.013768, 0.020459, 0.015728, 0.005866, 0.010596, 0.025671, 0.026144, 0.012992, 0.011624, 0.018603, 0.016928, 0.003712, 0.006444, 0.020671, 0.027432, 0.005616, 0.02797, 0.026061, 0.011372, 0.017755, 0.037856, 0.01779, 0.027661, 0.034794, 0.029574, 0.009612, 0.007838, 0.012916, 0.010619, 0.015951, 0.018713, 0.006162, 0.00688, 0.007407, 0.003022, 0.00566, 0.015686, 0.011165, 0.011117, 0.005519, 0.007553, 0.015313, 0.008169, 0.007986, 0.009931, 0.015172, 0.022317, 0.01342, 0.009099, 0.005847, 0.045519, 0.038876, 0.028964, 0.012211, 0.005158, 0.017924, 0.020321, 0.020942, 0.030644, 0.008035, 0.012845, 0.006244, 0.006854, 0.003341, 0.005418, 0.004424, 0.008074, 0.01645, 0.005421, 0.004537, 0.007537, 0.010287, 0.003137, 0.011512, 0.005682, 0.004927], "segments": [{"start": 9, "end": 24, "num_frames": 16, "peak": 0.02800270384515787, "avg": 0.015216437397745588}, {"start": 69, "end": 82, "num_frames": 14, "peak": 0.0307857558589368, "avg": 0.017011491297961652}, {"start": 89, "end": 100, "num_frames": 12, "peak": 0.03785641407927971, "avg": 0.02371272809796875}, {"start": 122, "end": 134, "num_frames": 13, "peak": 0.045519284109299875, "avg": 0.020864921398550666}], "threshold": 0.02, "stats": {"min": 0.0, "max": 0.065412, "mean": 0.013778}}