{"num_points": 90, "num_frames": 152, "magnitudes_raw": [0.0, 0.00185, 0.002332, 0.001865, 0.002694, 0.002526, 0.002379, 0.001847, 0.002231, 0.00257, 0.001855, 0.001805, 0.00266, 0.002641, 0.001962, 0.00489, 0.002085, 0.002135, 0.002192, 0.001965, 0.00168, 0.002305, 0.00175, 0.002147, 0.002309, 0.002087, 0.002035, 0.002146, 0.002015, 0.002226, 0.001694, 0.001757, 0.001938, 0.001976, 0.001961, 0.001771, 0.001892, 0.001995, 0.001661, 0.001959, 0.00219, 0.001873, 0.001895, 0.001559, 0.001518, 0.001795, 0.002307, 0.003272, 0.002353, 0.001993, 0.001713, 0.002997, 0.002085, 0.002082, 0.001954, 0.002318, 0.002186, 0.00193, 0.00263, 0.001689, 0.002011, 0.001919, 0.002263, 0.002189, 0.002357, 0.002446, 0.002453, 0.002144, 0.001828, 0.002061, 0.002267, 0.002001, 0.00224, 0.001585, 0.001939, 0.001964, 0.002137, 0.002172, 0.003093, 0.001543, 0.001373, 0.001581, 0.001492, 0.001817, 0.001925, 0.001488, 0.001634, 0.001682, 0.001965, 0.001871, 0.001727, 0.001976, 0.00219, 0.001638, 0.001934, 0.001994, 0.002154, 0.002311, 0.00188, 0.002507, 0.001974, 0.001784, 0.002119, 0.002125, 0.002196, 0.001777, 0.002114, 0.002191, 0.002045, 0.002041, 0.002289, 0.002588, 0.002918, 0.002729, 0.003541, 0.003361, 0.003433, 0.002575, 0.002511, 0.002446, 0.003215, 0.002451, 0.002076, 0.003002, 0.002806, 0.002424, 0.002082, 0.003155, 0.002229, 0.002413, 0.002199, 0.003415, 0.002429, 0.002561, 0.002634, 0.004438, 0.003745, 0.002258, 0.002059, 0.002721, 0.003008, 0.002503, 0.004033, 0.002335, 0.001977, 0.002393, 0.002532, 0.003984, 0.00216, 0.003764, 0.003081, 0.005135], "segments": [], "threshold": 0.02, "stats": {"min": 0.0, "max": 0.005135, "mean": 0.002275}}