{"num_points": 93, "num_frames": 152, "magnitudes_raw": [0.0, 0.002217, 0.002524, 0.002148, 0.002202, 0.002341, 0.00216, 0.001944, 0.001601, 0.001382, 0.001504, 0.002225, 0.001735, 0.001437, 0.001757, 0.001728, 0.001427, 0.002203, 0.002049, 0.00226, 0.001807, 0.002017, 0.002676, 0.001796, 0.00268, 0.001948, 0.003381, 0.00219, 0.002009, 0.002614, 0.002173, 0.004048, 0.002058, 0.003518, 0.001751, 0.001492, 0.001748, 0.001593, 0.002518, 0.001883, 0.00186, 0.001974, 0.001876, 0.002291, 0.001917, 0.001669, 0.001994, 0.001996, 0.002014, 0.001903, 0.001912, 0.001779, 0.00164, 0.001236, 0.001502, 0.001306, 0.001294, 0.002588, 0.002139, 0.002132, 0.001894, 0.00145, 0.001546, 0.002039, 0.001924, 0.002175, 0.00177, 0.001985, 0.002297, 0.002292, 0.001982, 0.001642, 0.002192, 0.004551, 0.002347, 0.00199, 0.001819, 0.002171, 0.002043, 0.002541, 0.001659, 0.001656, 0.002634, 0.002032, 0.002202, 0.001506, 0.001598, 0.002992, 0.00179, 0.002211, 0.002009, 0.001363, 0.002636, 0.002045, 0.001685, 0.001402, 0.001944, 0.001813, 0.002442, 0.002576, 0.002752, 0.00302, 0.001787, 0.002693, 0.001976, 0.00187, 0.001786, 0.0034, 0.002336, 0.002272, 0.002085, 0.002038, 0.002725, 0.003068, 0.001911, 0.002328, 0.002885, 0.002189, 0.002866, 0.001535, 0.003319, 0.008918, 0.0, 0.0, 0.0117, 0.00623, 0.007036, 0.006799, 0.003366, 0.002418, 0.003628, 0.001629, 0.002738, 0.001759, 0.001577, 0.001484, 0.001303, 0.001887, 0.001679, 0.003274, 0.001841, 0.001729, 0.002015, 0.002002, 0.003471, 0.002463, 0.001241, 0.001575, 0.002148, 0.001317, 0.00157, 0.001512], "segments": [], "threshold": 0.02, "stats": {"min": 0.0, "max": 0.0117, "mean": 0.002262}}