{"num_points": 86, "num_frames": 37, "magnitudes_raw": [0.0, 0.001841, 0.001834, 0.002205, 0.002206, 0.002223, 0.00272, 0.003175, 0.004674, 0.00831, 0.004323, 0.006656, 0.004407, 0.005356, 0.00444, 0.00437, 0.008572, 0.04285, 0.111342, 0.071825, 0.060818, 0.047577, 0.0287, 0.016543, 0.009615, 0.006347, 0.018184, 0.294556, 0.0, 0.0, 0.0, 0.0, 0.0, 0.0, 0.0, 0.0, 0.0], "segments": [{"start": 17, "end": 27, "num_frames": 11, "peak": 0.29455648100530446, "avg": 0.06439611120703309}], "threshold": 0.02, "stats": {"min": 0.0, "max": 0.294556, "mean": 0.020964}}